<?xml version="1.0"?>
<analysis xmlns="https://www.owasp.org/index.php/OWASP_Dependency_Check">
    <projectInfo>
        <name>batik</name>
        <reportDate>Feb 8, 2014 11:38:02 AM</reportDate>
        <credits>This report contains data retrieved from the National Vulnerability Database: http://nvd.nist.gov</credits>
    </projectInfo>
    <dependencies>
        <dependency>
            <fileName>batik-svggen.jar</fileName>
            <filePath>/home/bcraig/Documents/Thesis/Analysis/reports/batik/Source/batik-svggen.jar</filePath>
            <md5>86763F8397AD905AC985F5676DFC6817</md5>
            <sha1>16E4F40D2BB3269B39560C0E7C392757F2440038</sha1>
            <evidenceCollected>
                <evidence>
                    <source>file</source>
                    <name>name</name>
                    <value>batik-svggen</value>
                </evidence>
                <evidence>
                    <source>jar</source>
                    <name>package</name>
                    <value>apache</value>
                </evidence>
                <evidence>
                    <source>jar</source>
                    <name>package</name>
                    <value>batik</value>
                </evidence>
                <evidence>
                    <source>jar</source>
                    <name>package</name>
                    <value>svggen</value>
                </evidence>
                <evidence>
                    <source>jar</source>
                    <name>package name</name>
                    <value>apache</value>
                </evidence>
                <evidence>
                    <source>jar</source>
                    <name>package name</name>
                    <value>batik</value>
                </evidence>
                <evidence>
                    <source>Manifest</source>
                    <name>build-id</name>
                    <value>20080106-111140-EST (cam [Linux 2.6.22.8 i386, Java 1.4.2_12-b03])</value>
                </evidence>
                <evidence>
                    <source>Manifest</source>
                    <name>Implementation-Title</name>
                    <value>Batik SVG generator</value>
                </evidence>
                <evidence>
                    <source>Manifest</source>
                    <name>Implementation-Vendor</name>
                    <value>The Apache Software Foundation (http://xmlgraphics.apache.org/batik/)</value>
                </evidence>
            </evidenceCollected>
        </dependency>
        <dependency>
            <fileName>batik-xml.jar</fileName>
            <filePath>/home/bcraig/Documents/Thesis/Analysis/reports/batik/Source/batik-xml.jar</filePath>
            <md5>ED66953954A87AFC40EA1F12DE7CB207</md5>
            <sha1>D418DB95EADB9D9BD23E582871B3D24AFA2141D3</sha1>
            <evidenceCollected>
                <evidence>
                    <source>file</source>
                    <name>name</name>
                    <value>batik-xml</value>
                </evidence>
                <evidence>
                    <source>jar</source>
                    <name>package</name>
                    <value>apache</value>
                </evidence>
                <evidence>
                    <source>jar</source>
                    <name>package</name>
                    <value>batik</value>
                </evidence>
                <evidence>
                    <source>jar</source>
                    <name>package</name>
                    <value>xml</value>
                </evidence>
            </evidenceCollected>
        </dependency>
        <dependency>
            <fileName>batik-squiggle.jar</fileName>
            <filePath>/home/bcraig/Documents/Thesis/Analysis/reports/batik/Source/batik-squiggle.jar</filePath>
            <md5>715EBBAA913D886B514384FB89B9E932</md5>
            <sha1>79EBCB96B03C00E478D19EFAF936F6B1C0FAC927</sha1>
            <evidenceCollected>
                <evidence>
                    <source>file</source>
                    <name>name</name>
                    <value>batik-squiggle</value>
                </evidence>
                <evidence>
                    <source>jar</source>
                    <name>package</name>
                    <value>apache</value>
                </evidence>
                <evidence>
                    <source>jar</source>
                    <name>package</name>
                    <value>apps</value>
                </evidence>
                <evidence>
                    <source>jar</source>
                    <name>package</name>
                    <value>batik</value>
                </evidence>
                <evidence>
                    <source>jar</source>
                    <name>package</name>
                    <value>svgbrowser</value>
                </evidence>
                <evidence>
                    <source>jar</source>
                    <name>package name</name>
                    <value>apache</value>
                </evidence>
                <evidence>
                    <source>jar</source>
                    <name>package name</name>
                    <value>batik</value>
                </evidence>
                <evidence>
                    <source>Manifest</source>
                    <name>build-id</name>
                    <value>20080106-111140-EST (cam [Linux 2.6.22.8 i386, Java 1.4.2_12-b03])</value>
                </evidence>
                <evidence>
                    <source>Manifest</source>
                    <name>Implementation-Title</name>
                    <value>Batik Squiggle SVG browser</value>
                </evidence>
                <evidence>
                    <source>Manifest</source>
                    <name>Implementation-Vendor</name>
                    <value>The Apache Software Foundation (http://xmlgraphics.apache.org/batik/)</value>
                </evidence>
            </evidenceCollected>
        </dependency>
        <dependency>
            <fileName>batik-svg-dom.jar</fileName>
            <filePath>/home/bcraig/Documents/Thesis/Analysis/reports/batik/Source/batik-svg-dom.jar</filePath>
            <md5>6FC5DABD84A8778289AC99E382AFF248</md5>
            <sha1>DD1F3AEA5F2781FA46CF7533A6DA84F79CB89F16</sha1>
            <evidenceCollected>
                <evidence>
                    <source>file</source>
                    <name>name</name>
                    <value>batik-svg-dom</value>
                </evidence>
                <evidence>
                    <source>jar</source>
                    <name>package</name>
                    <value>apache</value>
                </evidence>
                <evidence>
                    <source>jar</source>
                    <name>package</name>
                    <value>batik</value>
                </evidence>
                <evidence>
                    <source>jar</source>
                    <name>package</name>
                    <value>dom</value>
                </evidence>
                <evidence>
                    <source>jar</source>
                    <name>package</name>
                    <value>svg</value>
                </evidence>
            </evidenceCollected>
        </dependency>
        <dependency>
            <fileName>batik-gui-util.jar</fileName>
            <filePath>/home/bcraig/Documents/Thesis/Analysis/reports/batik/Source/batik-gui-util.jar</filePath>
            <md5>CCB5BD65A89FC934FEE97FA73C0AE4EF</md5>
            <sha1>EB117E307296908359909E661D37F19E6C15F4A1</sha1>
            <evidenceCollected>
                <evidence>
                    <source>file</source>
                    <name>name</name>
                    <value>batik-gui-util</value>
                </evidence>
                <evidence>
                    <source>jar</source>
                    <name>package</name>
                    <value>apache</value>
                </evidence>
                <evidence>
                    <source>jar</source>
                    <name>package</name>
                    <value>batik</value>
                </evidence>
                <evidence>
                    <source>jar</source>
                    <name>package</name>
                    <value>gui</value>
                </evidence>
                <evidence>
                    <source>jar</source>
                    <name>package</name>
                    <value>util</value>
                </evidence>
                <evidence>
                    <source>jar</source>
                    <name>package name</name>
                    <value>apache</value>
                </evidence>
                <evidence>
                    <source>jar</source>
                    <name>package name</name>
                    <value>batik</value>
                </evidence>
                <evidence>
                    <source>jar</source>
                    <name>package name</name>
                    <value>gui</value>
                </evidence>
                <evidence>
                    <source>jar</source>
                    <name>package name</name>
                    <value>util</value>
                </evidence>
                <evidence>
                    <source>Manifest</source>
                    <name>build-id</name>
                    <value>2.6.22.8</value>
                </evidence>
                <evidence>
                    <source>Manifest</source>
                    <name>build-id</name>
                    <value>20080106-111140-EST (cam [Linux 2.6.22.8 i386, Java 1.4.2_12-b03])</value>
                </evidence>
                <evidence>
                    <source>Manifest</source>
                    <name>Implementation-Title</name>
                    <value>Batik GUI utility library</value>
                </evidence>
                <evidence>
                    <source>Manifest</source>
                    <name>Implementation-Vendor</name>
                    <value>The Apache Software Foundation (http://xmlgraphics.apache.org/batik/)</value>
                </evidence>
                <evidence>
                    <source>Manifest</source>
                    <name>Implementation-Version</name>
                    <value>1.7+r608262</value>
                </evidence>
            </evidenceCollected>
            <identifiers>
                <identifier type="cpe">
                    <name>(cpe:/a:linux:util-linux:1.7)</name>
                </identifier>
            </identifiers>
            <vulnerabilities>
                <vulnerability>
                    <name>CVE-2011-1677</name>
                    <cvssScore>4.6</cvssScore>
                    <severity>Medium</severity>
                    <cwe>CWE-16 Configuration</cwe>
                    <description>mount in util-linux 2.19 and earlier does not remove the /etc/mtab~ lock file after a failed attempt to add a mount entry, which has unspecified impact and local attack vectors.</description>
                    <references>
                        <reference>
                            <source>MISC</source>
                            <url>https://bugzilla.redhat.com/show_bug.cgi?id=688980</url>
                            <name>https://bugzilla.redhat.com/show_bug.cgi?id=688980</name>
                        </reference>
                        <reference>
                            <source>MLIST</source>
                            <url>http://openwall.com/lists/oss-security/2011/03/04/11</url>
                            <name>[oss-security] 20110303 Re: Suid mount helpers fail to anticipate RLIMIT_FSIZE</name>
                        </reference>
                        <reference>
                            <source>MLIST</source>
                            <url>http://openwall.com/lists/oss-security/2011/03/04/9</url>
                            <name>[oss-security] 20110303 Suid mount helpers fail to anticipate RLIMIT_FSIZE</name>
                        </reference>
                        <reference>
                            <source>MLIST</source>
                            <url>http://openwall.com/lists/oss-security/2011/03/04/10</url>
                            <name>[oss-security] 20110304 Re: Suid mount helpers fail to anticipate RLIMIT_FSIZE</name>
                        </reference>
                        <reference>
                            <source>MLIST</source>
                            <url>http://openwall.com/lists/oss-security/2011/03/04/12</url>
                            <name>[oss-security] 20110304 Re: Suid mount helpers fail to anticipate RLIMIT_FSIZE</name>
                        </reference>
                        <reference>
                            <source>MLIST</source>
                            <url>http://openwall.com/lists/oss-security/2011/03/05/3</url>
                            <name>[oss-security] 20110305 Re: Suid mount helpers fail to anticipate RLIMIT_FSIZE</name>
                        </reference>
                        <reference>
                            <source>MLIST</source>
                            <url>http://openwall.com/lists/oss-security/2011/03/05/7</url>
                            <name>[oss-security] 20110305 Re: Suid mount helpers fail to anticipate RLIMIT_FSIZE</name>
                        </reference>
                        <reference>
                            <source>MLIST</source>
                            <url>http://openwall.com/lists/oss-security/2011/03/07/9</url>
                            <name>[oss-security] 20110307 Re: Suid mount helpers fail to anticipate RLIMIT_FSIZE</name>
                        </reference>
                        <reference>
                            <source>MLIST</source>
                            <url>http://openwall.com/lists/oss-security/2011/03/14/16</url>
                            <name>[oss-security] 20110314 Re: Suid mount helpers fail to anticipate RLIMIT_FSIZE</name>
                        </reference>
                        <reference>
                            <source>MLIST</source>
                            <url>http://openwall.com/lists/oss-security/2011/03/14/5</url>
                            <name>[oss-security] 20110314 Re: Suid mount helpers fail to anticipate RLIMIT_FSIZE</name>
                        </reference>
                        <reference>
                            <source>MLIST</source>
                            <url>http://openwall.com/lists/oss-security/2011/03/14/7</url>
                            <name>[oss-security] 20110314 Re: Suid mount helpers fail to anticipate RLIMIT_FSIZE</name>
                        </reference>
                        <reference>
                            <source>MLIST</source>
                            <url>http://openwall.com/lists/oss-security/2011/03/15/6</url>
                            <name>[oss-security] 20110315 Re: Suid mount helpers fail to anticipate RLIMIT_FSIZE</name>
                        </reference>
                        <reference>
                            <source>MLIST</source>
                            <url>http://openwall.com/lists/oss-security/2011/03/22/4</url>
                            <name>[oss-security] 20110322 Re: Suid mount helpers fail to anticipate RLIMIT_FSIZE</name>
                        </reference>
                        <reference>
                            <source>MLIST</source>
                            <url>http://openwall.com/lists/oss-security/2011/03/22/6</url>
                            <name>[oss-security] 20110322 Re: Suid mount helpers fail to anticipate RLIMIT_FSIZE</name>
                        </reference>
                        <reference>
                            <source>MLIST</source>
                            <url>http://openwall.com/lists/oss-security/2011/03/31/3</url>
                            <name>[oss-security] 20110331 Re: Suid mount helpers fail to anticipate RLIMIT_FSIZE</name>
                        </reference>
                        <reference>
                            <source>MLIST</source>
                            <url>http://openwall.com/lists/oss-security/2011/03/31/4</url>
                            <name>[oss-security] 20110331 Re: Suid mount helpers fail to anticipate RLIMIT_FSIZE</name>
                        </reference>
                        <reference>
                            <source>MLIST</source>
                            <url>http://openwall.com/lists/oss-security/2011/04/01/2</url>
                            <name>[oss-security] 20110401 Re: Suid mount helpers fail to anticipate RLIMIT_FSIZE</name>
                        </reference>
                        <reference>
                            <source>REDHAT</source>
                            <url>http://www.redhat.com/support/errata/RHSA-2011-1691.html</url>
                            <name>RHSA-2011:1691</name>
                        </reference>
                        <reference>
                            <source>XF</source>
                            <url>http://xforce.iss.net/xforce/xfdb/66703</url>
                            <name>utillinux-mount-unspecified(66703)</name>
                        </reference>
                    </references>
                    <vulnerableSoftware>
                        <software>cpe:/a:linux:util-linux:2.2</software>
                        <software>cpe:/a:linux:util-linux:2.5</software>
                        <software>cpe:/a:linux:util-linux:2.7</software>
                        <software>cpe:/a:linux:util-linux:2.8</software>
                        <software>cpe:/a:linux:util-linux:2.9</software>
                        <software>cpe:/a:linux:util-linux:2.10</software>
                        <software>cpe:/a:linux:util-linux:2.11</software>
                        <software>cpe:/a:linux:util-linux:2.12</software>
                        <software>cpe:/a:linux:util-linux:2.12:pre</software>
                        <software>cpe:/a:linux:util-linux:2.13</software>
                        <software>cpe:/a:linux:util-linux:2.13:pre</software>
                        <software>cpe:/a:linux:util-linux:2.14</software>
                        <software>cpe:/a:linux:util-linux:2.15</software>
                        <software>cpe:/a:linux:util-linux:2.16</software>
                        <software>cpe:/a:linux:util-linux:2.17</software>
                        <software>cpe:/a:linux:util-linux:2.18</software>
                        <software allPreviousVersion="true">cpe:/a:linux:util-linux:2.19</software>
                    </vulnerableSoftware>
                </vulnerability>
                <vulnerability>
                    <name>CVE-2011-1676</name>
                    <cvssScore>3.3</cvssScore>
                    <severity>Low</severity>
                    <cwe>CWE-264 Permissions, Privileges, and Access Controls</cwe>
                    <description>mount in util-linux 2.19 and earlier does not remove the /etc/mtab.tmp file after a failed attempt to add a mount entry, which allows local users to trigger corruption of the /etc/mtab file via multiple invocations.</description>
                    <references>
                        <reference>
                            <source>MISC</source>
                            <url>https://bugzilla.redhat.com/show_bug.cgi?id=688980</url>
                            <name>https://bugzilla.redhat.com/show_bug.cgi?id=688980</name>
                        </reference>
                        <reference>
                            <source>MLIST</source>
                            <url>http://openwall.com/lists/oss-security/2011/03/04/11</url>
                            <name>[oss-security] 20110303 Re: Suid mount helpers fail to anticipate RLIMIT_FSIZE</name>
                        </reference>
                        <reference>
                            <source>MLIST</source>
                            <url>http://openwall.com/lists/oss-security/2011/03/04/9</url>
                            <name>[oss-security] 20110303 Suid mount helpers fail to anticipate RLIMIT_FSIZE</name>
                        </reference>
                        <reference>
                            <source>MLIST</source>
                            <url>http://openwall.com/lists/oss-security/2011/03/04/10</url>
                            <name>[oss-security] 20110304 Re: Suid mount helpers fail to anticipate RLIMIT_FSIZE</name>
                        </reference>
                        <reference>
                            <source>MLIST</source>
                            <url>http://openwall.com/lists/oss-security/2011/03/04/12</url>
                            <name>[oss-security] 20110304 Re: Suid mount helpers fail to anticipate RLIMIT_FSIZE</name>
                        </reference>
                        <reference>
                            <source>MLIST</source>
                            <url>http://openwall.com/lists/oss-security/2011/03/05/3</url>
                            <name>[oss-security] 20110305 Re: Suid mount helpers fail to anticipate RLIMIT_FSIZE</name>
                        </reference>
                        <reference>
                            <source>MLIST</source>
                            <url>http://openwall.com/lists/oss-security/2011/03/05/7</url>
                            <name>[oss-security] 20110305 Re: Suid mount helpers fail to anticipate RLIMIT_FSIZE</name>
                        </reference>
                        <reference>
                            <source>MLIST</source>
                            <url>http://openwall.com/lists/oss-security/2011/03/07/9</url>
                            <name>[oss-security] 20110307 Re: Suid mount helpers fail to anticipate RLIMIT_FSIZE</name>
                        </reference>
                        <reference>
                            <source>MLIST</source>
                            <url>http://openwall.com/lists/oss-security/2011/03/14/16</url>
                            <name>[oss-security] 20110314 Re: Suid mount helpers fail to anticipate RLIMIT_FSIZE</name>
                        </reference>
                        <reference>
                            <source>MLIST</source>
                            <url>http://openwall.com/lists/oss-security/2011/03/14/5</url>
                            <name>[oss-security] 20110314 Re: Suid mount helpers fail to anticipate RLIMIT_FSIZE</name>
                        </reference>
                        <reference>
                            <source>MLIST</source>
                            <url>http://openwall.com/lists/oss-security/2011/03/14/7</url>
                            <name>[oss-security] 20110314 Re: Suid mount helpers fail to anticipate RLIMIT_FSIZE</name>
                        </reference>
                        <reference>
                            <source>MLIST</source>
                            <url>http://openwall.com/lists/oss-security/2011/03/15/6</url>
                            <name>[oss-security] 20110315 Re: Suid mount helpers fail to anticipate RLIMIT_FSIZE</name>
                        </reference>
                        <reference>
                            <source>MLIST</source>
                            <url>http://openwall.com/lists/oss-security/2011/03/22/4</url>
                            <name>[oss-security] 20110322 Re: Suid mount helpers fail to anticipate RLIMIT_FSIZE</name>
                        </reference>
                        <reference>
                            <source>MLIST</source>
                            <url>http://openwall.com/lists/oss-security/2011/03/22/6</url>
                            <name>[oss-security] 20110322 Re: Suid mount helpers fail to anticipate RLIMIT_FSIZE</name>
                        </reference>
                        <reference>
                            <source>MLIST</source>
                            <url>http://openwall.com/lists/oss-security/2011/03/31/3</url>
                            <name>[oss-security] 20110331 Re: Suid mount helpers fail to anticipate RLIMIT_FSIZE</name>
                        </reference>
                        <reference>
                            <source>MLIST</source>
                            <url>http://openwall.com/lists/oss-security/2011/03/31/4</url>
                            <name>[oss-security] 20110331 Re: Suid mount helpers fail to anticipate RLIMIT_FSIZE</name>
                        </reference>
                        <reference>
                            <source>MLIST</source>
                            <url>http://openwall.com/lists/oss-security/2011/04/01/2</url>
                            <name>[oss-security] 20110401 Re: Suid mount helpers fail to anticipate RLIMIT_FSIZE</name>
                        </reference>
                        <reference>
                            <source>XF</source>
                            <url>http://xforce.iss.net/xforce/xfdb/66704</url>
                            <name>utillinux-mount-sec-bypass(66704)</name>
                        </reference>
                    </references>
                    <vulnerableSoftware>
                        <software>cpe:/a:linux:util-linux:2.2</software>
                        <software>cpe:/a:linux:util-linux:2.5</software>
                        <software>cpe:/a:linux:util-linux:2.7</software>
                        <software>cpe:/a:linux:util-linux:2.8</software>
                        <software>cpe:/a:linux:util-linux:2.9</software>
                        <software>cpe:/a:linux:util-linux:2.10</software>
                        <software>cpe:/a:linux:util-linux:2.11</software>
                        <software>cpe:/a:linux:util-linux:2.12</software>
                        <software>cpe:/a:linux:util-linux:2.12:pre</software>
                        <software>cpe:/a:linux:util-linux:2.13</software>
                        <software>cpe:/a:linux:util-linux:2.13:pre</software>
                        <software>cpe:/a:linux:util-linux:2.14</software>
                        <software>cpe:/a:linux:util-linux:2.15</software>
                        <software>cpe:/a:linux:util-linux:2.16</software>
                        <software>cpe:/a:linux:util-linux:2.17</software>
                        <software>cpe:/a:linux:util-linux:2.18</software>
                        <software allPreviousVersion="true">cpe:/a:linux:util-linux:2.19</software>
                    </vulnerableSoftware>
                </vulnerability>
                <vulnerability>
                    <name>CVE-2011-1675</name>
                    <cvssScore>3.3</cvssScore>
                    <severity>Low</severity>
                    <cwe>CWE-16 Configuration</cwe>
                    <description>mount in util-linux 2.19 and earlier attempts to append to the /etc/mtab.tmp file without first checking whether resource limits would interfere, which allows local users to trigger corruption of the /etc/mtab file via a process with a small RLIMIT_FSIZE value, a related issue to CVE-2011-1089.</description>
                    <references>
                        <reference>
                            <source>MISC</source>
                            <url>https://bugzilla.redhat.com/show_bug.cgi?id=688980</url>
                            <name>https://bugzilla.redhat.com/show_bug.cgi?id=688980</name>
                        </reference>
                        <reference>
                            <source>MLIST</source>
                            <url>http://openwall.com/lists/oss-security/2011/03/04/11</url>
                            <name>[oss-security] 20110303 Re: Suid mount helpers fail to anticipate RLIMIT_FSIZE</name>
                        </reference>
                        <reference>
                            <source>MLIST</source>
                            <url>http://openwall.com/lists/oss-security/2011/03/04/9</url>
                            <name>[oss-security] 20110303 Suid mount helpers fail to anticipate RLIMIT_FSIZE</name>
                        </reference>
                        <reference>
                            <source>MLIST</source>
                            <url>http://openwall.com/lists/oss-security/2011/03/04/10</url>
                            <name>[oss-security] 20110304 Re: Suid mount helpers fail to anticipate RLIMIT_FSIZE</name>
                        </reference>
                        <reference>
                            <source>MLIST</source>
                            <url>http://openwall.com/lists/oss-security/2011/03/04/12</url>
                            <name>[oss-security] 20110304 Re: Suid mount helpers fail to anticipate RLIMIT_FSIZE</name>
                        </reference>
                        <reference>
                            <source>MLIST</source>
                            <url>http://openwall.com/lists/oss-security/2011/03/05/3</url>
                            <name>[oss-security] 20110305 Re: Suid mount helpers fail to anticipate RLIMIT_FSIZE</name>
                        </reference>
                        <reference>
                            <source>MLIST</source>
                            <url>http://openwall.com/lists/oss-security/2011/03/05/7</url>
                            <name>[oss-security] 20110305 Re: Suid mount helpers fail to anticipate RLIMIT_FSIZE</name>
                        </reference>
                        <reference>
                            <source>MLIST</source>
                            <url>http://openwall.com/lists/oss-security/2011/03/07/9</url>
                            <name>[oss-security] 20110307 Re: Suid mount helpers fail to anticipate RLIMIT_FSIZE</name>
                        </reference>
                        <reference>
                            <source>MLIST</source>
                            <url>http://openwall.com/lists/oss-security/2011/03/14/16</url>
                            <name>[oss-security] 20110314 Re: Suid mount helpers fail to anticipate RLIMIT_FSIZE</name>
                        </reference>
                        <reference>
                            <source>MLIST</source>
                            <url>http://openwall.com/lists/oss-security/2011/03/14/5</url>
                            <name>[oss-security] 20110314 Re: Suid mount helpers fail to anticipate RLIMIT_FSIZE</name>
                        </reference>
                        <reference>
                            <source>MLIST</source>
                            <url>http://openwall.com/lists/oss-security/2011/03/14/7</url>
                            <name>[oss-security] 20110314 Re: Suid mount helpers fail to anticipate RLIMIT_FSIZE</name>
                        </reference>
                        <reference>
                            <source>MLIST</source>
                            <url>http://openwall.com/lists/oss-security/2011/03/15/6</url>
                            <name>[oss-security] 20110315 Re: Suid mount helpers fail to anticipate RLIMIT_FSIZE</name>
                        </reference>
                        <reference>
                            <source>MLIST</source>
                            <url>http://openwall.com/lists/oss-security/2011/03/22/4</url>
                            <name>[oss-security] 20110322 Re: Suid mount helpers fail to anticipate RLIMIT_FSIZE</name>
                        </reference>
                        <reference>
                            <source>MLIST</source>
                            <url>http://openwall.com/lists/oss-security/2011/03/22/6</url>
                            <name>[oss-security] 20110322 Re: Suid mount helpers fail to anticipate RLIMIT_FSIZE</name>
                        </reference>
                        <reference>
                            <source>MLIST</source>
                            <url>http://openwall.com/lists/oss-security/2011/03/31/3</url>
                            <name>[oss-security] 20110331 Re: Suid mount helpers fail to anticipate RLIMIT_FSIZE</name>
                        </reference>
                        <reference>
                            <source>MLIST</source>
                            <url>http://openwall.com/lists/oss-security/2011/03/31/4</url>
                            <name>[oss-security] 20110331 Re: Suid mount helpers fail to anticipate RLIMIT_FSIZE</name>
                        </reference>
                        <reference>
                            <source>MLIST</source>
                            <url>http://openwall.com/lists/oss-security/2011/04/01/2</url>
                            <name>[oss-security] 20110401 Re: Suid mount helpers fail to anticipate RLIMIT_FSIZE</name>
                        </reference>
                        <reference>
                            <source>REDHAT</source>
                            <url>http://www.redhat.com/support/errata/RHSA-2011-1691.html</url>
                            <name>RHSA-2011:1691</name>
                        </reference>
                        <reference>
                            <source>XF</source>
                            <url>http://xforce.iss.net/xforce/xfdb/66705</url>
                            <name>utillinux-mtab-security-bypass(66705)</name>
                        </reference>
                    </references>
                    <vulnerableSoftware>
                        <software>cpe:/a:linux:util-linux:2.2</software>
                        <software>cpe:/a:linux:util-linux:2.5</software>
                        <software>cpe:/a:linux:util-linux:2.7</software>
                        <software>cpe:/a:linux:util-linux:2.8</software>
                        <software>cpe:/a:linux:util-linux:2.9</software>
                        <software>cpe:/a:linux:util-linux:2.10</software>
                        <software>cpe:/a:linux:util-linux:2.11</software>
                        <software>cpe:/a:linux:util-linux:2.12</software>
                        <software>cpe:/a:linux:util-linux:2.12:pre</software>
                        <software>cpe:/a:linux:util-linux:2.13</software>
                        <software>cpe:/a:linux:util-linux:2.13:pre</software>
                        <software>cpe:/a:linux:util-linux:2.14</software>
                        <software>cpe:/a:linux:util-linux:2.15</software>
                        <software>cpe:/a:linux:util-linux:2.16</software>
                        <software>cpe:/a:linux:util-linux:2.17</software>
                        <software>cpe:/a:linux:util-linux:2.18</software>
                        <software allPreviousVersion="true">cpe:/a:linux:util-linux:2.19</software>
                    </vulnerableSoftware>
                </vulnerability>
            </vulnerabilities>
        </dependency>
        <dependency>
            <fileName>batik-rasterizer.jar</fileName>
            <filePath>/home/bcraig/Documents/Thesis/Analysis/reports/batik/Source/batik-rasterizer.jar</filePath>
            <md5>56A729944C3E9AFBD8C6B6FCF412166A</md5>
            <sha1>9A68EF06C8837907F2C72FAC8E2859037F6E6463</sha1>
            <evidenceCollected>
                <evidence>
                    <source>file</source>
                    <name>name</name>
                    <value>batik-rasterizer</value>
                </evidence>
                <evidence>
                    <source>jar</source>
                    <name>package</name>
                    <value>apache</value>
                </evidence>
                <evidence>
                    <source>jar</source>
                    <name>package</name>
                    <value>apps</value>
                </evidence>
                <evidence>
                    <source>jar</source>
                    <name>package</name>
                    <value>batik</value>
                </evidence>
                <evidence>
                    <source>jar</source>
                    <name>package</name>
                    <value>rasterizer</value>
                </evidence>
                <evidence>
                    <source>jar</source>
                    <name>package name</name>
                    <value>apache</value>
                </evidence>
                <evidence>
                    <source>jar</source>
                    <name>package name</name>
                    <value>batik</value>
                </evidence>
                <evidence>
                    <source>jar</source>
                    <name>package name</name>
                    <value>rasterizer</value>
                </evidence>
                <evidence>
                    <source>Manifest</source>
                    <name>build-id</name>
                    <value>20080106-111140-EST (cam [Linux 2.6.22.8 i386, Java 1.4.2_12-b03])</value>
                </evidence>
                <evidence>
                    <source>Manifest</source>
                    <name>Implementation-Title</name>
                    <value>Batik SVG rasterizer</value>
                </evidence>
                <evidence>
                    <source>Manifest</source>
                    <name>Implementation-Vendor</name>
                    <value>The Apache Software Foundation (http://xmlgraphics.apache.org/batik/)</value>
                </evidence>
            </evidenceCollected>
        </dependency>
        <dependency>
            <fileName>batik-parser.jar</fileName>
            <filePath>/home/bcraig/Documents/Thesis/Analysis/reports/batik/Source/batik-parser.jar</filePath>
            <md5>5B215E468246FA397A9B1D7549BB0FA9</md5>
            <sha1>E1FAA47343154780BE2141DC8E0FC25C0778DF30</sha1>
            <evidenceCollected>
                <evidence>
                    <source>file</source>
                    <name>name</name>
                    <value>batik-parser</value>
                </evidence>
                <evidence>
                    <source>jar</source>
                    <name>package</name>
                    <value>apache</value>
                </evidence>
                <evidence>
                    <source>jar</source>
                    <name>package</name>
                    <value>batik</value>
                </evidence>
                <evidence>
                    <source>jar</source>
                    <name>package</name>
                    <value>parser</value>
                </evidence>
            </evidenceCollected>
        </dependency>
        <dependency>
            <fileName>batik-squiggle-ext.jar</fileName>
            <filePath>/home/bcraig/Documents/Thesis/Analysis/reports/batik/Source/batik-squiggle-ext.jar</filePath>
            <md5>F2E0D9B236A25AA3E33F2964A6C97224</md5>
            <sha1>B70B7AD52F143E327547F17E919569E72EEF4AC1</sha1>
            <evidenceCollected>
                <evidence>
                    <source>file</source>
                    <name>name</name>
                    <value>batik-squiggle-ext</value>
                </evidence>
                <evidence>
                    <source>Manifest</source>
                    <name>build-id</name>
                    <value>20080106-111140-EST (cam [Linux 2.6.22.8 i386, Java 1.4.2_12-b03])</value>
                </evidence>
                <evidence>
                    <source>Manifest</source>
                    <name>Implementation-Title</name>
                    <value>Batik Squiggle SVG browser with extensions</value>
                </evidence>
                <evidence>
                    <source>Manifest</source>
                    <name>Implementation-Vendor</name>
                    <value>The Apache Software Foundation (http://xmlgraphics.apache.org/batik/)</value>
                </evidence>
            </evidenceCollected>
        </dependency>
        <dependency>
            <fileName>batik-rasterizer-ext.jar</fileName>
            <filePath>/home/bcraig/Documents/Thesis/Analysis/reports/batik/Source/batik-rasterizer-ext.jar</filePath>
            <md5>9C2B97D250CDB7C2C801B97B7E1DF49E</md5>
            <sha1>AEF0F401330F224966C2D296F0AF9A04F8188630</sha1>
            <evidenceCollected>
                <evidence>
                    <source>file</source>
                    <name>name</name>
                    <value>batik-rasterizer-ext</value>
                </evidence>
                <evidence>
                    <source>Manifest</source>
                    <name>build-id</name>
                    <value>20080106-111140-EST (cam [Linux 2.6.22.8 i386, Java 1.4.2_12-b03])</value>
                </evidence>
                <evidence>
                    <source>Manifest</source>
                    <name>Implementation-Title</name>
                    <value>Batik SVG rasterizer with extensions</value>
                </evidence>
                <evidence>
                    <source>Manifest</source>
                    <name>Implementation-Vendor</name>
                    <value>The Apache Software Foundation (http://xmlgraphics.apache.org/batik/)</value>
                </evidence>
            </evidenceCollected>
        </dependency>
        <dependency>
            <fileName>batik-svgpp.jar</fileName>
            <filePath>/home/bcraig/Documents/Thesis/Analysis/reports/batik/Source/batik-svgpp.jar</filePath>
            <md5>9146AE08059647376495D34C078815AD</md5>
            <sha1>B21629FD0B4C9AEF332F41E2EE39DCCB6170DD86</sha1>
            <evidenceCollected>
                <evidence>
                    <source>file</source>
                    <name>name</name>
                    <value>batik-svgpp</value>
                </evidence>
                <evidence>
                    <source>jar</source>
                    <name>package</name>
                    <value>apache</value>
                </evidence>
                <evidence>
                    <source>jar</source>
                    <name>package</name>
                    <value>apps</value>
                </evidence>
                <evidence>
                    <source>jar</source>
                    <name>package</name>
                    <value>batik</value>
                </evidence>
                <evidence>
                    <source>jar</source>
                    <name>package</name>
                    <value>svgpp</value>
                </evidence>
                <evidence>
                    <source>jar</source>
                    <name>package name</name>
                    <value>apache</value>
                </evidence>
                <evidence>
                    <source>jar</source>
                    <name>package name</name>
                    <value>batik</value>
                </evidence>
                <evidence>
                    <source>Manifest</source>
                    <name>build-id</name>
                    <value>20080106-111140-EST (cam [Linux 2.6.22.8 i386, Java 1.4.2_12-b03])</value>
                </evidence>
                <evidence>
                    <source>Manifest</source>
                    <name>Implementation-Title</name>
                    <value>Batik XML pretty printer</value>
                </evidence>
                <evidence>
                    <source>Manifest</source>
                    <name>Implementation-Vendor</name>
                    <value>The Apache Software Foundation (http://xmlgraphics.apache.org/batik/)</value>
                </evidence>
            </evidenceCollected>
        </dependency>
        <dependency>
            <fileName>batik-swing.jar</fileName>
            <filePath>/home/bcraig/Documents/Thesis/Analysis/reports/batik/Source/batik-swing.jar</filePath>
            <md5>9F86850C2078BD779D54C522E3B59E61</md5>
            <sha1>7B41CCA0DD618D0BED6B9888553FFA7F5039E0CC</sha1>
            <evidenceCollected>
                <evidence>
                    <source>file</source>
                    <name>name</name>
                    <value>batik-swing</value>
                </evidence>
                <evidence>
                    <source>jar</source>
                    <name>package</name>
                    <value>apache</value>
                </evidence>
                <evidence>
                    <source>jar</source>
                    <name>package</name>
                    <value>batik</value>
                </evidence>
                <evidence>
                    <source>jar</source>
                    <name>package</name>
                    <value>svg</value>
                </evidence>
                <evidence>
                    <source>jar</source>
                    <name>package</name>
                    <value>swing</value>
                </evidence>
            </evidenceCollected>
        </dependency>
        <dependency>
            <fileName>batik-codec.jar</fileName>
            <filePath>/home/bcraig/Documents/Thesis/Analysis/reports/batik/Source/batik-codec.jar</filePath>
            <md5>37BD5427F576831C4FD2943CDBFFBC7B</md5>
            <sha1>274FEAF36DF2DE1DB42BD48F4AE4FFB582079DD4</sha1>
            <evidenceCollected>
                <evidence>
                    <source>file</source>
                    <name>name</name>
                    <value>batik-codec</value>
                </evidence>
                <evidence>
                    <source>jar</source>
                    <name>package</name>
                    <value>apache</value>
                </evidence>
                <evidence>
                    <source>jar</source>
                    <name>package</name>
                    <value>awt</value>
                </evidence>
                <evidence>
                    <source>jar</source>
                    <name>package</name>
                    <value>batik</value>
                </evidence>
                <evidence>
                    <source>jar</source>
                    <name>package</name>
                    <value>ext</value>
                </evidence>
                <evidence>
                    <source>jar</source>
                    <name>package name</name>
                    <value>apache</value>
                </evidence>
                <evidence>
                    <source>jar</source>
                    <name>package name</name>
                    <value>batik</value>
                </evidence>
                <evidence>
                    <source>Manifest</source>
                    <name>build-id</name>
                    <value>20080106-111140-EST (cam [Linux 2.6.22.8 i386, Java 1.4.2_12-b03])</value>
                </evidence>
                <evidence>
                    <source>Manifest</source>
                    <name>Implementation-Title</name>
                    <value>Batik image codecs</value>
                </evidence>
                <evidence>
                    <source>Manifest</source>
                    <name>Implementation-Vendor</name>
                    <value>The Apache Software Foundation (http://xmlgraphics.apache.org/batik/)</value>
                </evidence>
            </evidenceCollected>
        </dependency>
        <dependency>
            <fileName>batik-ttf2svg.jar</fileName>
            <filePath>/home/bcraig/Documents/Thesis/Analysis/reports/batik/Source/batik-ttf2svg.jar</filePath>
            <md5>B7A8886F4C5BC82BB24A484A446640E7</md5>
            <sha1>948445CCA24B3ECB94F74C1E691AAEF78BB02D3C</sha1>
            <evidenceCollected>
                <evidence>
                    <source>file</source>
                    <name>name</name>
                    <value>batik-ttf2svg</value>
                </evidence>
                <evidence>
                    <source>jar</source>
                    <name>package</name>
                    <value>apache</value>
                </evidence>
                <evidence>
                    <source>jar</source>
                    <name>package</name>
                    <value>apps</value>
                </evidence>
                <evidence>
                    <source>jar</source>
                    <name>package</name>
                    <value>batik</value>
                </evidence>
                <evidence>
                    <source>jar</source>
                    <name>package</name>
                    <value>ttf2svg</value>
                </evidence>
                <evidence>
                    <source>jar</source>
                    <name>package name</name>
                    <value>apache</value>
                </evidence>
                <evidence>
                    <source>jar</source>
                    <name>package name</name>
                    <value>batik</value>
                </evidence>
                <evidence>
                    <source>Manifest</source>
                    <name>build-id</name>
                    <value>20080106-111140-EST (cam [Linux 2.6.22.8 i386, Java 1.4.2_12-b03])</value>
                </evidence>
                <evidence>
                    <source>Manifest</source>
                    <name>Implementation-Title</name>
                    <value>Batik TrueType to SVG Font converter</value>
                </evidence>
                <evidence>
                    <source>Manifest</source>
                    <name>Implementation-Vendor</name>
                    <value>The Apache Software Foundation (http://xmlgraphics.apache.org/batik/)</value>
                </evidence>
            </evidenceCollected>
        </dependency>
        <dependency>
            <fileName>batik-bridge.jar</fileName>
            <filePath>/home/bcraig/Documents/Thesis/Analysis/reports/batik/Source/batik-bridge.jar</filePath>
            <md5>80450E6237EF73014D5ECF971F5F73E8</md5>
            <sha1>116A1FB991CEEB581786FCB7731673CFA035FE87</sha1>
            <evidenceCollected>
                <evidence>
                    <source>file</source>
                    <name>name</name>
                    <value>batik-bridge</value>
                </evidence>
                <evidence>
                    <source>jar</source>
                    <name>package</name>
                    <value>apache</value>
                </evidence>
                <evidence>
                    <source>jar</source>
                    <name>package</name>
                    <value>batik</value>
                </evidence>
                <evidence>
                    <source>jar</source>
                    <name>package</name>
                    <value>bridge</value>
                </evidence>
            </evidenceCollected>
        </dependency>
        <dependency>
            <fileName>batik-extension.jar</fileName>
            <filePath>/home/bcraig/Documents/Thesis/Analysis/reports/batik/Source/batik-extension.jar</filePath>
            <md5>461167DCEAE286388C16BDA8BE61D6A5</md5>
            <sha1>BEB73ED4F92612AC2ED8EA5C3234C1356F8DC5DF</sha1>
            <evidenceCollected>
                <evidence>
                    <source>file</source>
                    <name>name</name>
                    <value>batik-extension</value>
                </evidence>
                <evidence>
                    <source>jar</source>
                    <name>package</name>
                    <value>apache</value>
                </evidence>
                <evidence>
                    <source>jar</source>
                    <name>package</name>
                    <value>batik</value>
                </evidence>
                <evidence>
                    <source>jar</source>
                    <name>package</name>
                    <value>extension</value>
                </evidence>
                <evidence>
                    <source>jar</source>
                    <name>package</name>
                    <value>svg</value>
                </evidence>
                <evidence>
                    <source>jar</source>
                    <name>package name</name>
                    <value>apache</value>
                </evidence>
                <evidence>
                    <source>jar</source>
                    <name>package name</name>
                    <value>batik</value>
                </evidence>
                <evidence>
                    <source>jar</source>
                    <name>package name</name>
                    <value>extension</value>
                </evidence>
                <evidence>
                    <source>Manifest</source>
                    <name>build-id</name>
                    <value>20080106-111140-EST (cam [Linux 2.6.22.8 i386, Java 1.4.2_12-b03])</value>
                </evidence>
                <evidence>
                    <source>Manifest</source>
                    <name>Implementation-Title</name>
                    <value>Batik extensions</value>
                </evidence>
                <evidence>
                    <source>Manifest</source>
                    <name>Implementation-Vendor</name>
                    <value>The Apache Software Foundation (http://xmlgraphics.apache.org/batik/)</value>
                </evidence>
            </evidenceCollected>
        </dependency>
        <dependency>
            <fileName>batik.jar</fileName>
            <filePath>/home/bcraig/Documents/Thesis/Analysis/reports/batik/Source/batik.jar</filePath>
            <md5>71F1E084D38180AE302E09FFE5675AE7</md5>
            <sha1>805CFBC4B2C0F0418CE9E1586DE0AB836406964D</sha1>
            <evidenceCollected>
                <evidence>
                    <source>file</source>
                    <name>name</name>
                    <value>batik</value>
                </evidence>
                <evidence>
                    <source>Manifest</source>
                    <name>build-id</name>
                    <value>20080106-111140-EST (cam [Linux 2.6.22.8 i386, Java 1.4.2_12-b03])</value>
                </evidence>
                <evidence>
                    <source>Manifest</source>
                    <name>Implementation-Title</name>
                    <value>Batik</value>
                </evidence>
                <evidence>
                    <source>Manifest</source>
                    <name>Implementation-Vendor</name>
                    <value>The Apache Software Foundation (http://xmlgraphics.apache.org/batik/)</value>
                </evidence>
            </evidenceCollected>
        </dependency>
        <dependency>
            <fileName>batik-dom.jar</fileName>
            <filePath>/home/bcraig/Documents/Thesis/Analysis/reports/batik/Source/batik-dom.jar</filePath>
            <md5>C4798111A081F45DE6E0D9DFBBF7F132</md5>
            <sha1>B252A58A8C15A40CA7944EB3AB8574E89D4FD781</sha1>
            <evidenceCollected>
                <evidence>
                    <source>file</source>
                    <name>name</name>
                    <value>batik-dom</value>
                </evidence>
                <evidence>
                    <source>jar</source>
                    <name>package</name>
                    <value>apache</value>
                </evidence>
                <evidence>
                    <source>jar</source>
                    <name>package</name>
                    <value>batik</value>
                </evidence>
                <evidence>
                    <source>jar</source>
                    <name>package</name>
                    <value>dom</value>
                </evidence>
            </evidenceCollected>
        </dependency>
        <dependency>
            <fileName>batik-slideshow.jar</fileName>
            <filePath>/home/bcraig/Documents/Thesis/Analysis/reports/batik/Source/batik-slideshow.jar</filePath>
            <md5>688361625D13A3B6D4896A5E83522560</md5>
            <sha1>DDD29489FBEC578BEF16BD01D725B7A25B74882E</sha1>
            <evidenceCollected>
                <evidence>
                    <source>file</source>
                    <name>name</name>
                    <value>batik-slideshow</value>
                </evidence>
                <evidence>
                    <source>jar</source>
                    <name>package</name>
                    <value>apache</value>
                </evidence>
                <evidence>
                    <source>jar</source>
                    <name>package</name>
                    <value>apps</value>
                </evidence>
                <evidence>
                    <source>jar</source>
                    <name>package</name>
                    <value>batik</value>
                </evidence>
                <evidence>
                    <source>jar</source>
                    <name>package</name>
                    <value>slideshow</value>
                </evidence>
                <evidence>
                    <source>jar</source>
                    <name>package name</name>
                    <value>apache</value>
                </evidence>
                <evidence>
                    <source>jar</source>
                    <name>package name</name>
                    <value>batik</value>
                </evidence>
                <evidence>
                    <source>Manifest</source>
                    <name>build-id</name>
                    <value>20080106-111140-EST (cam [Linux 2.6.22.8 i386, Java 1.4.2_12-b03])</value>
                </evidence>
                <evidence>
                    <source>Manifest</source>
                    <name>Implementation-Title</name>
                    <value>Batik SVG slide show tool</value>
                </evidence>
                <evidence>
                    <source>Manifest</source>
                    <name>Implementation-Vendor</name>
                    <value>The Apache Software Foundation (http://xmlgraphics.apache.org/batik/)</value>
                </evidence>
            </evidenceCollected>
        </dependency>
        <dependency>
            <fileName>batik-css.jar</fileName>
            <filePath>/home/bcraig/Documents/Thesis/Analysis/reports/batik/Source/batik-css.jar</filePath>
            <md5>8C09BED435E4E8952F36D85F69C30104</md5>
            <sha1>B0389F4495F3E6359F309045ED8F2EC7211D6C82</sha1>
            <evidenceCollected>
                <evidence>
                    <source>file</source>
                    <name>name</name>
                    <value>batik-css</value>
                </evidence>
                <evidence>
                    <source>jar</source>
                    <name>package</name>
                    <value>apache</value>
                </evidence>
                <evidence>
                    <source>jar</source>
                    <name>package</name>
                    <value>batik</value>
                </evidence>
                <evidence>
                    <source>jar</source>
                    <name>package</name>
                    <value>css</value>
                </evidence>
                <evidence>
                    <source>jar</source>
                    <name>package</name>
                    <value>engine</value>
                </evidence>
            </evidenceCollected>
        </dependency>
        <dependency>
            <fileName>batik-awt-util.jar</fileName>
            <filePath>/home/bcraig/Documents/Thesis/Analysis/reports/batik/Source/batik-awt-util.jar</filePath>
            <md5>C50C2F270A6BFBA2F6082192909962DF</md5>
            <sha1>311239E8A14AB844093C08D420A88B66F14C6B8D</sha1>
            <evidenceCollected>
                <evidence>
                    <source>file</source>
                    <name>name</name>
                    <value>batik-awt-util</value>
                </evidence>
                <evidence>
                    <source>jar</source>
                    <name>package</name>
                    <value>apache</value>
                </evidence>
                <evidence>
                    <source>jar</source>
                    <name>package</name>
                    <value>awt</value>
                </evidence>
                <evidence>
                    <source>jar</source>
                    <name>package</name>
                    <value>batik</value>
                </evidence>
                <evidence>
                    <source>jar</source>
                    <name>package</name>
                    <value>ext</value>
                </evidence>
            </evidenceCollected>
        </dependency>
        <dependency>
            <fileName>batik-script.jar</fileName>
            <filePath>/home/bcraig/Documents/Thesis/Analysis/reports/batik/Source/batik-script.jar</filePath>
            <md5>9CC86A12A3CD7CD376321BED7B542EF7</md5>
            <sha1>89EAD6C49292973D5E2D8EA7FCA4DABC10DFAA27</sha1>
            <evidenceCollected>
                <evidence>
                    <source>file</source>
                    <name>name</name>
                    <value>batik-script</value>
                </evidence>
                <evidence>
                    <source>jar</source>
                    <name>package</name>
                    <value>apache</value>
                </evidence>
                <evidence>
                    <source>jar</source>
                    <name>package</name>
                    <value>batik</value>
                </evidence>
                <evidence>
                    <source>jar</source>
                    <name>package</name>
                    <value>rhino</value>
                </evidence>
                <evidence>
                    <source>jar</source>
                    <name>package</name>
                    <value>script</value>
                </evidence>
            </evidenceCollected>
        </dependency>
        <dependency>
            <fileName>batik-ext.jar</fileName>
            <filePath>/home/bcraig/Documents/Thesis/Analysis/reports/batik/Source/batik-ext.jar</filePath>
            <md5>AF4E88872A508244F8D78ABC048F441A</md5>
            <sha1>D60493FBE14B4CBB15421933D287B9C5C37DE17D</sha1>
            <evidenceCollected>
                <evidence>
                    <source>file</source>
                    <name>name</name>
                    <value>batik-ext</value>
                </evidence>
                <evidence>
                    <source>jar</source>
                    <name>package</name>
                    <value>dom</value>
                </evidence>
                <evidence>
                    <source>jar</source>
                    <name>package</name>
                    <value>svg</value>
                </evidence>
                <evidence>
                    <source>jar</source>
                    <name>package</name>
                    <value>w3c</value>
                </evidence>
            </evidenceCollected>
        </dependency>
        <dependency>
            <fileName>batik-transcoder.jar</fileName>
            <filePath>/home/bcraig/Documents/Thesis/Analysis/reports/batik/Source/batik-transcoder.jar</filePath>
            <md5>2580FEDEB9190C206DC3DD2B96E1ADBF</md5>
            <sha1>33DB4D3498726A7BB7F201D8A3891B6F6170888E</sha1>
            <evidenceCollected>
                <evidence>
                    <source>file</source>
                    <name>name</name>
                    <value>batik-transcoder</value>
                </evidence>
                <evidence>
                    <source>jar</source>
                    <name>package</name>
                    <value>apache</value>
                </evidence>
                <evidence>
                    <source>jar</source>
                    <name>package</name>
                    <value>batik</value>
                </evidence>
                <evidence>
                    <source>jar</source>
                    <name>package</name>
                    <value>transcoder</value>
                </evidence>
                <evidence>
                    <source>jar</source>
                    <name>package name</name>
                    <value>apache</value>
                </evidence>
                <evidence>
                    <source>jar</source>
                    <name>package name</name>
                    <value>batik</value>
                </evidence>
                <evidence>
                    <source>jar</source>
                    <name>package name</name>
                    <value>transcoder</value>
                </evidence>
                <evidence>
                    <source>Manifest</source>
                    <name>build-id</name>
                    <value>20080106-111140-EST (cam [Linux 2.6.22.8 i386, Java 1.4.2_12-b03])</value>
                </evidence>
                <evidence>
                    <source>Manifest</source>
                    <name>Implementation-Title</name>
                    <value>Batik transcoder</value>
                </evidence>
                <evidence>
                    <source>Manifest</source>
                    <name>Implementation-Vendor</name>
                    <value>The Apache Software Foundation (http://xmlgraphics.apache.org/batik/)</value>
                </evidence>
            </evidenceCollected>
        </dependency>
        <dependency>
            <fileName>batik-util.jar</fileName>
            <filePath>/home/bcraig/Documents/Thesis/Analysis/reports/batik/Source/batik-util.jar</filePath>
            <md5>57DDA304AA46F2AED325148DB9B19DE3</md5>
            <sha1>3D589D897AB1C37E9618E7176B77C1DA73D1EF4B</sha1>
            <evidenceCollected>
                <evidence>
                    <source>file</source>
                    <name>name</name>
                    <value>batik-util</value>
                </evidence>
                <evidence>
                    <source>jar</source>
                    <name>package</name>
                    <value>apache</value>
                </evidence>
                <evidence>
                    <source>jar</source>
                    <name>package</name>
                    <value>batik</value>
                </evidence>
                <evidence>
                    <source>jar</source>
                    <name>package</name>
                    <value>util</value>
                </evidence>
            </evidenceCollected>
        </dependency>
        <dependency>
            <fileName>batik-gvt.jar</fileName>
            <filePath>/home/bcraig/Documents/Thesis/Analysis/reports/batik/Source/batik-gvt.jar</filePath>
            <md5>11AA75A16598DAA250C4D3D34DF95FA4</md5>
            <sha1>8CAF99BACF74FD416A97DD227468B74DE21DACC0</sha1>
            <evidenceCollected>
                <evidence>
                    <source>file</source>
                    <name>name</name>
                    <value>batik-gvt</value>
                </evidence>
                <evidence>
                    <source>jar</source>
                    <name>package</name>
                    <value>apache</value>
                </evidence>
                <evidence>
                    <source>jar</source>
                    <name>package</name>
                    <value>batik</value>
                </evidence>
                <evidence>
                    <source>jar</source>
                    <name>package</name>
                    <value>gvt</value>
                </evidence>
            </evidenceCollected>
        </dependency>
        <dependency>
            <fileName>batik-anim.jar</fileName>
            <filePath>/home/bcraig/Documents/Thesis/Analysis/reports/batik/Source/batik-anim.jar</filePath>
            <md5>BB9702A4B960D52FB662F6CBBA2AC0DE</md5>
            <sha1>04F6B23B2AEAAE832465362AF76C7D0E5F67B896</sha1>
            <evidenceCollected>
                <evidence>
                    <source>file</source>
                    <name>name</name>
                    <value>batik-anim</value>
                </evidence>
                <evidence>
                    <source>jar</source>
                    <name>package</name>
                    <value>anim</value>
                </evidence>
                <evidence>
                    <source>jar</source>
                    <name>package</name>
                    <value>apache</value>
                </evidence>
                <evidence>
                    <source>jar</source>
                    <name>package</name>
                    <value>batik</value>
                </evidence>
                <evidence>
                    <source>jar</source>
                    <name>package name</name>
                    <value>anim</value>
                </evidence>
                <evidence>
                    <source>jar</source>
                    <name>package name</name>
                    <value>apache</value>
                </evidence>
                <evidence>
                    <source>jar</source>
                    <name>package name</name>
                    <value>batik</value>
                </evidence>
                <evidence>
                    <source>Manifest</source>
                    <name>build-id</name>
                    <value>20080106-111140-EST (cam [Linux 2.6.22.8 i386, Java 1.4.2_12-b03])</value>
                </evidence>
                <evidence>
                    <source>Manifest</source>
                    <name>Implementation-Title</name>
                    <value>Batik animation</value>
                </evidence>
                <evidence>
                    <source>Manifest</source>
                    <name>Implementation-Vendor</name>
                    <value>The Apache Software Foundation (http://xmlgraphics.apache.org/batik/)</value>
                </evidence>
            </evidenceCollected>
        </dependency>
    </dependencies>
</analysis>