<?xml version="1.0"?>
<analysis xmlns="https://www.owasp.org/index.php/OWASP_Dependency_Check">
    <projectInfo>
        <name>aspectj</name>
        <reportDate>Feb 8, 2014 11:36:56 AM</reportDate>
        <credits>This report contains data retrieved from the National Vulnerability Database: http://nvd.nist.gov</credits>
    </projectInfo>
    <dependencies>
        <dependency>
            <fileName>aspectjrt.jar</fileName>
            <filePath>/home/bcraig/Documents/Thesis/Analysis/reports/aspectj/Source/aspectjrt.jar</filePath>
            <md5>44EC23D688CA656FD59C95BE9FC56690</md5>
            <sha1>60683E772BCF173E7EB75E33E2BA066FEACB6B4C</sha1>
            <evidenceCollected>
                <evidence>
                    <source>file</source>
                    <name>name</name>
                    <value>aspectjrt</value>
                </evidence>
                <evidence>
                    <source>jar</source>
                    <name>package</name>
                    <value>aspectj</value>
                </evidence>
                <evidence>
                    <source>jar</source>
                    <name>package</name>
                    <value>lang</value>
                </evidence>
                <evidence>
                    <source>jar</source>
                    <name>package</name>
                    <value>reflect</value>
                </evidence>
            </evidenceCollected>
        </dependency>
        <dependency>
            <fileName>aspectj-1.6.9.jar</fileName>
            <filePath>/home/bcraig/Documents/Thesis/Analysis/reports/aspectj/Source/aspectj-1.6.9.jar</filePath>
            <md5>3430AF9CD0E70D97100D9FF603246C59</md5>
            <sha1>7833BE9EDB11F7B32E326462C9BFA273243029DC</sha1>
            <evidenceCollected>
                <evidence>
                    <source>file</source>
                    <name>name</name>
                    <value>aspectj-1.6.9</value>
                </evidence>
                <evidence>
                    <source>jar</source>
                    <name>package</name>
                    <value>$installer$</value>
                </evidence>
                <evidence>
                    <source>jar</source>
                    <name>package</name>
                    <value>aspectj</value>
                </evidence>
                <evidence>
                    <source>jar</source>
                    <name>package</name>
                    <value>org</value>
                </evidence>
            </evidenceCollected>
        </dependency>
        <dependency>
            <fileName>aspectj-1.6.9-installed.jar</fileName>
            <filePath>/home/bcraig/Documents/Thesis/Analysis/reports/aspectj/Source/aspectj-1.6.9-installed.jar</filePath>
            <md5>0197DE64752A5E8562059F282F3350DA</md5>
            <sha1>FC674F6500E2589B031C723D6834FB7DE5E69C17</sha1>
            <evidenceCollected>
                <evidence>
                    <source>file</source>
                    <name>name</name>
                    <value>aspectj-1.6.9-installed</value>
                </evidence>
            </evidenceCollected>
        </dependency>
        <dependency>
            <fileName>aspectjweaver.jar</fileName>
            <filePath>/home/bcraig/Documents/Thesis/Analysis/reports/aspectj/Source/aspectjweaver.jar</filePath>
            <md5>32CCA71FF94CDB5FE5F2DF74C9040498</md5>
            <sha1>D0D632459F216D2E015AF01A2B5EAC8B068DEE68</sha1>
            <evidenceCollected>
                <evidence>
                    <source>file</source>
                    <name>name</name>
                    <value>aspectjweaver</value>
                </evidence>
                <evidence>
                    <source>jar</source>
                    <name>package</name>
                    <value>aspectj</value>
                </evidence>
                <evidence>
                    <source>jar</source>
                    <name>package</name>
                    <value>weaver</value>
                </evidence>
                <evidence>
                    <source>jar</source>
                    <name>package name</name>
                    <value>aspect</value>
                </evidence>
                <evidence>
                    <source>jar</source>
                    <name>package name</name>
                    <value>aspectj</value>
                </evidence>
                <evidence>
                    <source>jar</source>
                    <name>package name</name>
                    <value>or</value>
                </evidence>
                <evidence>
                    <source>jar</source>
                    <name>package name</name>
                    <value>weaver</value>
                </evidence>
                <evidence>
                    <source>Manifest</source>
                    <name>Implementation-Title</name>
                    <value>org.aspectj.weaver</value>
                </evidence>
                <evidence>
                    <source>Manifest</source>
                    <name>Implementation-Vendor</name>
                    <value>aspectj.org</value>
                </evidence>
                <evidence>
                    <source>Manifest</source>
                    <name>name</name>
                    <value>org/aspectj/weaver/</value>
                </evidence>
                <evidence>
                    <source>Manifest</source>
                    <name>specification-title</name>
                    <value>AspectJ Weaver Classes</value>
                </evidence>
                <evidence>
                    <source>Manifest</source>
                    <name>specification-vendor</name>
                    <value>aspectj.org</value>
                </evidence>
            </evidenceCollected>
        </dependency>
        <dependency>
            <fileName>org.aspectj.matcher.jar</fileName>
            <filePath>/home/bcraig/Documents/Thesis/Analysis/reports/aspectj/Source/org.aspectj.matcher.jar</filePath>
            <md5>23CD9A07042FA8E57884274BA2ADC1A3</md5>
            <sha1>E79C7E9600FD14A131956F664A20B8214CEF12C8</sha1>
            <evidenceCollected>
                <evidence>
                    <source>file</source>
                    <name>name</name>
                    <value>org.aspectj.matcher</value>
                </evidence>
                <evidence>
                    <source>jar</source>
                    <name>package</name>
                    <value>aspectj</value>
                </evidence>
                <evidence>
                    <source>jar</source>
                    <name>package</name>
                    <value>weaver</value>
                </evidence>
            </evidenceCollected>
        </dependency>
        <dependency>
            <fileName>aspectjtools.jar</fileName>
            <filePath>/home/bcraig/Documents/Thesis/Analysis/reports/aspectj/Source/aspectjtools.jar</filePath>
            <md5>C92DEF006AAD725415218262598B8AF2</md5>
            <sha1>9ADDC4936260D8A0A25B17E3A9B7D70C18AE7208</sha1>
            <evidenceCollected>
                <evidence>
                    <source>file</source>
                    <name>name</name>
                    <value>aspectjtools</value>
                </evidence>
                <evidence>
                    <source>jar</source>
                    <name>package</name>
                    <value>aspectj</value>
                </evidence>
                <evidence>
                    <source>jar</source>
                    <name>package</name>
                    <value>eclipse</value>
                </evidence>
            </evidenceCollected>
        </dependency>
    </dependencies>
</analysis>