<?xml version="1.0"?>
<analysis xmlns="https://www.owasp.org/index.php/OWASP_Dependency_Check">
    <projectInfo>
        <name>azureus</name>
        <reportDate>Feb 8, 2014 11:37:47 AM</reportDate>
        <credits>This report contains data retrieved from the National Vulnerability Database: http://nvd.nist.gov</credits>
    </projectInfo>
    <dependencies>
        <dependency>
            <fileName>Vuze_4812.jar</fileName>
            <filePath>/home/bcraig/Documents/Thesis/Analysis/reports/azureus/3rdParty/Vuze_4812.jar</filePath>
            <md5>06F0CC39EDD2752C5ACCCABCA02D155C</md5>
            <sha1>D3A79499EA543ACFC00FF93F60B30A1052F2E90E</sha1>
            <evidenceCollected>
                <evidence>
                    <source>file</source>
                    <name>name</name>
                    <value>4812</value>
                </evidence>
                <evidence>
                    <source>file</source>
                    <name>name</name>
                    <value>Vuze_4812</value>
                </evidence>
                <evidence>
                    <source>file</source>
                    <name>name</name>
                    <value>Vuze_4812</value>
                </evidence>
                <evidence>
                    <source>Manifest</source>
                    <name>build-version</name>
                    <value>4812-00</value>
                </evidence>
            </evidenceCollected>
            <identifiers>
                <identifier type="cpe">
                    <name>(cpe:/a:vuze:vuze:4812.00)</name>
                </identifier>
            </identifiers>
        </dependency>
    </dependencies>
</analysis>