<?xml version="1.0"?>
<analysis xmlns="https://www.owasp.org/index.php/OWASP_Dependency_Check">
    <projectInfo>
        <name>c_jdbc</name>
        <reportDate>Feb 8, 2014 11:39:31 AM</reportDate>
        <credits>This report contains data retrieved from the National Vulnerability Database: http://nvd.nist.gov</credits>
    </projectInfo>
    <dependencies>
        <dependency>
            <fileName>c-jdbc-driver.jar</fileName>
            <filePath>/home/bcraig/Documents/Thesis/Analysis/reports/c_jdbc/Source/c-jdbc-driver.jar</filePath>
            <md5>FE969F0A628E3E74468B6F790C55F8DC</md5>
            <sha1>D110E5A1F825091C3E786B90B13514A8C6F66499</sha1>
            <evidenceCollected>
                <evidence>
                    <source>file</source>
                    <name>name</name>
                    <value>c-jdbc-driver</value>
                </evidence>
                <evidence>
                    <source>jar</source>
                    <name>package</name>
                    <value>cjdbc</value>
                </evidence>
                <evidence>
                    <source>jar</source>
                    <name>package</name>
                    <value>common</value>
                </evidence>
                <evidence>
                    <source>jar</source>
                    <name>package</name>
                    <value>objectweb</value>
                </evidence>
                <evidence>
                    <source>jar</source>
                    <name>package name</name>
                    <value>driver</value>
                </evidence>
                <evidence>
                    <source>jar</source>
                    <name>package name</name>
                    <value>objectweb</value>
                </evidence>
                <evidence>
                    <source>Manifest</source>
                    <name>Implementation-Title</name>
                    <value>C-JDBC Driver</value>
                </evidence>
                <evidence>
                    <source>Manifest</source>
                    <name>Implementation-Vendor</name>
                    <value>ObjectWeb Consortium</value>
                </evidence>
                <evidence>
                    <source>Manifest</source>
                    <name>specification-title</name>
                    <value>C-JDBC Driver</value>
                </evidence>
                <evidence>
                    <source>Manifest</source>
                    <name>specification-vendor</name>
                    <value>ObjectWeb Consortium</value>
                </evidence>
            </evidenceCollected>
        </dependency>
        <dependency>
            <fileName>c-jdbc-request-player.jar</fileName>
            <filePath>/home/bcraig/Documents/Thesis/Analysis/reports/c_jdbc/Source/c-jdbc-request-player.jar</filePath>
            <md5>8726492E44E517656C30318771F81924</md5>
            <sha1>D3F3C0B28F56395DB1DF9D4C1977F5FC3D3D7A84</sha1>
            <evidenceCollected>
                <evidence>
                    <source>file</source>
                    <name>name</name>
                    <value>c-jdbc-request-player</value>
                </evidence>
                <evidence>
                    <source>jar</source>
                    <name>package</name>
                    <value>cjdbc</value>
                </evidence>
                <evidence>
                    <source>jar</source>
                    <name>package</name>
                    <value>objectweb</value>
                </evidence>
                <evidence>
                    <source>jar</source>
                    <name>package</name>
                    <value>requestplayer</value>
                </evidence>
                <evidence>
                    <source>jar</source>
                    <name>package name</name>
                    <value>objectweb</value>
                </evidence>
                <evidence>
                    <source>Manifest</source>
                    <name>Implementation-Title</name>
                    <value>C-JDBC Request Player</value>
                </evidence>
                <evidence>
                    <source>Manifest</source>
                    <name>Implementation-Vendor</name>
                    <value>ObjectWeb Consortium</value>
                </evidence>
                <evidence>
                    <source>Manifest</source>
                    <name>specification-title</name>
                    <value>C-JDBC Request Player</value>
                </evidence>
                <evidence>
                    <source>Manifest</source>
                    <name>specification-vendor</name>
                    <value>ObjectWeb Consortium</value>
                </evidence>
            </evidenceCollected>
        </dependency>
        <dependency>
            <fileName>c-jdbc-controller.jar</fileName>
            <filePath>/home/bcraig/Documents/Thesis/Analysis/reports/c_jdbc/Source/c-jdbc-controller.jar</filePath>
            <md5>A412DDB97A213418A5CAAFE8E1559006</md5>
            <sha1>A0D0E41FDC60255919DDF980D91A24C1B558E9EF</sha1>
            <evidenceCollected>
                <evidence>
                    <source>file</source>
                    <name>name</name>
                    <value>c-jdbc-controller</value>
                </evidence>
                <evidence>
                    <source>jar</source>
                    <name>package</name>
                    <value>cjdbc</value>
                </evidence>
                <evidence>
                    <source>jar</source>
                    <name>package</name>
                    <value>controller</value>
                </evidence>
                <evidence>
                    <source>jar</source>
                    <name>package</name>
                    <value>objectweb</value>
                </evidence>
                <evidence>
                    <source>jar</source>
                    <name>package name</name>
                    <value>controller</value>
                </evidence>
                <evidence>
                    <source>jar</source>
                    <name>package name</name>
                    <value>objectweb</value>
                </evidence>
                <evidence>
                    <source>Manifest</source>
                    <name>Implementation-Title</name>
                    <value>C-JDBC Controller</value>
                </evidence>
                <evidence>
                    <source>Manifest</source>
                    <name>Implementation-Vendor</name>
                    <value>ObjectWeb Consortium</value>
                </evidence>
                <evidence>
                    <source>Manifest</source>
                    <name>specification-title</name>
                    <value>C-JDBC Controller</value>
                </evidence>
                <evidence>
                    <source>Manifest</source>
                    <name>specification-vendor</name>
                    <value>ObjectWeb Consortium</value>
                </evidence>
            </evidenceCollected>
        </dependency>
        <dependency>
            <fileName>c-jdbc-console.jar</fileName>
            <filePath>/home/bcraig/Documents/Thesis/Analysis/reports/c_jdbc/Source/c-jdbc-console.jar</filePath>
            <md5>FDF4E5E03AAEC25B1BC30FB21F26B1ED</md5>
            <sha1>E4A223BC2546F7E000FD0740E2B1663FDC2A76AE</sha1>
            <evidenceCollected>
                <evidence>
                    <source>file</source>
                    <name>name</name>
                    <value>c-jdbc-console</value>
                </evidence>
                <evidence>
                    <source>jar</source>
                    <name>package</name>
                    <value>cjdbc</value>
                </evidence>
                <evidence>
                    <source>jar</source>
                    <name>package</name>
                    <value>console</value>
                </evidence>
                <evidence>
                    <source>jar</source>
                    <name>package</name>
                    <value>objectweb</value>
                </evidence>
                <evidence>
                    <source>jar</source>
                    <name>package name</name>
                    <value>objectweb</value>
                </evidence>
                <evidence>
                    <source>Manifest</source>
                    <name>Implementation-Title</name>
                    <value>C-JDBC Controller</value>
                </evidence>
                <evidence>
                    <source>Manifest</source>
                    <name>Implementation-Vendor</name>
                    <value>ObjectWeb Consortium</value>
                </evidence>
                <evidence>
                    <source>Manifest</source>
                    <name>specification-title</name>
                    <value>C-JDBC Controller</value>
                </evidence>
                <evidence>
                    <source>Manifest</source>
                    <name>specification-vendor</name>
                    <value>ObjectWeb Consortium</value>
                </evidence>
            </evidenceCollected>
        </dependency>
    </dependencies>
</analysis>