<?xml version="1.0"?>
<analysis xmlns="https://www.owasp.org/index.php/OWASP_Dependency_Check">
    <projectInfo>
        <name>castor</name>
        <reportDate>Feb 8, 2014 11:38:23 AM</reportDate>
        <credits>This report contains data retrieved from the National Vulnerability Database: http://nvd.nist.gov</credits>
    </projectInfo>
    <dependencies>
        <dependency>
            <fileName>jta1.0.1.jar</fileName>
            <filePath>/home/bcraig/Documents/Thesis/Analysis/reports/castor/Source/jta1.0.1.jar</filePath>
            <md5>7AC8C682CDCE21D41F4F101BD5DF6FCF</md5>
            <sha1>FF35A37E3A01DA394BBF10E88981E649AFC9CEB1</sha1>
            <evidenceCollected>
                <evidence>
                    <source>file</source>
                    <name>name</name>
                    <value>jta1.0.1</value>
                </evidence>
                <evidence>
                    <source>jar</source>
                    <name>package</name>
                    <value>javax</value>
                </evidence>
                <evidence>
                    <source>jar</source>
                    <name>package</name>
                    <value>transaction</value>
                </evidence>
                <evidence>
                    <source>jar</source>
                    <name>package name</name>
                    <value>transaction</value>
                </evidence>
                <evidence>
                    <source>Manifest</source>
                    <name>Implementation-Title</name>
                    <value>Java Transaction API (JTA)</value>
                </evidence>
                <evidence>
                    <source>Manifest</source>
                    <name>Implementation-Vendor</name>
                    <value>Sun Microsystems, Inc.</value>
                </evidence>
                <evidence>
                    <source>Manifest</source>
                    <name>specification-title</name>
                    <value>Java Transaction API (JTA)</value>
                </evidence>
                <evidence>
                    <source>Manifest</source>
                    <name>specification-vendor</name>
                    <value>Sun Microsystems, Inc.</value>
                </evidence>
            </evidenceCollected>
        </dependency>
        <dependency>
            <fileName>castor-1.3.1-core.jar</fileName>
            <filePath>/home/bcraig/Documents/Thesis/Analysis/reports/castor/Source/castor-1.3.1-core.jar</filePath>
            <md5>DAE671033C9B917074E8D824040B2B72</md5>
            <sha1>95A651A01C560941CD72B6EA337E836B4AC05999</sha1>
            <relatedDependencies>
                <relatedDependency>
                    <filePath>/home/bcraig/Documents/Thesis/Analysis/reports/castor/Source/castor-1.3.1-anttasks.jar</filePath>
                    <sha1>D9D183114914652B0918C15FFED9B17165DC0590</sha1>
                    <md5>646DF96F12EE80C69F5D4CC09BF26EA4</md5>
                </relatedDependency>
                <relatedDependency>
                    <filePath>/home/bcraig/Documents/Thesis/Analysis/reports/castor/Source/castor-1.3.1-codegen.jar</filePath>
                    <sha1>D6A2F55A82CB6179C1C1B3790F19F8F8DEB411D8</sha1>
                    <md5>46B9260D86F8D85C6845D3B2BAD69B10</md5>
                </relatedDependency>
                <relatedDependency>
                    <filePath>/home/bcraig/Documents/Thesis/Analysis/reports/castor/Source/castor-1.3.1-ddlgen.jar</filePath>
                    <sha1>9FE44E841A36FF46A30324D3134A511531D27CED</sha1>
                    <md5>CE9DB4FB0A8AC5CBF49B3D119E4C6776</md5>
                </relatedDependency>
                <relatedDependency>
                    <filePath>/home/bcraig/Documents/Thesis/Analysis/reports/castor/Source/castor-1.3.1-jdo.jar</filePath>
                    <sha1>AE4C9C177DF9D488F251AD5C17B2CDA851E4F497</sha1>
                    <md5>C275633F3AFA6B725EC446CD09921028</md5>
                </relatedDependency>
                <relatedDependency>
                    <filePath>/home/bcraig/Documents/Thesis/Analysis/reports/castor/Source/castor-1.3.1-xml-schema.jar</filePath>
                    <sha1>F7D49BECF48402E420C8D93BE2D3DC9BF4BE138F</sha1>
                    <md5>1E210BE8B8F53D4618BA4F88CD48BBFA</md5>
                </relatedDependency>
                <relatedDependency>
                    <filePath>/home/bcraig/Documents/Thesis/Analysis/reports/castor/Source/castor-1.3.1-xml.jar</filePath>
                    <sha1>8BBC18E3628280F9892FCD5460F8E732CD9E9273</sha1>
                    <md5>B5945E7A415F26C1F8AA1FB9A6DA9250</md5>
                </relatedDependency>
                <relatedDependency>
                    <filePath>/home/bcraig/Documents/Thesis/Analysis/reports/castor/Source/castor-1.3.1.jar</filePath>
                    <sha1>5F1AD6697B8E94D1C982860833B6956154E9901D</sha1>
                    <md5>5172A1914A2ED38CFFFA84AC39C5D811</md5>
                </relatedDependency>
            </relatedDependencies>
            <evidenceCollected>
                <evidence>
                    <source>file</source>
                    <name>name</name>
                    <value>1.3.1</value>
                </evidence>
                <evidence>
                    <source>file</source>
                    <name>name</name>
                    <value>castor-1.3.1-core</value>
                </evidence>
                <evidence>
                    <source>file</source>
                    <name>name</name>
                    <value>castor-1.3.1-core</value>
                </evidence>
                <evidence>
                    <source>jar</source>
                    <name>package</name>
                    <value>castor</value>
                </evidence>
                <evidence>
                    <source>jar</source>
                    <name>package</name>
                    <value>core</value>
                </evidence>
                <evidence>
                    <source>jar</source>
                    <name>package</name>
                    <value>util</value>
                </evidence>
                <evidence>
                    <source>jar</source>
                    <name>package name</name>
                    <value>castor</value>
                </evidence>
                <evidence>
                    <source>jar</source>
                    <name>package name</name>
                    <value>core</value>
                </evidence>
                <evidence>
                    <source>Manifest</source>
                    <name>Implementation-Title</name>
                    <value>Castor</value>
                </evidence>
                <evidence>
                    <source>Manifest</source>
                    <name>Implementation-Vendor</name>
                    <value>Intalio Inc.</value>
                </evidence>
                <evidence>
                    <source>Manifest</source>
                    <name>Implementation-Version</name>
                    <value>1.3.1</value>
                </evidence>
                <evidence>
                    <source>Manifest</source>
                    <name>specification-title</name>
                    <value>Castor Core</value>
                </evidence>
                <evidence>
                    <source>Manifest</source>
                    <name>specification-vendor</name>
                    <value>Intalio Inc.</value>
                </evidence>
                <evidence>
                    <source>Manifest</source>
                    <name>specification-version</name>
                    <value>1.3.1</value>
                </evidence>
            </evidenceCollected>
            <identifiers>
                <identifier type="cpe">
                    <name>(cpe:/a:castor:castor:1.3.1)</name>
                </identifier>
            </identifiers>
        </dependency>
    </dependencies>
</analysis>