<?xml version="1.0"?>
<analysis xmlns="https://www.owasp.org/index.php/OWASP_Dependency_Check">
    <projectInfo>
        <name>checkstyle</name>
        <reportDate>Feb 8, 2014 11:39:15 AM</reportDate>
        <credits>This report contains data retrieved from the National Vulnerability Database: http://nvd.nist.gov</credits>
    </projectInfo>
    <dependencies>
        <dependency>
            <fileName>junit-4.4.jar</fileName>
            <filePath>/home/bcraig/Documents/Thesis/Analysis/reports/checkstyle/3rdParty/junit-4.4.jar</filePath>
            <md5>F852BBB2BBE0471CEF8E5B833CB36078</md5>
            <sha1>8F35EE1F35D2DADBB5029991449EE90C1BAB4D4A</sha1>
            <evidenceCollected>
                <evidence>
                    <source>file</source>
                    <name>name</name>
                    <value>junit-4.4</value>
                </evidence>
                <evidence>
                    <source>jar</source>
                    <name>package</name>
                    <value>junit</value>
                </evidence>
            </evidenceCollected>
        </dependency>
        <dependency>
            <fileName>emma.jar</fileName>
            <filePath>/home/bcraig/Documents/Thesis/Analysis/reports/checkstyle/3rdParty/emma.jar</filePath>
            <md5>58802FBE6BB583B72AB7CF39B8033ED3</md5>
            <sha1>30A40933CAF67D88D9E75957950CCF353B181AB7</sha1>
            <evidenceCollected>
                <evidence>
                    <source>file</source>
                    <name>name</name>
                    <value>emma</value>
                </evidence>
                <evidence>
                    <source>jar</source>
                    <name>package</name>
                    <value>vladium</value>
                </evidence>
                <evidence>
                    <source>jar</source>
                    <name>package name</name>
                    <value>emma</value>
                </evidence>
                <evidence>
                    <source>Manifest</source>
                    <name>Implementation-Vendor</name>
                    <value>vlad on Windows NT:4.0:x86</value>
                </evidence>
                <evidence>
                    <source>Manifest</source>
                    <name>specification-title</name>
                    <value>emma</value>
                </evidence>
                <evidence>
                    <source>Manifest</source>
                    <name>specification-vendor</name>
                    <value>(C) Vladimir Roubtsov</value>
                </evidence>
            </evidenceCollected>
        </dependency>
        <dependency>
            <fileName>emma_ant.jar</fileName>
            <filePath>/home/bcraig/Documents/Thesis/Analysis/reports/checkstyle/3rdParty/emma_ant.jar</filePath>
            <md5>5FF88E5279654E6796E79E23CAB1C373</md5>
            <sha1>E24C6C12C2C1B0EC99BCEF20A452178D09B04468</sha1>
            <evidenceCollected>
                <evidence>
                    <source>file</source>
                    <name>name</name>
                    <value>emma_ant</value>
                </evidence>
                <evidence>
                    <source>jar</source>
                    <name>package</name>
                    <value>emma</value>
                </evidence>
                <evidence>
                    <source>jar</source>
                    <name>package</name>
                    <value>vladium</value>
                </evidence>
                <evidence>
                    <source>jar</source>
                    <name>package name</name>
                    <value>emma</value>
                </evidence>
                <evidence>
                    <source>Manifest</source>
                    <name>Implementation-Vendor</name>
                    <value>vlad on Windows NT:4.0:x86</value>
                </evidence>
                <evidence>
                    <source>Manifest</source>
                    <name>specification-title</name>
                    <value>emma</value>
                </evidence>
                <evidence>
                    <source>Manifest</source>
                    <name>specification-vendor</name>
                    <value>(C) Vladimir Roubtsov</value>
                </evidence>
            </evidenceCollected>
        </dependency>
        <dependency>
            <fileName>google-collect-1.0.jar</fileName>
            <filePath>/home/bcraig/Documents/Thesis/Analysis/reports/checkstyle/3rdParty/google-collect-1.0.jar</filePath>
            <md5>B5483F116137F86201DC96C1DCFC7083</md5>
            <sha1>A2437CD90EF0E7F0840645489F4226E73400D0DC</sha1>
            <evidenceCollected>
                <evidence>
                    <source>file</source>
                    <name>name</name>
                    <value>google-collect-1.0</value>
                </evidence>
                <evidence>
                    <source>jar</source>
                    <name>package</name>
                    <value>collect</value>
                </evidence>
                <evidence>
                    <source>jar</source>
                    <name>package</name>
                    <value>common</value>
                </evidence>
                <evidence>
                    <source>jar</source>
                    <name>package</name>
                    <value>google</value>
                </evidence>
            </evidenceCollected>
        </dependency>
        <dependency>
            <fileName>commons-beanutils-core.jar</fileName>
            <filePath>/home/bcraig/Documents/Thesis/Analysis/reports/checkstyle/3rdParty/commons-beanutils-core.jar</filePath>
            <md5>458B500E7283D295F69A93FFC4A15293</md5>
            <sha1>52F7701E1E9FD1D2B93379503C0BC839D2CAF68D</sha1>
            <evidenceCollected>
                <evidence>
                    <source>file</source>
                    <name>name</name>
                    <value>commons-beanutils-core</value>
                </evidence>
                <evidence>
                    <source>jar</source>
                    <name>package</name>
                    <value>apache</value>
                </evidence>
                <evidence>
                    <source>jar</source>
                    <name>package</name>
                    <value>beanutils</value>
                </evidence>
                <evidence>
                    <source>jar</source>
                    <name>package</name>
                    <value>commons</value>
                </evidence>
                <evidence>
                    <source>jar</source>
                    <name>package name</name>
                    <value>apache</value>
                </evidence>
                <evidence>
                    <source>jar</source>
                    <name>package name</name>
                    <value>beanutils</value>
                </evidence>
                <evidence>
                    <source>jar</source>
                    <name>package name</name>
                    <value>commons</value>
                </evidence>
                <evidence>
                    <source>Manifest</source>
                    <name>extension-name</name>
                    <value>org.apache.commons.beanutils</value>
                </evidence>
                <evidence>
                    <source>Manifest</source>
                    <name>Implementation-Title</name>
                    <value>org.apache.commons.beanutils</value>
                </evidence>
                <evidence>
                    <source>Manifest</source>
                    <name>Implementation-Vendor</name>
                    <value>Apache Software Foundation</value>
                </evidence>
                <evidence>
                    <source>Manifest</source>
                    <name>specification-title</name>
                    <value>Jakarta Commons Beanutils</value>
                </evidence>
                <evidence>
                    <source>Manifest</source>
                    <name>specification-vendor</name>
                    <value>Apache Software Foundation</value>
                </evidence>
            </evidenceCollected>
        </dependency>
        <dependency>
            <fileName>commons-cli-1.1.jar</fileName>
            <filePath>/home/bcraig/Documents/Thesis/Analysis/reports/checkstyle/3rdParty/commons-cli-1.1.jar</filePath>
            <md5>B91E43D736C9013512F049C3CECB9FD7</md5>
            <sha1>11C98B99AD538F2F67633AFD4D7F4D98ECFBB408</sha1>
            <evidenceCollected>
                <evidence>
                    <source>file</source>
                    <name>name</name>
                    <value>commons-cli-1.1</value>
                </evidence>
                <evidence>
                    <source>jar</source>
                    <name>package</name>
                    <value>apache</value>
                </evidence>
                <evidence>
                    <source>jar</source>
                    <name>package</name>
                    <value>cli</value>
                </evidence>
                <evidence>
                    <source>jar</source>
                    <name>package</name>
                    <value>commons</value>
                </evidence>
                <evidence>
                    <source>jar</source>
                    <name>package name</name>
                    <value>apache</value>
                </evidence>
                <evidence>
                    <source>jar</source>
                    <name>package name</name>
                    <value>cli</value>
                </evidence>
                <evidence>
                    <source>jar</source>
                    <name>package name</name>
                    <value>commons</value>
                </evidence>
                <evidence>
                    <source>Manifest</source>
                    <name>extension-name</name>
                    <value>commons-cli</value>
                </evidence>
                <evidence>
                    <source>Manifest</source>
                    <name>Implementation-Title</name>
                    <value>Jakarta Commons CLI</value>
                </evidence>
                <evidence>
                    <source>Manifest</source>
                    <name>Implementation-Vendor</name>
                    <value>Apache Software Foundation</value>
                </evidence>
                <evidence>
                    <source>Manifest</source>
                    <name>Implementation-Vendor-Id</name>
                    <value>org.apache</value>
                </evidence>
                <evidence>
                    <source>Manifest</source>
                    <name>specification-title</name>
                    <value>Jakarta Commons CLI</value>
                </evidence>
                <evidence>
                    <source>Manifest</source>
                    <name>specification-vendor</name>
                    <value>Apache Software Foundation</value>
                </evidence>
            </evidenceCollected>
        </dependency>
        <dependency>
            <fileName>velocity-dep-1.4.jar</fileName>
            <filePath>/home/bcraig/Documents/Thesis/Analysis/reports/checkstyle/3rdParty/velocity-dep-1.4.jar</filePath>
            <md5>2436797A103DE7C0BFB5BCCEFBAEBE12</md5>
            <sha1>B1DF5193D3DD66A310B32828C547CD9E163B98DF</sha1>
            <evidenceCollected>
                <evidence>
                    <source>file</source>
                    <name>name</name>
                    <value>velocity-dep-1.4</value>
                </evidence>
                <evidence>
                    <source>jar</source>
                    <name>package</name>
                    <value>apache</value>
                </evidence>
                <evidence>
                    <source>jar</source>
                    <name>package</name>
                    <value>velocity</value>
                </evidence>
            </evidenceCollected>
        </dependency>
        <dependency>
            <fileName>jdom-b9.jar</fileName>
            <filePath>/home/bcraig/Documents/Thesis/Analysis/reports/checkstyle/3rdParty/jdom-b9.jar</filePath>
            <md5>470984BC315E52F62DDD824A31EA92EE</md5>
            <sha1>48A031D52D2695D863F96C1EDFD8F97940ED7B9C</sha1>
            <evidenceCollected>
                <evidence>
                    <source>file</source>
                    <name>name</name>
                    <value>jdom-b9</value>
                </evidence>
                <evidence>
                    <source>jar</source>
                    <name>package</name>
                    <value>jdom</value>
                </evidence>
            </evidenceCollected>
        </dependency>
        <dependency>
            <fileName>antlr.jar</fileName>
            <filePath>/home/bcraig/Documents/Thesis/Analysis/reports/checkstyle/3rdParty/antlr.jar</filePath>
            <md5>97C6BB68108A3D68094EAB0F67157962</md5>
            <sha1>CF4F67DAE5DF4F9932AE7810F4548EF3E14DD35E</sha1>
            <evidenceCollected>
                <evidence>
                    <source>file</source>
                    <name>name</name>
                    <value>antlr</value>
                </evidence>
                <evidence>
                    <source>jar</source>
                    <name>package</name>
                    <value>antlr</value>
                </evidence>
            </evidenceCollected>
        </dependency>
        <dependency>
            <fileName>commons-logging.jar</fileName>
            <filePath>/home/bcraig/Documents/Thesis/Analysis/reports/checkstyle/3rdParty/commons-logging.jar</filePath>
            <md5>5BC8BDD15B18018E84FD862993AACA42</md5>
            <sha1>760C711C71588BC273D3E56D196D720A7678CD93</sha1>
            <evidenceCollected>
                <evidence>
                    <source>file</source>
                    <name>name</name>
                    <value>commons-logging</value>
                </evidence>
                <evidence>
                    <source>jar</source>
                    <name>package</name>
                    <value>apache</value>
                </evidence>
                <evidence>
                    <source>jar</source>
                    <name>package</name>
                    <value>commons</value>
                </evidence>
                <evidence>
                    <source>jar</source>
                    <name>package</name>
                    <value>impl</value>
                </evidence>
                <evidence>
                    <source>jar</source>
                    <name>package</name>
                    <value>logging</value>
                </evidence>
                <evidence>
                    <source>jar</source>
                    <name>package name</name>
                    <value>apache</value>
                </evidence>
                <evidence>
                    <source>jar</source>
                    <name>package name</name>
                    <value>commons</value>
                </evidence>
                <evidence>
                    <source>jar</source>
                    <name>package name</name>
                    <value>log</value>
                </evidence>
                <evidence>
                    <source>jar</source>
                    <name>package name</name>
                    <value>logging</value>
                </evidence>
                <evidence>
                    <source>Manifest</source>
                    <name>extension-name</name>
                    <value>org.apache.commons.logging</value>
                </evidence>
                <evidence>
                    <source>Manifest</source>
                    <name>Implementation-Vendor</name>
                    <value>Apache Software Foundation</value>
                </evidence>
                <evidence>
                    <source>Manifest</source>
                    <name>specification-vendor</name>
                    <value>Apache Software Foundation</value>
                </evidence>
            </evidenceCollected>
        </dependency>
    </dependencies>
</analysis>