<?xml version="1.0"?>
<analysis xmlns="https://www.owasp.org/index.php/OWASP_Dependency_Check">
    <projectInfo>
        <name>colt</name>
        <reportDate>Feb 8, 2014 11:40:34 AM</reportDate>
        <credits>This report contains data retrieved from the National Vulnerability Database: http://nvd.nist.gov</credits>
    </projectInfo>
    <dependencies>
        <dependency>
            <fileName>colt.jar</fileName>
            <filePath>/home/bcraig/Documents/Thesis/Analysis/reports/colt/Source/colt.jar</filePath>
            <md5>F6BE558E44DE25DF08B9F515B2A7FFEE</md5>
            <sha1>0ABC984F3ADC760684D49E0F11DDF167BA516D4F</sha1>
            <evidenceCollected>
                <evidence>
                    <source>file</source>
                    <name>name</name>
                    <value>colt</value>
                </evidence>
                <evidence>
                    <source>jar</source>
                    <name>package</name>
                    <value>cern</value>
                </evidence>
                <evidence>
                    <source>jar</source>
                    <name>package</name>
                    <value>colt</value>
                </evidence>
            </evidenceCollected>
        </dependency>
    </dependencies>
</analysis>