<?xml version="1.0"?>
<analysis xmlns="https://www.owasp.org/index.php/OWASP_Dependency_Check">
    <projectInfo>
        <name>columba</name>
        <reportDate>Feb 8, 2014 11:41:08 AM</reportDate>
        <credits>This report contains data retrieved from the National Vulnerability Database: http://nvd.nist.gov</credits>
    </projectInfo>
    <dependencies>
        <dependency>
            <fileName>smack.jar</fileName>
            <filePath>/home/bcraig/Documents/Thesis/Analysis/reports/columba/3rdParty/smack.jar</filePath>
            <md5>F93A6C6FAF6F717CFE1048FB8D70832E</md5>
            <sha1>358B6A61EA64080618EC983EBCF90264AA01A523</sha1>
            <evidenceCollected>
                <evidence>
                    <source>file</source>
                    <name>name</name>
                    <value>smack</value>
                </evidence>
                <evidence>
                    <source>jar</source>
                    <name>package</name>
                    <value>jivesoftware</value>
                </evidence>
                <evidence>
                    <source>jar</source>
                    <name>package</name>
                    <value>smack</value>
                </evidence>
            </evidenceCollected>
        </dependency>
        <dependency>
            <fileName>junit.jar</fileName>
            <filePath>/home/bcraig/Documents/Thesis/Analysis/reports/columba/3rdParty/junit.jar</filePath>
            <md5>1F40FB782A4F2CF78F161D32670F7A3A</md5>
            <sha1>99129F16442844F6A4A11AE22FBBEE40B14D774F</sha1>
            <evidenceCollected>
                <evidence>
                    <source>file</source>
                    <name>name</name>
                    <value>junit</value>
                </evidence>
                <evidence>
                    <source>jar</source>
                    <name>package</name>
                    <value>junit</value>
                </evidence>
            </evidenceCollected>
        </dependency>
        <dependency>
            <fileName>jwizz-0.1.3.jar</fileName>
            <filePath>/home/bcraig/Documents/Thesis/Analysis/reports/columba/3rdParty/jwizz-0.1.3.jar</filePath>
            <md5>8E9EC3B94ECC055F4D66B3887D2C54F7</md5>
            <sha1>E5E2AC250A87561EB7FF5F01660DB6B867E70732</sha1>
            <evidenceCollected>
                <evidence>
                    <source>file</source>
                    <name>name</name>
                    <value>jwizz-0.1.3</value>
                </evidence>
                <evidence>
                    <source>jar</source>
                    <name>package</name>
                    <value>javaprog</value>
                </evidence>
                <evidence>
                    <source>jar</source>
                    <name>package</name>
                    <value>net</value>
                </evidence>
                <evidence>
                    <source>jar</source>
                    <name>package</name>
                    <value>ui</value>
                </evidence>
                <evidence>
                    <source>jar</source>
                    <name>package</name>
                    <value>wizard</value>
                </evidence>
            </evidenceCollected>
        </dependency>
        <dependency>
            <fileName>usermanual.jar</fileName>
            <filePath>/home/bcraig/Documents/Thesis/Analysis/reports/columba/3rdParty/usermanual.jar</filePath>
            <md5>08D6A68E5F64328941BAF9C015A4E3AC</md5>
            <sha1>74ABF88196C1A862AD2BC794117F41BB87A5C88C</sha1>
            <evidenceCollected>
                <evidence>
                    <source>file</source>
                    <name>name</name>
                    <value>usermanual</value>
                </evidence>
            </evidenceCollected>
        </dependency>
        <dependency>
            <fileName>jcoverage.jar</fileName>
            <filePath>/home/bcraig/Documents/Thesis/Analysis/reports/columba/3rdParty/jcoverage.jar</filePath>
            <md5>5FDCC97D95013083EEE0EB82EE5FD1E7</md5>
            <sha1>3219FEA71F97DD67D0A5908EF5CEB35A414E4963</sha1>
            <evidenceCollected>
                <evidence>
                    <source>file</source>
                    <name>name</name>
                    <value>jcoverage</value>
                </evidence>
                <evidence>
                    <source>jar</source>
                    <name>package</name>
                    <value>apache</value>
                </evidence>
            </evidenceCollected>
        </dependency>
        <dependency>
            <fileName>winpack.jar</fileName>
            <filePath>/home/bcraig/Documents/Thesis/Analysis/reports/columba/3rdParty/winpack.jar</filePath>
            <md5>DF4429EA936CFD7FD8588E2BAED015A0</md5>
            <sha1>1C5D00F60A25F1EF280AE3D93A8AA00F005DE7E8</sha1>
            <evidenceCollected>
                <evidence>
                    <source>file</source>
                    <name>name</name>
                    <value>winpack</value>
                </evidence>
                <evidence>
                    <source>jar</source>
                    <name>package</name>
                    <value>jniwrapper</value>
                </evidence>
                <evidence>
                    <source>jar</source>
                    <name>package</name>
                    <value>win32</value>
                </evidence>
            </evidenceCollected>
        </dependency>
        <dependency>
            <fileName>jreleaseinfo-1.2.0.jar</fileName>
            <filePath>/home/bcraig/Documents/Thesis/Analysis/reports/columba/3rdParty/jreleaseinfo-1.2.0.jar</filePath>
            <md5>B1FA2B2DF04D6818BE36FCF38FCDF158</md5>
            <sha1>5E560095804CB889522D2B4AF607D7129B39E507</sha1>
            <evidenceCollected>
                <evidence>
                    <source>file</source>
                    <name>name</name>
                    <value>jreleaseinfo-1.2.0</value>
                </evidence>
                <evidence>
                    <source>jar</source>
                    <name>package</name>
                    <value>ch</value>
                </evidence>
                <evidence>
                    <source>jar</source>
                    <name>package</name>
                    <value>jreleaseinfo</value>
                </evidence>
                <evidence>
                    <source>jar</source>
                    <name>package</name>
                    <value>oscg</value>
                </evidence>
                <evidence>
                    <source>jar</source>
                    <name>package name</name>
                    <value>ch</value>
                </evidence>
                <evidence>
                    <source>jar</source>
                    <name>package name</name>
                    <value>info</value>
                </evidence>
                <evidence>
                    <source>jar</source>
                    <name>package name</name>
                    <value>jreleaseinfo</value>
                </evidence>
                <evidence>
                    <source>jar</source>
                    <name>package name</name>
                    <value>oscg</value>
                </evidence>
                <evidence>
                    <source>Manifest</source>
                    <name>ant-extension-name</name>
                    <value>ant</value>
                </evidence>
                <evidence>
                    <source>Manifest</source>
                    <name>ant-implementation-url</name>
                    <value>http://www.ibiblio.org/maven/ant/jars/ant-1.6.jar</value>
                </evidence>
                <evidence>
                    <source>Manifest</source>
                    <name>extension-list</name>
                    <value>junit ant</value>
                </evidence>
                <evidence>
                    <source>Manifest</source>
                    <name>extension-name</name>
                    <value>jreleaseinfo</value>
                </evidence>
                <evidence>
                    <source>Manifest</source>
                    <name>Implementation-Title</name>
                    <value>ch.oscg</value>
                </evidence>
                <evidence>
                    <source>Manifest</source>
                    <name>Implementation-Vendor</name>
                    <value>Open Source Competence Group (OSCG)</value>
                </evidence>
                <evidence>
                    <source>Manifest</source>
                    <name>junit-extension-name</name>
                    <value>junit</value>
                </evidence>
                <evidence>
                    <source>Manifest</source>
                    <name>junit-implementation-url</name>
                    <value>http://www.ibiblio.org/maven/junit/jars/junit-3.8.1.jar</value>
                </evidence>
                <evidence>
                    <source>Manifest</source>
                    <name>specification-title</name>
                    <value>OSCG JReleaseInfo</value>
                </evidence>
                <evidence>
                    <source>Manifest</source>
                    <name>specification-vendor</name>
                    <value>Open Source Competence Group (OSCG)</value>
                </evidence>
            </evidenceCollected>
        </dependency>
        <dependency>
            <fileName>AlturaMessenger.jar</fileName>
            <filePath>/home/bcraig/Documents/Thesis/Analysis/reports/columba/3rdParty/AlturaMessenger.jar</filePath>
            <md5>65062A7CB5E52F9C3CB7E6B1860FCA62</md5>
            <sha1>657536F9EFA665B8083322EB32E73C19FAF03B97</sha1>
            <evidenceCollected>
                <evidence>
                    <source>file</source>
                    <name>name</name>
                    <value>AlturaMessenger</value>
                </evidence>
                <evidence>
                    <source>jar</source>
                    <name>package</name>
                    <value>chat</value>
                </evidence>
                <evidence>
                    <source>jar</source>
                    <name>package</name>
                    <value>columba</value>
                </evidence>
                <evidence>
                    <source>jar</source>
                    <name>package</name>
                    <value>ui</value>
                </evidence>
            </evidenceCollected>
        </dependency>
        <dependency>
            <fileName>kunststoff.jar</fileName>
            <filePath>/home/bcraig/Documents/Thesis/Analysis/reports/columba/3rdParty/kunststoff.jar</filePath>
            <md5>C2CC3FF74A9090CA19014752D7977B0B</md5>
            <sha1>E9A6AA7AD3AC5CDBE18E6F581E20B5DB9A611AD7</sha1>
            <evidenceCollected>
                <evidence>
                    <source>file</source>
                    <name>name</name>
                    <value>kunststoff</value>
                </evidence>
                <evidence>
                    <source>jar</source>
                    <name>package</name>
                    <value>incors</value>
                </evidence>
                <evidence>
                    <source>jar</source>
                    <name>package</name>
                    <value>kunststoff</value>
                </evidence>
                <evidence>
                    <source>jar</source>
                    <name>package</name>
                    <value>plaf</value>
                </evidence>
            </evidenceCollected>
        </dependency>
        <dependency>
            <fileName>jdom.jar</fileName>
            <filePath>/home/bcraig/Documents/Thesis/Analysis/reports/columba/3rdParty/jdom.jar</filePath>
            <md5>B5A4F39BBEF8E77C1AD0A44D39D3BDF7</md5>
            <sha1>7D2B536A9CBD2010640768F78D5E34926CA251BE</sha1>
            <evidenceCollected>
                <evidence>
                    <source>file</source>
                    <name>name</name>
                    <value>jdom</value>
                </evidence>
                <evidence>
                    <source>jar</source>
                    <name>package</name>
                    <value>jdom</value>
                </evidence>
            </evidenceCollected>
        </dependency>
        <dependency>
            <fileName>forms-1.0.5.jar</fileName>
            <filePath>/home/bcraig/Documents/Thesis/Analysis/reports/columba/3rdParty/forms-1.0.5.jar</filePath>
            <md5>D13F193D4E87C1D7ADACC156F2EA3DB1</md5>
            <sha1>8B508B70FA5B2F7B0062D96DC3031D79270463EC</sha1>
            <evidenceCollected>
                <evidence>
                    <source>file</source>
                    <name>name</name>
                    <value>forms-1.0.5</value>
                </evidence>
                <evidence>
                    <source>jar</source>
                    <name>package</name>
                    <value>forms</value>
                </evidence>
                <evidence>
                    <source>jar</source>
                    <name>package</name>
                    <value>jgoodies</value>
                </evidence>
            </evidenceCollected>
        </dependency>
        <dependency>
            <fileName>jniwrap-2.4.jar</fileName>
            <filePath>/home/bcraig/Documents/Thesis/Analysis/reports/columba/3rdParty/jniwrap-2.4.jar</filePath>
            <md5>6EAB109E7B92DCE33A431F07BEB873F0</md5>
            <sha1>1AA84B200E042EF7605820884C5737EDFD347015</sha1>
            <evidenceCollected>
                <evidence>
                    <source>file</source>
                    <name>name</name>
                    <value>jniwrap-2.4</value>
                </evidence>
                <evidence>
                    <source>jar</source>
                    <name>package</name>
                    <value>jniwrapper</value>
                </evidence>
                <evidence>
                    <source>jar</source>
                    <name>package</name>
                    <value>win32</value>
                </evidence>
            </evidenceCollected>
        </dependency>
        <dependency>
            <fileName>metouia.jar</fileName>
            <filePath>/home/bcraig/Documents/Thesis/Analysis/reports/columba/3rdParty/metouia.jar</filePath>
            <md5>2F72594184427416E20DF47CD9AE4D81</md5>
            <sha1>7BA8687A86D85075EF97E7DA716A05E6E3B2B619</sha1>
            <evidenceCollected>
                <evidence>
                    <source>file</source>
                    <name>name</name>
                    <value>metouia</value>
                </evidence>
                <evidence>
                    <source>jar</source>
                    <name>package</name>
                    <value>metouia</value>
                </evidence>
                <evidence>
                    <source>jar</source>
                    <name>package</name>
                    <value>mlf</value>
                </evidence>
                <evidence>
                    <source>jar</source>
                    <name>package</name>
                    <value>net</value>
                </evidence>
                <evidence>
                    <source>jar</source>
                    <name>package</name>
                    <value>sourceforge</value>
                </evidence>
            </evidenceCollected>
        </dependency>
        <dependency>
            <fileName>jhall.jar</fileName>
            <filePath>/home/bcraig/Documents/Thesis/Analysis/reports/columba/3rdParty/jhall.jar</filePath>
            <md5>5747AB90AB328FB4EBD03CD0FCDA48DF</md5>
            <sha1>E2DF7010A5FE652442AC9DA9880F6B57E13284D4</sha1>
            <evidenceCollected>
                <evidence>
                    <source>file</source>
                    <name>name</name>
                    <value>jhall</value>
                </evidence>
                <evidence>
                    <source>jar</source>
                    <name>package</name>
                    <value>help</value>
                </evidence>
                <evidence>
                    <source>jar</source>
                    <name>package</name>
                    <value>javax</value>
                </evidence>
                <evidence>
                    <source>jar</source>
                    <name>package name</name>
                    <value>help</value>
                </evidence>
                <evidence>
                    <source>jar</source>
                    <name>package name</name>
                    <value>java</value>
                </evidence>
                <evidence>
                    <source>jar</source>
                    <name>package name</name>
                    <value>javax</value>
                </evidence>
                <evidence>
                    <source>jar</source>
                    <name>package name</name>
                    <value>sun</value>
                </evidence>
                <evidence>
                    <source>jar (hint)</source>
                    <name>package name</name>
                    <value>oracle</value>
                </evidence>
                <evidence>
                    <source>Manifest</source>
                    <name>extension-name</name>
                    <value>javax.help</value>
                </evidence>
                <evidence>
                    <source>Manifest</source>
                    <name>Implementation-Vendor</name>
                    <value>Sun Microsystems, Inc</value>
                </evidence>
                <evidence>
                    <source>Manifest</source>
                    <name>Implementation-Vendor-Id</name>
                    <value>com.sun</value>
                </evidence>
                <evidence>
                    <source>Manifest</source>
                    <name>Implementation-Version</name>
                    <value>2.0_02</value>
                </evidence>
                <evidence>
                    <source>Manifest</source>
                    <name>specification-vendor</name>
                    <value>Sun Microsystems, Inc</value>
                </evidence>
                <evidence>
                    <source>Manifest</source>
                    <name>specification-version</name>
                    <value>2.0</value>
                </evidence>
            </evidenceCollected>
        </dependency>
        <dependency>
            <fileName>commons-cli-1.0.jar</fileName>
            <filePath>/home/bcraig/Documents/Thesis/Analysis/reports/columba/3rdParty/commons-cli-1.0.jar</filePath>
            <md5>F6FEEB3B3D95F7D09180FD71E96CEAD4</md5>
            <sha1>6DAC9733315224FC562F6268DF58E92D65FD0137</sha1>
            <evidenceCollected>
                <evidence>
                    <source>file</source>
                    <name>name</name>
                    <value>commons-cli-1.0</value>
                </evidence>
                <evidence>
                    <source>jar</source>
                    <name>package</name>
                    <value>apache</value>
                </evidence>
                <evidence>
                    <source>jar</source>
                    <name>package</name>
                    <value>cli</value>
                </evidence>
                <evidence>
                    <source>jar</source>
                    <name>package</name>
                    <value>commons</value>
                </evidence>
            </evidenceCollected>
        </dependency>
        <dependency>
            <fileName>jdic.jar</fileName>
            <filePath>/home/bcraig/Documents/Thesis/Analysis/reports/columba/3rdParty/jdic.jar</filePath>
            <md5>DA1F8B302A72FA4E0CCBDC56982358F2</md5>
            <sha1>F5072186774D7AA8548E79ACE888E37F66507D8E</sha1>
            <evidenceCollected>
                <evidence>
                    <source>file</source>
                    <name>name</name>
                    <value>jdic</value>
                </evidence>
                <evidence>
                    <source>jar</source>
                    <name>package</name>
                    <value>internal</value>
                </evidence>
                <evidence>
                    <source>jar</source>
                    <name>package</name>
                    <value>jdesktop</value>
                </evidence>
                <evidence>
                    <source>jar</source>
                    <name>package</name>
                    <value>jdic</value>
                </evidence>
            </evidenceCollected>
        </dependency>
        <dependency>
            <fileName>ristretto-1.0_RC3.jar</fileName>
            <filePath>/home/bcraig/Documents/Thesis/Analysis/reports/columba/3rdParty/ristretto-1.0_RC3.jar</filePath>
            <md5>90DA8A03DA84CC616C9E104966850C51</md5>
            <sha1>94DE79D86E37B3E79E718398FC17C1525CE60A24</sha1>
            <evidenceCollected>
                <evidence>
                    <source>file</source>
                    <name>name</name>
                    <value>ristretto-1.0_RC3</value>
                </evidence>
                <evidence>
                    <source>jar</source>
                    <name>package</name>
                    <value>columba</value>
                </evidence>
                <evidence>
                    <source>jar</source>
                    <name>package</name>
                    <value>ristretto</value>
                </evidence>
            </evidenceCollected>
        </dependency>
        <dependency>
            <fileName>smackx.jar</fileName>
            <filePath>/home/bcraig/Documents/Thesis/Analysis/reports/columba/3rdParty/smackx.jar</filePath>
            <md5>34AAE1D175F0FD03A87A38792C806442</md5>
            <sha1>129255599903B0AFD51A14E0D2407CA2F6B0736A</sha1>
            <evidenceCollected>
                <evidence>
                    <source>file</source>
                    <name>name</name>
                    <value>smackx</value>
                </evidence>
                <evidence>
                    <source>jar</source>
                    <name>package</name>
                    <value>jivesoftware</value>
                </evidence>
                <evidence>
                    <source>jar</source>
                    <name>package</name>
                    <value>smackx</value>
                </evidence>
            </evidenceCollected>
        </dependency>
        <dependency>
            <fileName>je-1.7.1.jar</fileName>
            <filePath>/home/bcraig/Documents/Thesis/Analysis/reports/columba/3rdParty/je-1.7.1.jar</filePath>
            <md5>6622AE7AD0288C1397C1C92C804B2921</md5>
            <sha1>42FD3E048C3FC088E429357C9D860007802C11FB</sha1>
            <evidenceCollected>
                <evidence>
                    <source>file</source>
                    <name>name</name>
                    <value>je-1.7.1</value>
                </evidence>
                <evidence>
                    <source>jar</source>
                    <name>package</name>
                    <value>je</value>
                </evidence>
                <evidence>
                    <source>jar</source>
                    <name>package</name>
                    <value>sleepycat</value>
                </evidence>
            </evidenceCollected>
        </dependency>
        <dependency>
            <fileName>looks-1.3.1.jar</fileName>
            <filePath>/home/bcraig/Documents/Thesis/Analysis/reports/columba/3rdParty/looks-1.3.1.jar</filePath>
            <md5>A3F1BA5E486B04C593CBD3566FDE858B</md5>
            <sha1>BFA37E190F362442E63423A56250EBDB1EAEB56F</sha1>
            <evidenceCollected>
                <evidence>
                    <source>file</source>
                    <name>name</name>
                    <value>looks-1.3.1</value>
                </evidence>
                <evidence>
                    <source>jar</source>
                    <name>package</name>
                    <value>jgoodies</value>
                </evidence>
                <evidence>
                    <source>jar</source>
                    <name>package</name>
                    <value>looks</value>
                </evidence>
                <evidence>
                    <source>jar</source>
                    <name>package</name>
                    <value>plastic</value>
                </evidence>
                <evidence>
                    <source>jar</source>
                    <name>package name</name>
                    <value>jgoodies</value>
                </evidence>
                <evidence>
                    <source>jar</source>
                    <name>package name</name>
                    <value>looks</value>
                </evidence>
                <evidence>
                    <source>Manifest</source>
                    <name>Implementation-Title</name>
                    <value>JGoodies Looks</value>
                </evidence>
                <evidence>
                    <source>Manifest</source>
                    <name>Implementation-Vendor</name>
                    <value>JGoodies Karsten Lentzsch</value>
                </evidence>
                <evidence>
                    <source>Manifest</source>
                    <name>specification-title</name>
                    <value>JGoodies Looks API Specification</value>
                </evidence>
                <evidence>
                    <source>Manifest</source>
                    <name>specification-vendor</name>
                    <value>JGoodies Karsten Lentzsch</value>
                </evidence>
            </evidenceCollected>
        </dependency>
        <dependency>
            <fileName>jpim.jar</fileName>
            <filePath>/home/bcraig/Documents/Thesis/Analysis/reports/columba/3rdParty/jpim.jar</filePath>
            <md5>D257F536EB9A86B3EE9FFB2D8FE78FEC</md5>
            <sha1>CBC4943A5352EE7B8F3F431F4840951F7C05C31B</sha1>
            <evidenceCollected>
                <evidence>
                    <source>file</source>
                    <name>name</name>
                    <value>jpim</value>
                </evidence>
                <evidence>
                    <source>jar</source>
                    <name>package</name>
                    <value>contact</value>
                </evidence>
                <evidence>
                    <source>jar</source>
                    <name>package</name>
                    <value>net</value>
                </evidence>
                <evidence>
                    <source>jar</source>
                    <name>package</name>
                    <value>pim</value>
                </evidence>
                <evidence>
                    <source>jar</source>
                    <name>package</name>
                    <value>wimpi</value>
                </evidence>
            </evidenceCollected>
        </dependency>
        <dependency>
            <fileName>lucene-1.3-final.jar</fileName>
            <filePath>/home/bcraig/Documents/Thesis/Analysis/reports/columba/3rdParty/lucene-1.3-final.jar</filePath>
            <md5>6B0EADCF855E668F4E7947BF2923DAB1</md5>
            <sha1>F4E7A6A22F8A53FC9E3FAEE87FC2213093AE9C2E</sha1>
            <evidenceCollected>
                <evidence>
                    <source>file</source>
                    <name>name</name>
                    <value>lucene-1.3-final</value>
                </evidence>
                <evidence>
                    <source>jar</source>
                    <name>package</name>
                    <value>apache</value>
                </evidence>
                <evidence>
                    <source>jar</source>
                    <name>package</name>
                    <value>lucene</value>
                </evidence>
            </evidenceCollected>
        </dependency>
        <dependency>
            <fileName>winlaf-0.5.1.jar</fileName>
            <filePath>/home/bcraig/Documents/Thesis/Analysis/reports/columba/3rdParty/winlaf-0.5.1.jar</filePath>
            <md5>F0BB4553824B9C2E8B65B66F436C872A</md5>
            <sha1>10A354F8D5B0C43D135BF34876ACB5C26F0DED95</sha1>
            <evidenceCollected>
                <evidence>
                    <source>file</source>
                    <name>name</name>
                    <value>winlaf-0.5.1</value>
                </evidence>
                <evidence>
                    <source>jar</source>
                    <name>package</name>
                    <value>java</value>
                </evidence>
                <evidence>
                    <source>jar</source>
                    <name>package</name>
                    <value>net</value>
                </evidence>
                <evidence>
                    <source>jar</source>
                    <name>package</name>
                    <value>plaf</value>
                </evidence>
                <evidence>
                    <source>jar</source>
                    <name>package</name>
                    <value>windows</value>
                </evidence>
            </evidenceCollected>
        </dependency>
        <dependency>
            <fileName>mac_mock.jar</fileName>
            <filePath>/home/bcraig/Documents/Thesis/Analysis/reports/columba/3rdParty/mac_mock.jar</filePath>
            <md5>0A5E8142BA30422EFB6E11AF81D91646</md5>
            <sha1>D454475D16521D52759680D8A3E6A4EF4F3BCD6E</sha1>
            <evidenceCollected>
                <evidence>
                    <source>file</source>
                    <name>name</name>
                    <value>mac_mock</value>
                </evidence>
                <evidence>
                    <source>jar</source>
                    <name>package</name>
                    <value>apple</value>
                </evidence>
                <evidence>
                    <source>jar</source>
                    <name>package</name>
                    <value>eio</value>
                </evidence>
                <evidence>
                    <source>jar</source>
                    <name>package</name>
                    <value>filemanager</value>
                </evidence>
            </evidenceCollected>
        </dependency>
        <dependency>
            <fileName>checkstyle-all-3.4.jar</fileName>
            <filePath>/home/bcraig/Documents/Thesis/Analysis/reports/columba/3rdParty/checkstyle-all-3.4.jar</filePath>
            <md5>28F94DA8D5C71FE3E5D41AF015EDF6AC</md5>
            <sha1>5600457B953E18840300767AF0EEC91809B9E598</sha1>
            <evidenceCollected>
                <evidence>
                    <source>file</source>
                    <name>name</name>
                    <value>checkstyle-all-3.4</value>
                </evidence>
            </evidenceCollected>
        </dependency>
        <dependency>
            <fileName>macchiato-1.0pre1.jar</fileName>
            <filePath>/home/bcraig/Documents/Thesis/Analysis/reports/columba/3rdParty/macchiato-1.0pre1.jar</filePath>
            <md5>1953FB310CCD7960C9BE1FD09AB4FEF0</md5>
            <sha1>D71845E950AED7A4071B042E2A3B981A10DCEA5B</sha1>
            <evidenceCollected>
                <evidence>
                    <source>file</source>
                    <name>name</name>
                    <value>macchiato-1.0pre1</value>
                </evidence>
                <evidence>
                    <source>jar</source>
                    <name>package</name>
                    <value>macchiato</value>
                </evidence>
            </evidenceCollected>
        </dependency>
        <dependency>
            <fileName>hippolf.jar</fileName>
            <filePath>/home/bcraig/Documents/Thesis/Analysis/reports/columba/3rdParty/hippolf.jar</filePath>
            <md5>91CA749C6A8B5A7CBF9D9567E82CBED4</md5>
            <sha1>C7E33DB7FF776A34D145DE741498FCE51D0D90F2</sha1>
            <evidenceCollected>
                <evidence>
                    <source>file</source>
                    <name>name</name>
                    <value>hippolf</value>
                </evidence>
                <evidence>
                    <source>jar</source>
                    <name>package</name>
                    <value>diod</value>
                </evidence>
                <evidence>
                    <source>jar</source>
                    <name>package</name>
                    <value>hippo</value>
                </evidence>
                <evidence>
                    <source>jar</source>
                    <name>package</name>
                    <value>plaf</value>
                </evidence>
                <evidence>
                    <source>jar</source>
                    <name>package</name>
                    <value>se</value>
                </evidence>
            </evidenceCollected>
        </dependency>
        <dependency>
            <fileName>liquidlnf.jar</fileName>
            <filePath>/home/bcraig/Documents/Thesis/Analysis/reports/columba/3rdParty/liquidlnf.jar</filePath>
            <md5>3856C16812142F48E84890410A4F7CF5</md5>
            <sha1>A4179D526B8AC0B6AE674D5E003F709BC1492AD8</sha1>
            <evidenceCollected>
                <evidence>
                    <source>file</source>
                    <name>name</name>
                    <value>liquidlnf</value>
                </evidence>
                <evidence>
                    <source>jar</source>
                    <name>package</name>
                    <value>birosoft</value>
                </evidence>
                <evidence>
                    <source>jar</source>
                    <name>package</name>
                    <value>liquid</value>
                </evidence>
            </evidenceCollected>
        </dependency>
        <dependency>
            <fileName>frapuccino-1.0pre1.jar</fileName>
            <filePath>/home/bcraig/Documents/Thesis/Analysis/reports/columba/3rdParty/frapuccino-1.0pre1.jar</filePath>
            <md5>D1C7A9EB6A25404C44559CBEAEC4DE9A</md5>
            <sha1>58DF925D02191ADD5C55ED638B81041C57A70CDA</sha1>
            <evidenceCollected>
                <evidence>
                    <source>file</source>
                    <name>name</name>
                    <value>frapuccino-1.0pre1</value>
                </evidence>
                <evidence>
                    <source>jar</source>
                    <name>package</name>
                    <value>frapuccino</value>
                </evidence>
            </evidenceCollected>
        </dependency>
        <dependency>
            <fileName>groovy-all-1.0-jsr-02.jar</fileName>
            <filePath>/home/bcraig/Documents/Thesis/Analysis/reports/columba/3rdParty/groovy-all-1.0-jsr-02.jar</filePath>
            <md5>C42B796B8E1FC4EB6912BBA2BC7AF6EA</md5>
            <sha1>578F13716073374FEA5987B20E9EC277C919689E</sha1>
            <evidenceCollected>
                <evidence>
                    <source>file</source>
                    <name>name</name>
                    <value>groovy-all-1.0-jsr-02</value>
                </evidence>
                <evidence>
                    <source>jar</source>
                    <name>package</name>
                    <value>groovy</value>
                </evidence>
                <evidence>
                    <source>jar</source>
                    <name>package name</name>
                    <value>codehaus</value>
                </evidence>
                <evidence>
                    <source>jar</source>
                    <name>package name</name>
                    <value>groovy</value>
                </evidence>
                <evidence>
                    <source>jar</source>
                    <name>package name</name>
                    <value>lang</value>
                </evidence>
                <evidence>
                    <source>jar</source>
                    <name>package name</name>
                    <value>script</value>
                </evidence>
                <evidence>
                    <source>Manifest</source>
                    <name>extension-name</name>
                    <value>groovy</value>
                </evidence>
                <evidence>
                    <source>Manifest</source>
                    <name>Implementation-Title</name>
                    <value></value>
                </evidence>
                <evidence>
                    <source>Manifest</source>
                    <name>Implementation-Vendor</name>
                    <value>The Codehaus</value>
                </evidence>
                <evidence>
                    <source>Manifest</source>
                    <name>specification-title</name>
                    <value>groovy: a powerful and dynamic scripting langu...</value>
                </evidence>
                <evidence>
                    <source>Manifest</source>
                    <name>specification-vendor</name>
                    <value>The Codehaus</value>
                </evidence>
            </evidenceCollected>
        </dependency>
        <dependency>
            <fileName>jscf-0.3.jar</fileName>
            <filePath>/home/bcraig/Documents/Thesis/Analysis/reports/columba/3rdParty/jscf-0.3.jar</filePath>
            <md5>B177C9B964E97F2737A9F762DEA71C28</md5>
            <sha1>7D0112002B6B1C183940E1A00FABFD388F091A40</sha1>
            <evidenceCollected>
                <evidence>
                    <source>file</source>
                    <name>name</name>
                    <value>jscf-0.3</value>
                </evidence>
                <evidence>
                    <source>jar</source>
                    <name>package</name>
                    <value>jscf</value>
                </evidence>
                <evidence>
                    <source>jar</source>
                    <name>package</name>
                    <value>waffel</value>
                </evidence>
                <evidence>
                    <source>jar</source>
                    <name>package name</name>
                    <value>jscf</value>
                </evidence>
                <evidence>
                    <source>jar</source>
                    <name>package name</name>
                    <value>waffel</value>
                </evidence>
                <evidence>
                    <source>Manifest</source>
                    <name>extension-name</name>
                    <value>jscf</value>
                </evidence>
                <evidence>
                    <source>Manifest</source>
                    <name>Implementation-Title</name>
                    <value>org.waffel.jscf</value>
                </evidence>
                <evidence>
                    <source>Manifest</source>
                    <name>Implementation-Vendor</name>
                    <value></value>
                </evidence>
                <evidence>
                    <source>Manifest</source>
                    <name>specification-title</name>
                    <value>Java Security Component Framework</value>
                </evidence>
                <evidence>
                    <source>Manifest</source>
                    <name>specification-vendor</name>
                    <value></value>
                </evidence>
            </evidenceCollected>
        </dependency>
    </dependencies>
</analysis>