<?xml version="1.0"?>
<analysis xmlns="https://www.owasp.org/index.php/OWASP_Dependency_Check">
    <projectInfo>
        <name>compiere</name>
        <reportDate>Feb 8, 2014 11:41:44 AM</reportDate>
        <credits>This report contains data retrieved from the National Vulnerability Database: http://nvd.nist.gov</credits>
    </projectInfo>
    <dependencies>
        <dependency>
            <fileName>Compiere.jar</fileName>
            <filePath>/home/bcraig/Documents/Thesis/Analysis/reports/compiere/Source/Compiere.jar</filePath>
            <md5>AFEBC697BA875235F6E71A1397641F3E</md5>
            <sha1>BAAF5AD64610CBD3E458B1AE510C6783144DF208</sha1>
            <evidenceCollected>
                <evidence>
                    <source>file</source>
                    <name>name</name>
                    <value>Compiere</value>
                </evidence>
                <evidence>
                    <source>jar</source>
                    <name>package</name>
                    <value>compiere</value>
                </evidence>
                <evidence>
                    <source>jar</source>
                    <name>package</name>
                    <value>model</value>
                </evidence>
                <evidence>
                    <source>jar</source>
                    <name>package name</name>
                    <value>compiere</value>
                </evidence>
                <evidence>
                    <source>Manifest</source>
                    <name>Implementation-Title</name>
                    <value>Compiere 3.3.0</value>
                </evidence>
                <evidence>
                    <source>Manifest</source>
                    <name>implementation-url</name>
                    <value>http://www.compiere.com</value>
                </evidence>
                <evidence>
                    <source>Manifest</source>
                    <name>Implementation-Vendor</name>
                    <value>Compiere Inc. (C) 1999-2009</value>
                </evidence>
                <evidence>
                    <source>Manifest</source>
                    <name>specification-title</name>
                    <value>Compiere</value>
                </evidence>
                <evidence>
                    <source>Manifest</source>
                    <name>specification-vendor</name>
                    <value>(C) 2006 ComPiere, Inc.</value>
                </evidence>
            </evidenceCollected>
        </dependency>
        <dependency>
            <fileName>CompiereInstall.jar</fileName>
            <filePath>/home/bcraig/Documents/Thesis/Analysis/reports/compiere/Source/CompiereInstall.jar</filePath>
            <md5>579E597D9999C242D969D3FE5A0D30BB</md5>
            <sha1>E90F50DFD47E2E91F6DA71D5A445DB4247C374D4</sha1>
            <evidenceCollected>
                <evidence>
                    <source>file</source>
                    <name>name</name>
                    <value>CompiereInstall</value>
                </evidence>
                <evidence>
                    <source>jar</source>
                    <name>package</name>
                    <value>compiere</value>
                </evidence>
                <evidence>
                    <source>jar</source>
                    <name>package</name>
                    <value>model</value>
                </evidence>
                <evidence>
                    <source>jar</source>
                    <name>package name</name>
                    <value>compiere</value>
                </evidence>
                <evidence>
                    <source>Manifest</source>
                    <name>Implementation-Title</name>
                    <value>Compiere 3.3.0</value>
                </evidence>
                <evidence>
                    <source>Manifest</source>
                    <name>implementation-url</name>
                    <value>http://www.compiere.com</value>
                </evidence>
                <evidence>
                    <source>Manifest</source>
                    <name>Implementation-Vendor</name>
                    <value>Compiere Inc. (C) 1999-2009</value>
                </evidence>
                <evidence>
                    <source>Manifest</source>
                    <name>specification-title</name>
                    <value>Compiere</value>
                </evidence>
                <evidence>
                    <source>Manifest</source>
                    <name>specification-vendor</name>
                    <value>(C) 2006 ComPiere, Inc.</value>
                </evidence>
            </evidenceCollected>
        </dependency>
        <dependency>
            <fileName>compiereApps.jar</fileName>
            <filePath>/home/bcraig/Documents/Thesis/Analysis/reports/compiere/Source/compiereApps.jar</filePath>
            <md5>D62F31B95908D9409D54B20944E39D6B</md5>
            <sha1>1B736A542AD6F258742B35FD2E5BCF897F030664</sha1>
            <evidenceCollected>
                <evidence>
                    <source>file</source>
                    <name>name</name>
                    <value>compiereApps</value>
                </evidence>
                <evidence>
                    <source>jar</source>
                    <name>package</name>
                    <value>compiere</value>
                </evidence>
                <evidence>
                    <source>jar</source>
                    <name>package</name>
                    <value>wstore</value>
                </evidence>
                <evidence>
                    <source>jar</source>
                    <name>package name</name>
                    <value>compiere</value>
                </evidence>
                <evidence>
                    <source>Manifest</source>
                    <name>Implementation-Title</name>
                    <value>CompiereApps 3.3.0</value>
                </evidence>
                <evidence>
                    <source>Manifest</source>
                    <name>implementation-url</name>
                    <value>http://www.compiere.com</value>
                </evidence>
                <evidence>
                    <source>Manifest</source>
                    <name>Implementation-Vendor</name>
                    <value>Compiere Inc. (C) 1999-2009</value>
                </evidence>
                <evidence>
                    <source>Manifest</source>
                    <name>specification-title</name>
                    <value>CompiereApps</value>
                </evidence>
                <evidence>
                    <source>Manifest</source>
                    <name>specification-vendor</name>
                    <value>(C) 2006 ComPiere, Inc.</value>
                </evidence>
            </evidenceCollected>
        </dependency>
        <dependency>
            <fileName>compiereRoot.jar</fileName>
            <filePath>/home/bcraig/Documents/Thesis/Analysis/reports/compiere/Source/compiereRoot.jar</filePath>
            <md5>1673E8180E757350E236AB6F47D9EC9B</md5>
            <sha1>2DEE4880FBE42BADFF5C30BAC25D734081C2ECD0</sha1>
            <evidenceCollected>
                <evidence>
                    <source>file</source>
                    <name>name</name>
                    <value>compiereRoot</value>
                </evidence>
                <evidence>
                    <source>jar</source>
                    <name>package</name>
                    <value>acct</value>
                </evidence>
                <evidence>
                    <source>jar</source>
                    <name>package</name>
                    <value>compiere</value>
                </evidence>
                <evidence>
                    <source>jar</source>
                    <name>package name</name>
                    <value>compiere</value>
                </evidence>
                <evidence>
                    <source>Manifest</source>
                    <name>Implementation-Title</name>
                    <value>CompiereRoot 3.3.0</value>
                </evidence>
                <evidence>
                    <source>Manifest</source>
                    <name>implementation-url</name>
                    <value>http://www.compiere.com</value>
                </evidence>
                <evidence>
                    <source>Manifest</source>
                    <name>Implementation-Vendor</name>
                    <value>Compiere Inc. (C) 1999-2009</value>
                </evidence>
                <evidence>
                    <source>Manifest</source>
                    <name>Implementation-Version</name>
                    <value>3.3.0 20090303-1343</value>
                </evidence>
                <evidence>
                    <source>Manifest</source>
                    <name>specification-title</name>
                    <value>CompiereRoot</value>
                </evidence>
                <evidence>
                    <source>Manifest</source>
                    <name>specification-vendor</name>
                    <value>(C) 2006 ComPiere, Inc.</value>
                </evidence>
                <evidence>
                    <source>Manifest</source>
                    <name>specification-version</name>
                    <value>3.3.0</value>
                </evidence>
            </evidenceCollected>
            <identifiers>
                <identifier type="cpe">
                    <name>(cpe:/a:root:root:3.3.0)</name>
                </identifier>
            </identifiers>
        </dependency>
    </dependencies>
</analysis>