<?xml version="1.0"?>
<analysis xmlns="https://www.owasp.org/index.php/OWASP_Dependency_Check">
    <projectInfo>
        <name>derby</name>
        <reportDate>Feb 8, 2014 11:42:18 AM</reportDate>
        <credits>This report contains data retrieved from the National Vulnerability Database: http://nvd.nist.gov</credits>
    </projectInfo>
    <dependencies>
        <dependency>
            <fileName>existingDb.jar</fileName>
            <filePath>/home/bcraig/Documents/Thesis/Analysis/reports/derby/3rdParty/existingDb.jar</filePath>
            <md5>42D66252793FA69F035B117414C15FB7</md5>
            <sha1>E97916799B41DC9AAC61A9D17E6A3CAF28C6BBE6</sha1>
            <evidenceCollected>
                <evidence>
                    <source>file</source>
                    <name>name</name>
                    <value>existingDb</value>
                </evidence>
            </evidenceCollected>
        </dependency>
        <dependency>
            <fileName>dcl_ot2.jar</fileName>
            <filePath>/home/bcraig/Documents/Thesis/Analysis/reports/derby/3rdParty/dcl_ot2.jar</filePath>
            <md5>645EBA2C05B77D9939BD531F047E9924</md5>
            <sha1>F2AB3B8447434B93FC10E97C1015363DDC75F6AC</sha1>
            <evidenceCollected>
                <evidence>
                    <source>file</source>
                    <name>name</name>
                    <value>dcl_ot2</value>
                </evidence>
                <evidence>
                    <source>jar</source>
                    <name>package</name>
                    <value>apache</value>
                </evidence>
                <evidence>
                    <source>jar</source>
                    <name>package</name>
                    <value>databaseclassloader</value>
                </evidence>
                <evidence>
                    <source>jar</source>
                    <name>package</name>
                    <value>derbytesting</value>
                </evidence>
                <evidence>
                    <source>jar</source>
                    <name>package</name>
                    <value>ot</value>
                </evidence>
            </evidenceCollected>
        </dependency>
        <dependency>
            <fileName>toursdb.jar</fileName>
            <filePath>/home/bcraig/Documents/Thesis/Analysis/reports/derby/3rdParty/toursdb.jar</filePath>
            <md5>321C306EA6C817A0045BF433886577A6</md5>
            <sha1>19AECCC52312EF10C0F8E7577201D068C0992048</sha1>
            <evidenceCollected>
                <evidence>
                    <source>file</source>
                    <name>name</name>
                    <value>toursdb</value>
                </evidence>
            </evidenceCollected>
        </dependency>
        <dependency>
            <fileName>commons-io-1.1.jar</fileName>
            <filePath>/home/bcraig/Documents/Thesis/Analysis/reports/derby/3rdParty/commons-io-1.1.jar</filePath>
            <md5>FFD27D70F20214E49F9B796BF6FE32F4</md5>
            <sha1>5E986A7E4B0472AEBE121154178DAB2DA26A8BF5</sha1>
            <evidenceCollected>
                <evidence>
                    <source>file</source>
                    <name>name</name>
                    <value>commons-io-1.1</value>
                </evidence>
                <evidence>
                    <source>jar</source>
                    <name>package</name>
                    <value>apache</value>
                </evidence>
                <evidence>
                    <source>jar</source>
                    <name>package</name>
                    <value>commons</value>
                </evidence>
                <evidence>
                    <source>jar</source>
                    <name>package</name>
                    <value>io</value>
                </evidence>
                <evidence>
                    <source>jar</source>
                    <name>package name</name>
                    <value>apache</value>
                </evidence>
                <evidence>
                    <source>jar</source>
                    <name>package name</name>
                    <value>commons</value>
                </evidence>
                <evidence>
                    <source>jar</source>
                    <name>package name</name>
                    <value>io</value>
                </evidence>
                <evidence>
                    <source>Manifest</source>
                    <name>extension-name</name>
                    <value>commons-io</value>
                </evidence>
                <evidence>
                    <source>Manifest</source>
                    <name>Implementation-Title</name>
                    <value>org.apache.commons.io</value>
                </evidence>
                <evidence>
                    <source>Manifest</source>
                    <name>Implementation-Vendor</name>
                    <value>Apache Software Foundation</value>
                </evidence>
                <evidence>
                    <source>Manifest</source>
                    <name>specification-title</name>
                    <value>Commons IO</value>
                </evidence>
                <evidence>
                    <source>Manifest</source>
                    <name>specification-vendor</name>
                    <value>Apache Software Foundation</value>
                </evidence>
            </evidenceCollected>
        </dependency>
        <dependency>
            <fileName>batik-all-1.6.jar</fileName>
            <filePath>/home/bcraig/Documents/Thesis/Analysis/reports/derby/3rdParty/batik-all-1.6.jar</filePath>
            <md5>06CE8FE5A528F0500B43A3AFCD622EC8</md5>
            <sha1>614F844F0B45B7E7CE4F5EDEBC8D19F642ADBC79</sha1>
            <evidenceCollected>
                <evidence>
                    <source>file</source>
                    <name>name</name>
                    <value>batik-all-1.6</value>
                </evidence>
                <evidence>
                    <source>jar</source>
                    <name>package</name>
                    <value>apache</value>
                </evidence>
                <evidence>
                    <source>jar</source>
                    <name>package</name>
                    <value>batik</value>
                </evidence>
            </evidenceCollected>
        </dependency>
        <dependency>
            <fileName>xmlgraphics-commons-1.1.jar</fileName>
            <filePath>/home/bcraig/Documents/Thesis/Analysis/reports/derby/3rdParty/xmlgraphics-commons-1.1.jar</filePath>
            <md5>9C7E9F37097A38152915331C04BB7832</md5>
            <sha1>359C8FE7625AD7F330368656E74B900E801B6CCC</sha1>
            <evidenceCollected>
                <evidence>
                    <source>file</source>
                    <name>name</name>
                    <value>xmlgraphics-commons-1.1</value>
                </evidence>
                <evidence>
                    <source>jar</source>
                    <name>package</name>
                    <value>apache</value>
                </evidence>
                <evidence>
                    <source>jar</source>
                    <name>package</name>
                    <value>xmlgraphics</value>
                </evidence>
                <evidence>
                    <source>jar</source>
                    <name>package name</name>
                    <value>apache</value>
                </evidence>
                <evidence>
                    <source>jar</source>
                    <name>package name</name>
                    <value>io</value>
                </evidence>
                <evidence>
                    <source>jar</source>
                    <name>package name</name>
                    <value>xmlgraphics</value>
                </evidence>
                <evidence>
                    <source>Manifest</source>
                    <name>build-id</name>
                    <value>20061219-163757-CET (vhennebert [Linux 2.6.15-27-386 i386, Java 1.4.2_12-b03])</value>
                </evidence>
                <evidence>
                    <source>Manifest</source>
                    <name>Implementation-Title</name>
                    <value>Apache XML Graphics Commons</value>
                </evidence>
                <evidence>
                    <source>Manifest</source>
                    <name>Implementation-Vendor</name>
                    <value>The Apache Software Foundation (http://xmlgraphics.apache.org/)</value>
                </evidence>
            </evidenceCollected>
        </dependency>
        <dependency>
            <fileName>serializer.jar</fileName>
            <filePath>/home/bcraig/Documents/Thesis/Analysis/reports/derby/3rdParty/serializer.jar</filePath>
            <md5>E66413AF3C2DF03C269F828B38DAEA06</md5>
            <sha1>23421410AC3AB6C67D1A4C18105EF97566610E8E</sha1>
            <evidenceCollected>
                <evidence>
                    <source>file</source>
                    <name>name</name>
                    <value>serializer</value>
                </evidence>
                <evidence>
                    <source>jar</source>
                    <name>package</name>
                    <value>apache</value>
                </evidence>
                <evidence>
                    <source>jar</source>
                    <name>package</name>
                    <value>serializer</value>
                </evidence>
                <evidence>
                    <source>jar</source>
                    <name>package</name>
                    <value>xml</value>
                </evidence>
            </evidenceCollected>
        </dependency>
        <dependency>
            <fileName>commons-logging-1.0.4.jar</fileName>
            <filePath>/home/bcraig/Documents/Thesis/Analysis/reports/derby/3rdParty/commons-logging-1.0.4.jar</filePath>
            <md5>8A507817B28077E0478ADD944C64586A</md5>
            <sha1>F029A2AEFE2B3E1517573C580F948CAAC31B1056</sha1>
            <evidenceCollected>
                <evidence>
                    <source>file</source>
                    <name>name</name>
                    <value>commons-logging-1.0.4</value>
                </evidence>
                <evidence>
                    <source>jar</source>
                    <name>package</name>
                    <value>apache</value>
                </evidence>
                <evidence>
                    <source>jar</source>
                    <name>package</name>
                    <value>commons</value>
                </evidence>
                <evidence>
                    <source>jar</source>
                    <name>package</name>
                    <value>impl</value>
                </evidence>
                <evidence>
                    <source>jar</source>
                    <name>package</name>
                    <value>logging</value>
                </evidence>
                <evidence>
                    <source>jar</source>
                    <name>package name</name>
                    <value>apache</value>
                </evidence>
                <evidence>
                    <source>jar</source>
                    <name>package name</name>
                    <value>commons</value>
                </evidence>
                <evidence>
                    <source>jar</source>
                    <name>package name</name>
                    <value>log</value>
                </evidence>
                <evidence>
                    <source>jar</source>
                    <name>package name</name>
                    <value>logging</value>
                </evidence>
                <evidence>
                    <source>Manifest</source>
                    <name>extension-name</name>
                    <value>org.apache.commons.logging</value>
                </evidence>
                <evidence>
                    <source>Manifest</source>
                    <name>Implementation-Vendor</name>
                    <value>Apache Software Foundation</value>
                </evidence>
                <evidence>
                    <source>Manifest</source>
                    <name>specification-vendor</name>
                    <value>Apache Software Foundation</value>
                </evidence>
            </evidenceCollected>
        </dependency>
        <dependency>
            <fileName>xalan.jar</fileName>
            <filePath>/home/bcraig/Documents/Thesis/Analysis/reports/derby/3rdParty/xalan.jar</filePath>
            <md5>F956FE53CE40FCEB3F35665470F30618</md5>
            <sha1>0EADCFDAA573CD5F163103DDFD46FF6457F35F54</sha1>
            <evidenceCollected>
                <evidence>
                    <source>file</source>
                    <name>name</name>
                    <value>xalan</value>
                </evidence>
                <evidence>
                    <source>jar</source>
                    <name>package</name>
                    <value>apache</value>
                </evidence>
            </evidenceCollected>
        </dependency>
        <dependency>
            <fileName>j1v1.jar</fileName>
            <filePath>/home/bcraig/Documents/Thesis/Analysis/reports/derby/3rdParty/j1v1.jar</filePath>
            <md5>9C9AAFA532474905D00BAC57CDDCB686</md5>
            <sha1>2E7A6807EE633701D9D1E0B3D3A2F28F8FDE7EC9</sha1>
            <evidenceCollected>
                <evidence>
                    <source>file</source>
                    <name>name</name>
                    <value>j1v1</value>
                </evidence>
            </evidenceCollected>
        </dependency>
        <dependency>
            <fileName>jakarta-oro-2.0.8.jar</fileName>
            <filePath>/home/bcraig/Documents/Thesis/Analysis/reports/derby/3rdParty/jakarta-oro-2.0.8.jar</filePath>
            <md5>42E940D5D2D822F4DC04C65053E630AB</md5>
            <sha1>5592374F834645C4AE250F4C9FBB314C9369D698</sha1>
            <evidenceCollected>
                <evidence>
                    <source>file</source>
                    <name>name</name>
                    <value>jakarta-oro-2.0.8</value>
                </evidence>
                <evidence>
                    <source>jar</source>
                    <name>package</name>
                    <value>apache</value>
                </evidence>
                <evidence>
                    <source>jar</source>
                    <name>package</name>
                    <value>oro</value>
                </evidence>
                <evidence>
                    <source>jar</source>
                    <name>package</name>
                    <value>text</value>
                </evidence>
            </evidenceCollected>
        </dependency>
        <dependency>
            <fileName>geronimo-spec-servlet-2.4-rc4.jar</fileName>
            <filePath>/home/bcraig/Documents/Thesis/Analysis/reports/derby/3rdParty/geronimo-spec-servlet-2.4-rc4.jar</filePath>
            <md5>D36ED0B8B542539DE993699F51A6DBFB</md5>
            <sha1>0233BAD923E001E9B12034A6AA1B52759CADC20E</sha1>
            <evidenceCollected>
                <evidence>
                    <source>file</source>
                    <name>name</name>
                    <value>2.4.rc4</value>
                </evidence>
                <evidence>
                    <source>file</source>
                    <name>name</name>
                    <value>geronimo-spec-servlet-2.4-rc4</value>
                </evidence>
                <evidence>
                    <source>file</source>
                    <name>name</name>
                    <value>geronimo-spec-servlet-2.4-rc4</value>
                </evidence>
                <evidence>
                    <source>jar</source>
                    <name>package</name>
                    <value>javax</value>
                </evidence>
                <evidence>
                    <source>jar</source>
                    <name>package</name>
                    <value>servlet</value>
                </evidence>
                <evidence>
                    <source>jar</source>
                    <name>package name</name>
                    <value>javax</value>
                </evidence>
                <evidence>
                    <source>jar</source>
                    <name>package name</name>
                    <value>servlet</value>
                </evidence>
                <evidence>
                    <source>Manifest</source>
                    <name>extension-name</name>
                    <value>geronimo-spec-servlet</value>
                </evidence>
                <evidence>
                    <source>Manifest</source>
                    <name>Implementation-Title</name>
                    <value>javax.servlet</value>
                </evidence>
                <evidence>
                    <source>Manifest</source>
                    <name>Implementation-Vendor</name>
                    <value>Apache Software Foundation</value>
                </evidence>
                <evidence>
                    <source>Manifest</source>
                    <name>Implementation-Version</name>
                    <value>2.4-rc4</value>
                </evidence>
                <evidence>
                    <source>Manifest</source>
                    <name>specification-title</name>
                    <value></value>
                </evidence>
                <evidence>
                    <source>Manifest</source>
                    <name>specification-vendor</name>
                    <value>Apache Software Foundation</value>
                </evidence>
            </evidenceCollected>
            <identifiers>
                <identifier type="cpe">
                    <name>(cpe:/a:apache:geronimo)</name>
                    <url>http://web.nvd.nist.gov/view/vuln/search?cpe=cpe%3A%2Fa%3Aapache%3Ageronimo</url>
                </identifier>
            </identifiers>
            <vulnerabilities>
                <vulnerability>
                    <name>CVE-2008-0732</name>
                    <cvssScore>2.1</cvssScore>
                    <severity>Low</severity>
                    <cwe>CWE-59 Improper Link Resolution Before File Access (&apos;Link Following&apos;)</cwe>
                    <description>The init script for Apache Geronimo on SUSE Linux follows symlinks when performing a chown operation, which might allow local users to obtain access to unspecified files or directories.</description>
                    <references>
                        <reference>
                            <source>SECUNIA</source>
                            <url>http://secunia.com/advisories/28838</url>
                            <name>28838</name>
                        </reference>
                        <reference>
                            <source>SUSE</source>
                            <url>http://lists.opensuse.org/opensuse-security-announce/2008-02/msg00003.html</url>
                            <name>SUSE-SR:2008:003</name>
                        </reference>
                    </references>
                    <vulnerableSoftware>
                        <software>cpe:/a:apache:geronimo</software>
                    </vulnerableSoftware>
                </vulnerability>
            </vulnerabilities>
        </dependency>
        <dependency>
            <fileName>avalon-framework-4.2.0.jar</fileName>
            <filePath>/home/bcraig/Documents/Thesis/Analysis/reports/derby/3rdParty/avalon-framework-4.2.0.jar</filePath>
            <md5>0B0AFBCC6FFDC4CD22A77396CD7562D1</md5>
            <sha1>EEB6DDF6941B08D4DE45D3278942ED7C786BE87D</sha1>
            <evidenceCollected>
                <evidence>
                    <source>file</source>
                    <name>name</name>
                    <value>avalon-framework-4.2.0</value>
                </evidence>
                <evidence>
                    <source>jar</source>
                    <name>package</name>
                    <value>apache</value>
                </evidence>
                <evidence>
                    <source>jar</source>
                    <name>package</name>
                    <value>avalon</value>
                </evidence>
                <evidence>
                    <source>jar</source>
                    <name>package</name>
                    <value>framework</value>
                </evidence>
                <evidence>
                    <source>jar</source>
                    <name>package name</name>
                    <value>apache</value>
                </evidence>
                <evidence>
                    <source>jar</source>
                    <name>package name</name>
                    <value>avalon</value>
                </evidence>
                <evidence>
                    <source>jar</source>
                    <name>package name</name>
                    <value>framework</value>
                </evidence>
                <evidence>
                    <source>Manifest</source>
                    <name>extension-name</name>
                    <value>avalon-framework</value>
                </evidence>
                <evidence>
                    <source>Manifest</source>
                    <name>Implementation-Vendor</name>
                    <value>Apache Software Foundation</value>
                </evidence>
                <evidence>
                    <source>Manifest</source>
                    <name>Implementation-Vendor-Id</name>
                    <value>ASF</value>
                </evidence>
                <evidence>
                    <source>Manifest</source>
                    <name>specification-title</name>
                    <value>Avalon Framework API</value>
                </evidence>
                <evidence>
                    <source>Manifest</source>
                    <name>specification-vendor</name>
                    <value>Apache Software Foundation</value>
                </evidence>
            </evidenceCollected>
        </dependency>
        <dependency>
            <fileName>xalan-2.7.0.jar</fileName>
            <filePath>/home/bcraig/Documents/Thesis/Analysis/reports/derby/3rdParty/xalan-2.7.0.jar</filePath>
            <md5>126C0C876A6B9726CFDD43F052923660</md5>
            <sha1>10F170DA8DFBCDCC4098131BA773710F0BA7AEF1</sha1>
            <evidenceCollected>
                <evidence>
                    <source>file</source>
                    <name>name</name>
                    <value>xalan-2.7.0</value>
                </evidence>
                <evidence>
                    <source>jar</source>
                    <name>package</name>
                    <value>apache</value>
                </evidence>
            </evidenceCollected>
        </dependency>
        <dependency>
            <fileName>j1v2.jar</fileName>
            <filePath>/home/bcraig/Documents/Thesis/Analysis/reports/derby/3rdParty/j1v2.jar</filePath>
            <md5>5362F67C20829F0C6A7FA07EAD80FC47</md5>
            <sha1>7332DE920485C92B8C47AB77853F4A1ADEEEE30B</sha1>
            <evidenceCollected>
                <evidence>
                    <source>file</source>
                    <name>name</name>
                    <value>j1v2</value>
                </evidence>
            </evidenceCollected>
        </dependency>
        <dependency>
            <fileName>brtestjar.jar</fileName>
            <filePath>/home/bcraig/Documents/Thesis/Analysis/reports/derby/3rdParty/brtestjar.jar</filePath>
            <md5>CED7F952953E4913D610BEE3C5571132</md5>
            <sha1>BF2B80767DC90F748BEE6DC4BA229867BAB289E0</sha1>
            <evidenceCollected>
                <evidence>
                    <source>file</source>
                    <name>name</name>
                    <value>brtestjar</value>
                </evidence>
                <evidence>
                    <source>jar</source>
                    <name>package</name>
                    <value>codeinajar</value>
                </evidence>
                <evidence>
                    <source>jar</source>
                    <name>package</name>
                    <value>dbytesting</value>
                </evidence>
            </evidenceCollected>
        </dependency>
        <dependency>
            <fileName>xml-apis-1.3.02.jar</fileName>
            <filePath>/home/bcraig/Documents/Thesis/Analysis/reports/derby/3rdParty/xml-apis-1.3.02.jar</filePath>
            <md5>2E7AED876C51AF3EE6A23ED524180D37</md5>
            <sha1>DC7315E359B5E43F20131414D60B5C307AACE975</sha1>
            <evidenceCollected>
                <evidence>
                    <source>file</source>
                    <name>name</name>
                    <value>xml-apis-1.3.02</value>
                </evidence>
                <evidence>
                    <source>jar</source>
                    <name>package</name>
                    <value>dom</value>
                </evidence>
                <evidence>
                    <source>jar</source>
                    <name>package</name>
                    <value>xml</value>
                </evidence>
            </evidenceCollected>
        </dependency>
        <dependency>
            <fileName>dcl_emcaddon.jar</fileName>
            <filePath>/home/bcraig/Documents/Thesis/Analysis/reports/derby/3rdParty/dcl_emcaddon.jar</filePath>
            <md5>137639A6C1752325016B1AAF0129CEF0</md5>
            <sha1>2346DADE4178C4BAB6635659E07A8CCE02CF02BD</sha1>
            <evidenceCollected>
                <evidence>
                    <source>file</source>
                    <name>name</name>
                    <value>dcl_emcaddon</value>
                </evidence>
                <evidence>
                    <source>jar</source>
                    <name>package</name>
                    <value>addon</value>
                </evidence>
                <evidence>
                    <source>jar</source>
                    <name>package</name>
                    <value>apache</value>
                </evidence>
                <evidence>
                    <source>jar</source>
                    <name>package</name>
                    <value>databaseclassloader</value>
                </evidence>
                <evidence>
                    <source>jar</source>
                    <name>package</name>
                    <value>derbytesting</value>
                </evidence>
            </evidenceCollected>
        </dependency>
        <dependency>
            <fileName>dcl_emc1.jar</fileName>
            <filePath>/home/bcraig/Documents/Thesis/Analysis/reports/derby/3rdParty/dcl_emc1.jar</filePath>
            <md5>B83A976AD10D3CAC5F7C16572DC47ACD</md5>
            <sha1>68B4DC8FC9E00C21431FFECF1BB099B3EC05FFD5</sha1>
            <evidenceCollected>
                <evidence>
                    <source>file</source>
                    <name>name</name>
                    <value>dcl_emc1</value>
                </evidence>
                <evidence>
                    <source>jar</source>
                    <name>package</name>
                    <value>apache</value>
                </evidence>
                <evidence>
                    <source>jar</source>
                    <name>package</name>
                    <value>databaseclassloader</value>
                </evidence>
                <evidence>
                    <source>jar</source>
                    <name>package</name>
                    <value>derbytesting</value>
                </evidence>
                <evidence>
                    <source>jar</source>
                    <name>package</name>
                    <value>emc</value>
                </evidence>
            </evidenceCollected>
        </dependency>
        <dependency>
            <fileName>dblook_test.jar</fileName>
            <filePath>/home/bcraig/Documents/Thesis/Analysis/reports/derby/3rdParty/dblook_test.jar</filePath>
            <md5>BAD7A216F889CC8EF657B75BE26996E2</md5>
            <sha1>C2D664F412163ADD4AD797AD88DD30DF9AC0D162</sha1>
            <evidenceCollected>
                <evidence>
                    <source>file</source>
                    <name>name</name>
                    <value>dblook_test</value>
                </evidence>
            </evidenceCollected>
        </dependency>
        <dependency>
            <fileName>dcl_ot1.jar</fileName>
            <filePath>/home/bcraig/Documents/Thesis/Analysis/reports/derby/3rdParty/dcl_ot1.jar</filePath>
            <md5>D8758F8F160F3A50345E2DDB9971D41C</md5>
            <sha1>80E37867A797D0577EA2F642FD857BF3F00E18E5</sha1>
            <evidenceCollected>
                <evidence>
                    <source>file</source>
                    <name>name</name>
                    <value>dcl_ot1</value>
                </evidence>
                <evidence>
                    <source>jar</source>
                    <name>package</name>
                    <value>apache</value>
                </evidence>
                <evidence>
                    <source>jar</source>
                    <name>package</name>
                    <value>databaseclassloader</value>
                </evidence>
                <evidence>
                    <source>jar</source>
                    <name>package</name>
                    <value>derbytesting</value>
                </evidence>
                <evidence>
                    <source>jar</source>
                    <name>package</name>
                    <value>ot</value>
                </evidence>
            </evidenceCollected>
        </dependency>
        <dependency>
            <fileName>xercesImpl-2.7.1.jar</fileName>
            <filePath>/home/bcraig/Documents/Thesis/Analysis/reports/derby/3rdParty/xercesImpl-2.7.1.jar</filePath>
            <md5>3B900FE7A218F30379ABD129C3EA0CB3</md5>
            <sha1>4E647B47D0F5D9829D6ED12AE079686D2DF88CDB</sha1>
            <evidenceCollected>
                <evidence>
                    <source>file</source>
                    <name>name</name>
                    <value>xercesImpl-2.7.1</value>
                </evidence>
                <evidence>
                    <source>jar</source>
                    <name>package</name>
                    <value>apache</value>
                </evidence>
                <evidence>
                    <source>jar</source>
                    <name>package</name>
                    <value>xerces</value>
                </evidence>
            </evidenceCollected>
        </dependency>
        <dependency>
            <fileName>dummy_vti.jar</fileName>
            <filePath>/home/bcraig/Documents/Thesis/Analysis/reports/derby/3rdParty/dummy_vti.jar</filePath>
            <md5>564118B03CC13916D05028EF45110774</md5>
            <sha1>34EF58F1F848C4CD4298EB832D72423C3BCF70F8</sha1>
            <evidenceCollected>
                <evidence>
                    <source>file</source>
                    <name>name</name>
                    <value>dummy_vti</value>
                </evidence>
                <evidence>
                    <source>jar</source>
                    <name>package</name>
                    <value>dummyvti</value>
                </evidence>
            </evidenceCollected>
        </dependency>
        <dependency>
            <fileName>obtest_customer.jar</fileName>
            <filePath>/home/bcraig/Documents/Thesis/Analysis/reports/derby/3rdParty/obtest_customer.jar</filePath>
            <md5>C48BECB1732AC36D43152AB67417B874</md5>
            <sha1>374E87712F21403903BD58D4C75CA16151DBF45A</sha1>
            <evidenceCollected>
                <evidence>
                    <source>file</source>
                    <name>name</name>
                    <value>obtest_customer</value>
                </evidence>
                <evidence>
                    <source>jar</source>
                    <name>package</name>
                    <value>apache</value>
                </evidence>
                <evidence>
                    <source>jar</source>
                    <name>package</name>
                    <value>backuprestore</value>
                </evidence>
                <evidence>
                    <source>jar</source>
                    <name>package</name>
                    <value>customer</value>
                </evidence>
                <evidence>
                    <source>jar</source>
                    <name>package</name>
                    <value>derbytesting</value>
                </evidence>
            </evidenceCollected>
        </dependency>
        <dependency>
            <fileName>fop.jar</fileName>
            <filePath>/home/bcraig/Documents/Thesis/Analysis/reports/derby/3rdParty/fop.jar</filePath>
            <md5>57D23F3DD5075FF6773013322A9AAFD5</md5>
            <sha1>85B1EDD7E5FDFB511DBE28F0B387D782ABDE83A6</sha1>
            <evidenceCollected>
                <evidence>
                    <source>file</source>
                    <name>name</name>
                    <value>fop</value>
                </evidence>
                <evidence>
                    <source>jar</source>
                    <name>package</name>
                    <value>apache</value>
                </evidence>
                <evidence>
                    <source>jar</source>
                    <name>package</name>
                    <value>fop</value>
                </evidence>
                <evidence>
                    <source>Manifest</source>
                    <name>build-id</name>
                    <value>20070103-214648-CET (simon [Linux 2.6.18.6-smp-spe1 i386, Java 1.4.2_11-b06])</value>
                </evidence>
            </evidenceCollected>
        </dependency>
        <dependency>
            <fileName>dcl_id.jar</fileName>
            <filePath>/home/bcraig/Documents/Thesis/Analysis/reports/derby/3rdParty/dcl_id.jar</filePath>
            <md5>0B2E869798906B63DB46C2110154C8D4</md5>
            <sha1>BA06F2CE17A6F0592DCDF17EADBCA4DD9619C70F</sha1>
            <evidenceCollected>
                <evidence>
                    <source>file</source>
                    <name>name</name>
                    <value>dcl_id</value>
                </evidence>
                <evidence>
                    <source>jar</source>
                    <name>package</name>
                    <value>apache</value>
                </evidence>
                <evidence>
                    <source>jar</source>
                    <name>package</name>
                    <value>databaseclassloader</value>
                </evidence>
                <evidence>
                    <source>jar</source>
                    <name>package</name>
                    <value>derbytesting</value>
                </evidence>
                <evidence>
                    <source>jar</source>
                    <name>package</name>
                    <value>id</value>
                </evidence>
            </evidenceCollected>
        </dependency>
        <dependency>
            <fileName>dcl_emc2l.jar</fileName>
            <filePath>/home/bcraig/Documents/Thesis/Analysis/reports/derby/3rdParty/dcl_emc2l.jar</filePath>
            <md5>A8E9C22D110AEC1BACB3359ED5C1BB55</md5>
            <sha1>FD3022184C50708ED31ECF88A69D27116B874775</sha1>
            <evidenceCollected>
                <evidence>
                    <source>file</source>
                    <name>name</name>
                    <value>dcl_emc2l</value>
                </evidence>
                <evidence>
                    <source>jar</source>
                    <name>package</name>
                    <value>apache</value>
                </evidence>
                <evidence>
                    <source>jar</source>
                    <name>package</name>
                    <value>databaseclassloader</value>
                </evidence>
                <evidence>
                    <source>jar</source>
                    <name>package</name>
                    <value>derbytesting</value>
                </evidence>
                <evidence>
                    <source>jar</source>
                    <name>package</name>
                    <value>emc</value>
                </evidence>
            </evidenceCollected>
        </dependency>
        <dependency>
            <fileName>dcl_java.jar</fileName>
            <filePath>/home/bcraig/Documents/Thesis/Analysis/reports/derby/3rdParty/dcl_java.jar</filePath>
            <md5>CC00351EE240113A9C069A153FB4AF97</md5>
            <sha1>B9E09BF0DCF7043F82AB11EDB6DA41C53B9FFE53</sha1>
            <evidenceCollected>
                <evidence>
                    <source>file</source>
                    <name>name</name>
                    <value>dcl_java</value>
                </evidence>
            </evidenceCollected>
        </dependency>
        <dependency>
            <fileName>dcl_emc2sm.jar</fileName>
            <filePath>/home/bcraig/Documents/Thesis/Analysis/reports/derby/3rdParty/dcl_emc2sm.jar</filePath>
            <md5>A20945F5776B8AAEEF9660D24C814534</md5>
            <sha1>D6EF0EF4CDDCB53A00B296511239E75BD0636A6E</sha1>
            <evidenceCollected>
                <evidence>
                    <source>file</source>
                    <name>name</name>
                    <value>dcl_emc2sm</value>
                </evidence>
                <evidence>
                    <source>jar</source>
                    <name>package</name>
                    <value>apache</value>
                </evidence>
                <evidence>
                    <source>jar</source>
                    <name>package</name>
                    <value>databaseclassloader</value>
                </evidence>
                <evidence>
                    <source>jar</source>
                    <name>package</name>
                    <value>derbytesting</value>
                </evidence>
                <evidence>
                    <source>jar</source>
                    <name>package</name>
                    <value>emc</value>
                </evidence>
            </evidenceCollected>
        </dependency>
        <dependency>
            <fileName>dcl_ot3.jar</fileName>
            <filePath>/home/bcraig/Documents/Thesis/Analysis/reports/derby/3rdParty/dcl_ot3.jar</filePath>
            <md5>198DC85F4E92986399EBFA9C37718AAE</md5>
            <sha1>FE1DD923FD9425ABECA7A1DBBFDA1182C708FB30</sha1>
            <evidenceCollected>
                <evidence>
                    <source>file</source>
                    <name>name</name>
                    <value>dcl_ot3</value>
                </evidence>
                <evidence>
                    <source>jar</source>
                    <name>package</name>
                    <value>apache</value>
                </evidence>
                <evidence>
                    <source>jar</source>
                    <name>package</name>
                    <value>databaseclassloader</value>
                </evidence>
                <evidence>
                    <source>jar</source>
                    <name>package</name>
                    <value>derbytesting</value>
                </evidence>
                <evidence>
                    <source>jar</source>
                    <name>package</name>
                    <value>ot</value>
                </evidence>
            </evidenceCollected>
        </dependency>
        <dependency>
            <fileName>dcl_emc2.jar</fileName>
            <filePath>/home/bcraig/Documents/Thesis/Analysis/reports/derby/3rdParty/dcl_emc2.jar</filePath>
            <md5>BB3BB545FDDED4CF2FA6F85676DD3AD9</md5>
            <sha1>6718F46DB598579AC49904C6BCB09A12FD98518B</sha1>
            <evidenceCollected>
                <evidence>
                    <source>file</source>
                    <name>name</name>
                    <value>dcl_emc2</value>
                </evidence>
                <evidence>
                    <source>jar</source>
                    <name>package</name>
                    <value>apache</value>
                </evidence>
                <evidence>
                    <source>jar</source>
                    <name>package</name>
                    <value>databaseclassloader</value>
                </evidence>
                <evidence>
                    <source>jar</source>
                    <name>package</name>
                    <value>derbytesting</value>
                </evidence>
                <evidence>
                    <source>jar</source>
                    <name>package</name>
                    <value>emc</value>
                </evidence>
            </evidenceCollected>
        </dependency>
        <dependency>
            <fileName>serializer-2.7.0.jar</fileName>
            <filePath>/home/bcraig/Documents/Thesis/Analysis/reports/derby/3rdParty/serializer-2.7.0.jar</filePath>
            <md5>35AA6A56662458D9DC28A9B628F84847</md5>
            <sha1>85DDD38E4CDBC22FB6C518F3D35744336DA6FBFD</sha1>
            <evidenceCollected>
                <evidence>
                    <source>file</source>
                    <name>name</name>
                    <value>serializer-2.7.0</value>
                </evidence>
                <evidence>
                    <source>jar</source>
                    <name>package</name>
                    <value>apache</value>
                </evidence>
                <evidence>
                    <source>jar</source>
                    <name>package</name>
                    <value>serializer</value>
                </evidence>
                <evidence>
                    <source>jar</source>
                    <name>package</name>
                    <value>xml</value>
                </evidence>
            </evidenceCollected>
        </dependency>
        <dependency>
            <fileName>javacc.jar</fileName>
            <filePath>/home/bcraig/Documents/Thesis/Analysis/reports/derby/3rdParty/javacc.jar</filePath>
            <md5>98F9F2361D61F106A2D65E5D302EEFBD</md5>
            <sha1>55440B393A188C8EFA26DB43A8292204C15D1DBC</sha1>
            <evidenceCollected>
                <evidence>
                    <source>file</source>
                    <name>name</name>
                    <value>javacc</value>
                </evidence>
                <evidence>
                    <source>jar</source>
                    <name>package</name>
                    <value>javacc</value>
                </evidence>
            </evidenceCollected>
        </dependency>
        <dependency>
            <fileName>xercesImpl.jar</fileName>
            <filePath>/home/bcraig/Documents/Thesis/Analysis/reports/derby/3rdParty/xercesImpl.jar</filePath>
            <md5>00B9A88A935985D17B7621C74A498BB4</md5>
            <sha1>6E60617C9D81EA1EF96913C226900BC2D1E69C37</sha1>
            <evidenceCollected>
                <evidence>
                    <source>file</source>
                    <name>name</name>
                    <value>xercesImpl</value>
                </evidence>
                <evidence>
                    <source>jar</source>
                    <name>package</name>
                    <value>apache</value>
                </evidence>
                <evidence>
                    <source>jar</source>
                    <name>package</name>
                    <value>xerces</value>
                </evidence>
            </evidenceCollected>
        </dependency>
        <dependency>
            <fileName>dcl_emc2s.jar</fileName>
            <filePath>/home/bcraig/Documents/Thesis/Analysis/reports/derby/3rdParty/dcl_emc2s.jar</filePath>
            <md5>5168324DF302D03BC7003089DDC06BAD</md5>
            <sha1>880B1D88654F3A46EE75E030360D81AF8CAE8D47</sha1>
            <evidenceCollected>
                <evidence>
                    <source>file</source>
                    <name>name</name>
                    <value>dcl_emc2s</value>
                </evidence>
                <evidence>
                    <source>jar</source>
                    <name>package</name>
                    <value>apache</value>
                </evidence>
                <evidence>
                    <source>jar</source>
                    <name>package</name>
                    <value>databaseclassloader</value>
                </evidence>
                <evidence>
                    <source>jar</source>
                    <name>package</name>
                    <value>derbytesting</value>
                </evidence>
                <evidence>
                    <source>jar</source>
                    <name>package</name>
                    <value>emc</value>
                </evidence>
            </evidenceCollected>
        </dependency>
    </dependencies>
</analysis>