<?xml version="1.0"?>
<analysis xmlns="https://www.owasp.org/index.php/OWASP_Dependency_Check">
    <projectInfo>
        <name>derby</name>
        <reportDate>Feb 8, 2014 11:42:09 AM</reportDate>
        <credits>This report contains data retrieved from the National Vulnerability Database: http://nvd.nist.gov</credits>
    </projectInfo>
    <dependencies>
        <dependency>
            <fileName>derbyLocale_hu-10.3.1.4.jar</fileName>
            <filePath>/home/bcraig/Documents/Thesis/Analysis/reports/derby/Source/derbyLocale_hu-10.3.1.4.jar</filePath>
            <md5>E174C87EE3419C2D400220A1F03B9A35</md5>
            <sha1>DB0F04BB284864F5D538F209E2CBA893CED5C735</sha1>
            <evidenceCollected>
                <evidence>
                    <source>file</source>
                    <name>name</name>
                    <value>derbyLocale_hu-10.3.1.4</value>
                </evidence>
            </evidenceCollected>
        </dependency>
        <dependency>
            <fileName>derbyLocale_ko_KR.jar</fileName>
            <filePath>/home/bcraig/Documents/Thesis/Analysis/reports/derby/Source/derbyLocale_ko_KR.jar</filePath>
            <md5>CBE8713C57686EB6DA891FC0C284A64F</md5>
            <sha1>1254C6D956FA0A55ECCA58CF004E63ACFE64F776</sha1>
            <evidenceCollected>
                <evidence>
                    <source>file</source>
                    <name>name</name>
                    <value>derbyLocale_ko_KR</value>
                </evidence>
            </evidenceCollected>
        </dependency>
        <dependency>
            <fileName>derbyLocale_zh_TW.jar</fileName>
            <filePath>/home/bcraig/Documents/Thesis/Analysis/reports/derby/Source/derbyLocale_zh_TW.jar</filePath>
            <md5>5619A0C9F10D9C06B7C50164C0182282</md5>
            <sha1>3A1EE8698F7D0F4B76AEA26C7F728C1841C87D3C</sha1>
            <evidenceCollected>
                <evidence>
                    <source>file</source>
                    <name>name</name>
                    <value>derbyLocale_zh_TW</value>
                </evidence>
            </evidenceCollected>
        </dependency>
        <dependency>
            <fileName>derbyLocale_cs-10.3.1.4.jar</fileName>
            <filePath>/home/bcraig/Documents/Thesis/Analysis/reports/derby/Source/derbyLocale_cs-10.3.1.4.jar</filePath>
            <md5>87D584A0BCA96A7A013CDD34ADB55D6C</md5>
            <sha1>701687D2B60B888AAE79BE4B59C9F88FFDDE3A76</sha1>
            <evidenceCollected>
                <evidence>
                    <source>file</source>
                    <name>name</name>
                    <value>derbyLocale_cs-10.3.1.4</value>
                </evidence>
            </evidenceCollected>
        </dependency>
        <dependency>
            <fileName>derbyrun.jar</fileName>
            <filePath>/home/bcraig/Documents/Thesis/Analysis/reports/derby/Source/derbyrun.jar</filePath>
            <md5>5028978429974D3C7B61B4B49C8731B9</md5>
            <sha1>7566592386C3CB5CE5AD481656697D4D3785DF1C</sha1>
            <evidenceCollected>
                <evidence>
                    <source>file</source>
                    <name>name</name>
                    <value>derbyrun</value>
                </evidence>
                <evidence>
                    <source>jar</source>
                    <name>package</name>
                    <value>apache</value>
                </evidence>
                <evidence>
                    <source>jar</source>
                    <name>package</name>
                    <value>derby</value>
                </evidence>
                <evidence>
                    <source>jar</source>
                    <name>package</name>
                    <value>iapi</value>
                </evidence>
                <evidence>
                    <source>jar</source>
                    <name>package</name>
                    <value>tools</value>
                </evidence>
            </evidenceCollected>
            <identifiers>
                <identifier type="cpe">
                    <name>(cpe:/a:apache:derby:-)</name>
                </identifier>
            </identifiers>
        </dependency>
        <dependency>
            <fileName>derbyLocale_pl.jar</fileName>
            <filePath>/home/bcraig/Documents/Thesis/Analysis/reports/derby/Source/derbyLocale_pl.jar</filePath>
            <md5>63A99A10A61DCD948F0641B4A86FA627</md5>
            <sha1>84302DD1BAC2D1654B0F619A3528AD3CED65C978</sha1>
            <evidenceCollected>
                <evidence>
                    <source>file</source>
                    <name>name</name>
                    <value>derbyLocale_pl</value>
                </evidence>
            </evidenceCollected>
        </dependency>
        <dependency>
            <fileName>derbyLocale_ja_JP.jar</fileName>
            <filePath>/home/bcraig/Documents/Thesis/Analysis/reports/derby/Source/derbyLocale_ja_JP.jar</filePath>
            <md5>D535E1D71B8C05777B045B08A817837A</md5>
            <sha1>001B22B4EDEC807235EC183E5D36D4E99B993674</sha1>
            <evidenceCollected>
                <evidence>
                    <source>file</source>
                    <name>name</name>
                    <value>derbyLocale_ja_JP</value>
                </evidence>
            </evidenceCollected>
        </dependency>
        <dependency>
            <fileName>derbyLocale_de_DE.jar</fileName>
            <filePath>/home/bcraig/Documents/Thesis/Analysis/reports/derby/Source/derbyLocale_de_DE.jar</filePath>
            <md5>8B573A7F9BA88669D228CA538AC30B7E</md5>
            <sha1>A1EABC1F06554742109524953EB43C929E5CC7C7</sha1>
            <evidenceCollected>
                <evidence>
                    <source>file</source>
                    <name>name</name>
                    <value>derbyLocale_de_DE</value>
                </evidence>
            </evidenceCollected>
        </dependency>
        <dependency>
            <fileName>derbyLocale_pt_BR.jar</fileName>
            <filePath>/home/bcraig/Documents/Thesis/Analysis/reports/derby/Source/derbyLocale_pt_BR.jar</filePath>
            <md5>70A53E3D02B9B43BF79F5E57C98BDE24</md5>
            <sha1>116C87BBA9FB573383479076909A327BB6C4B976</sha1>
            <evidenceCollected>
                <evidence>
                    <source>file</source>
                    <name>name</name>
                    <value>derbyLocale_pt_BR</value>
                </evidence>
            </evidenceCollected>
        </dependency>
        <dependency>
            <fileName>derbynet.jar</fileName>
            <filePath>/home/bcraig/Documents/Thesis/Analysis/reports/derby/Source/derbynet.jar</filePath>
            <md5>9A0A3213B85DF0F44D51419131B10D98</md5>
            <sha1>D5D9D7B783EEAEF016BE85C34D5C65D1E7CEC764</sha1>
            <evidenceCollected>
                <evidence>
                    <source>file</source>
                    <name>name</name>
                    <value>derbynet</value>
                </evidence>
                <evidence>
                    <source>jar</source>
                    <name>package</name>
                    <value>apache</value>
                </evidence>
                <evidence>
                    <source>jar</source>
                    <name>package</name>
                    <value>derby</value>
                </evidence>
                <evidence>
                    <source>jar</source>
                    <name>package</name>
                    <value>drda</value>
                </evidence>
                <evidence>
                    <source>jar</source>
                    <name>package</name>
                    <value>impl</value>
                </evidence>
            </evidenceCollected>
            <identifiers>
                <identifier type="cpe">
                    <name>(cpe:/a:apache:derby:-)</name>
                </identifier>
            </identifiers>
        </dependency>
        <dependency>
            <fileName>derbyLocale_ru-10.3.1.4.jar</fileName>
            <filePath>/home/bcraig/Documents/Thesis/Analysis/reports/derby/Source/derbyLocale_ru-10.3.1.4.jar</filePath>
            <md5>44F8735A0B4C5ADCA20D4B061185DE8F</md5>
            <sha1>C8B06F33D2B30536AAEA0291D77A7F56FBA8CAFB</sha1>
            <evidenceCollected>
                <evidence>
                    <source>file</source>
                    <name>name</name>
                    <value>derbyLocale_ru-10.3.1.4</value>
                </evidence>
            </evidenceCollected>
        </dependency>
        <dependency>
            <fileName>derbytools.jar</fileName>
            <filePath>/home/bcraig/Documents/Thesis/Analysis/reports/derby/Source/derbytools.jar</filePath>
            <md5>BDF4E3BE4DCD54C1C83AB0AEB14C2318</md5>
            <sha1>CF39FF87C4F15BFAF614E5A4BD9F78F47AB41E95</sha1>
            <evidenceCollected>
                <evidence>
                    <source>file</source>
                    <name>name</name>
                    <value>derbytools</value>
                </evidence>
                <evidence>
                    <source>jar</source>
                    <name>package</name>
                    <value>apache</value>
                </evidence>
                <evidence>
                    <source>jar</source>
                    <name>package</name>
                    <value>derby</value>
                </evidence>
                <evidence>
                    <source>jar</source>
                    <name>package</name>
                    <value>impl</value>
                </evidence>
                <evidence>
                    <source>jar</source>
                    <name>package</name>
                    <value>tools</value>
                </evidence>
            </evidenceCollected>
            <identifiers>
                <identifier type="cpe">
                    <name>(cpe:/a:apache:derby:-)</name>
                </identifier>
            </identifiers>
        </dependency>
        <dependency>
            <fileName>derbyLocale_it.jar</fileName>
            <filePath>/home/bcraig/Documents/Thesis/Analysis/reports/derby/Source/derbyLocale_it.jar</filePath>
            <md5>2432DA08E542CDD374E0157DFA1F18A0</md5>
            <sha1>0A6DB7D2AB6111A220FCF979DCA4B2E1501DE0CA</sha1>
            <evidenceCollected>
                <evidence>
                    <source>file</source>
                    <name>name</name>
                    <value>derbyLocale_it</value>
                </evidence>
            </evidenceCollected>
        </dependency>
        <dependency>
            <fileName>derbyLocale_pl-10.3.1.4.jar</fileName>
            <filePath>/home/bcraig/Documents/Thesis/Analysis/reports/derby/Source/derbyLocale_pl-10.3.1.4.jar</filePath>
            <md5>C0CF66B478359A2331675B2A7D37DDA3</md5>
            <sha1>BB67F034B8B8BD17DF94116FEAAFF0A372BD8A15</sha1>
            <evidenceCollected>
                <evidence>
                    <source>file</source>
                    <name>name</name>
                    <value>derbyLocale_pl-10.3.1.4</value>
                </evidence>
            </evidenceCollected>
        </dependency>
        <dependency>
            <fileName>derbyLocale_ru.jar</fileName>
            <filePath>/home/bcraig/Documents/Thesis/Analysis/reports/derby/Source/derbyLocale_ru.jar</filePath>
            <md5>8389E2F01579732F2140A059DB03720D</md5>
            <sha1>9EE4613A528315868D81551C7740FF8DA8289527</sha1>
            <evidenceCollected>
                <evidence>
                    <source>file</source>
                    <name>name</name>
                    <value>derbyLocale_ru</value>
                </evidence>
            </evidenceCollected>
        </dependency>
        <dependency>
            <fileName>derbyLocale_zh_CN.jar</fileName>
            <filePath>/home/bcraig/Documents/Thesis/Analysis/reports/derby/Source/derbyLocale_zh_CN.jar</filePath>
            <md5>FFF0003C1D96D9B78FC95FBA27E00570</md5>
            <sha1>1082DECF1BC9B81055C6B8E11C1F39021EAF7816</sha1>
            <evidenceCollected>
                <evidence>
                    <source>file</source>
                    <name>name</name>
                    <value>derbyLocale_zh_CN</value>
                </evidence>
            </evidenceCollected>
        </dependency>
        <dependency>
            <fileName>derbyLocale_cs.jar</fileName>
            <filePath>/home/bcraig/Documents/Thesis/Analysis/reports/derby/Source/derbyLocale_cs.jar</filePath>
            <md5>902F265AC85EF198CE7598F4F6343D40</md5>
            <sha1>4BA94DB040A9A758597FAC1B3FFBED7344F2E8E3</sha1>
            <evidenceCollected>
                <evidence>
                    <source>file</source>
                    <name>name</name>
                    <value>derbyLocale_cs</value>
                </evidence>
            </evidenceCollected>
        </dependency>
        <dependency>
            <fileName>derbyLocale_hu.jar</fileName>
            <filePath>/home/bcraig/Documents/Thesis/Analysis/reports/derby/Source/derbyLocale_hu.jar</filePath>
            <md5>0F5C7E61E48673BF13B0DC8F0C7DC164</md5>
            <sha1>FE17D1D96454F87FB6BBD70FBAA468DD666D10A5</sha1>
            <evidenceCollected>
                <evidence>
                    <source>file</source>
                    <name>name</name>
                    <value>derbyLocale_hu</value>
                </evidence>
            </evidenceCollected>
        </dependency>
        <dependency>
            <fileName>derbyLocale_es.jar</fileName>
            <filePath>/home/bcraig/Documents/Thesis/Analysis/reports/derby/Source/derbyLocale_es.jar</filePath>
            <md5>60BD669DF21F1E5522C83EEE7AFBE167</md5>
            <sha1>4D96BEF0D0266DD5C08288F3F57CE717D5879751</sha1>
            <evidenceCollected>
                <evidence>
                    <source>file</source>
                    <name>name</name>
                    <value>derbyLocale_es</value>
                </evidence>
            </evidenceCollected>
        </dependency>
        <dependency>
            <fileName>derbyTesting.jar</fileName>
            <filePath>/home/bcraig/Documents/Thesis/Analysis/reports/derby/Source/derbyTesting.jar</filePath>
            <md5>CA8A5BE531EB5E1C10B1BD21288FDAAB</md5>
            <sha1>4471E776F382B4BFB36E0F95EE9FFB2932F2357A</sha1>
            <evidenceCollected>
                <evidence>
                    <source>file</source>
                    <name>name</name>
                    <value>derbyTesting</value>
                </evidence>
                <evidence>
                    <source>jar</source>
                    <name>package</name>
                    <value>apache</value>
                </evidence>
                <evidence>
                    <source>jar</source>
                    <name>package</name>
                    <value>derbytesting</value>
                </evidence>
                <evidence>
                    <source>jar</source>
                    <name>package</name>
                    <value>functiontests</value>
                </evidence>
                <evidence>
                    <source>jar</source>
                    <name>package</name>
                    <value>tests</value>
                </evidence>
            </evidenceCollected>
            <identifiers>
                <identifier type="cpe">
                    <name>(cpe:/a:apache:derby:-)</name>
                </identifier>
            </identifiers>
        </dependency>
        <dependency>
            <fileName>derby.jar</fileName>
            <filePath>/home/bcraig/Documents/Thesis/Analysis/reports/derby/Source/derby.jar</filePath>
            <md5>DEED179DB172DF83580E70013126E5CE</md5>
            <sha1>01137CD636B0E3C22F0D273478ADB58AA30E984A</sha1>
            <evidenceCollected>
                <evidence>
                    <source>file</source>
                    <name>name</name>
                    <value>derby</value>
                </evidence>
                <evidence>
                    <source>jar</source>
                    <name>package</name>
                    <value>apache</value>
                </evidence>
                <evidence>
                    <source>jar</source>
                    <name>package</name>
                    <value>derby</value>
                </evidence>
                <evidence>
                    <source>jar</source>
                    <name>package</name>
                    <value>impl</value>
                </evidence>
                <evidence>
                    <source>jar</source>
                    <name>package name</name>
                    <value>apache</value>
                </evidence>
                <evidence>
                    <source>jar</source>
                    <name>package name</name>
                    <value>derby</value>
                </evidence>
                <evidence>
                    <source>jar</source>
                    <name>package name</name>
                    <value>io</value>
                </evidence>
                <evidence>
                    <source>Manifest</source>
                    <name>Bundle-Name</name>
                    <value>Apache Derby 10.6</value>
                </evidence>
                <evidence>
                    <source>Manifest</source>
                    <name>bundle-symbolicname</name>
                    <value>derby</value>
                </evidence>
                <evidence>
                    <source>Manifest</source>
                    <name>Bundle-Vendor</name>
                    <value>Apache Software Foundation</value>
                </evidence>
                <evidence>
                    <source>Manifest</source>
                    <name>Bundle-Version</name>
                    <value>10.6.1000000.938214</value>
                </evidence>
            </evidenceCollected>
            <identifiers>
                <identifier type="cpe">
                    <name>(cpe:/a:apache:derby:-)</name>
                </identifier>
            </identifiers>
        </dependency>
        <dependency>
            <fileName>derbyLocale_fr.jar</fileName>
            <filePath>/home/bcraig/Documents/Thesis/Analysis/reports/derby/Source/derbyLocale_fr.jar</filePath>
            <md5>7433C98251AC0400D238168F860C42F1</md5>
            <sha1>E367376D80D9D89D58B71ECFE89CC0AD3FAB8DDC</sha1>
            <evidenceCollected>
                <evidence>
                    <source>file</source>
                    <name>name</name>
                    <value>derbyLocale_fr</value>
                </evidence>
            </evidenceCollected>
        </dependency>
        <dependency>
            <fileName>derbyclient.jar</fileName>
            <filePath>/home/bcraig/Documents/Thesis/Analysis/reports/derby/Source/derbyclient.jar</filePath>
            <md5>AF067262EFABE97F23A0F953F389869F</md5>
            <sha1>E7C6FBACA2EF4DBCAD27FA7D8A9CD1AC0D1E4B00</sha1>
            <evidenceCollected>
                <evidence>
                    <source>file</source>
                    <name>name</name>
                    <value>derbyclient</value>
                </evidence>
                <evidence>
                    <source>jar</source>
                    <name>package</name>
                    <value>am</value>
                </evidence>
                <evidence>
                    <source>jar</source>
                    <name>package</name>
                    <value>apache</value>
                </evidence>
                <evidence>
                    <source>jar</source>
                    <name>package</name>
                    <value>client</value>
                </evidence>
                <evidence>
                    <source>jar</source>
                    <name>package</name>
                    <value>derby</value>
                </evidence>
                <evidence>
                    <source>jar</source>
                    <name>package name</name>
                    <value>apache</value>
                </evidence>
                <evidence>
                    <source>jar</source>
                    <name>package name</name>
                    <value>client</value>
                </evidence>
                <evidence>
                    <source>jar</source>
                    <name>package name</name>
                    <value>derby</value>
                </evidence>
                <evidence>
                    <source>Manifest</source>
                    <name>Bundle-Name</name>
                    <value>Apache Derby 10.6</value>
                </evidence>
                <evidence>
                    <source>Manifest</source>
                    <name>bundle-symbolicname</name>
                    <value>derbyclient</value>
                </evidence>
                <evidence>
                    <source>Manifest</source>
                    <name>Bundle-Vendor</name>
                    <value>Apache Software Foundation</value>
                </evidence>
                <evidence>
                    <source>Manifest</source>
                    <name>Bundle-Version</name>
                    <value>10.6.1000000.938214</value>
                </evidence>
            </evidenceCollected>
            <identifiers>
                <identifier type="cpe">
                    <name>(cpe:/a:apache:derby:-)</name>
                </identifier>
            </identifiers>
        </dependency>
    </dependencies>
</analysis>