<?xml version="1.0"?>
<analysis xmlns="https://www.owasp.org/index.php/OWASP_Dependency_Check">
    <projectInfo>
        <name>drawswf</name>
        <reportDate>Feb 8, 2014 11:43:02 AM</reportDate>
        <credits>This report contains data retrieved from the National Vulnerability Database: http://nvd.nist.gov</credits>
    </projectInfo>
    <dependencies>
        <dependency>
            <fileName>ant-contrib-0.2.jar</fileName>
            <filePath>/home/bcraig/Documents/Thesis/Analysis/reports/drawswf/3rdParty/ant-contrib-0.2.jar</filePath>
            <md5>4039D556D1B5FB0928CB591D9E1173E1</md5>
            <sha1>ED76270DBCCFE7116FFA1E5AE11DD16227D8A8F4</sha1>
            <evidenceCollected>
                <evidence>
                    <source>file</source>
                    <name>name</name>
                    <value>ant-contrib-0.2</value>
                </evidence>
                <evidence>
                    <source>jar</source>
                    <name>package</name>
                    <value>antcontrib</value>
                </evidence>
                <evidence>
                    <source>jar</source>
                    <name>package</name>
                    <value>logic</value>
                </evidence>
                <evidence>
                    <source>jar</source>
                    <name>package</name>
                    <value>net</value>
                </evidence>
                <evidence>
                    <source>jar</source>
                    <name>package</name>
                    <value>sf</value>
                </evidence>
            </evidenceCollected>
        </dependency>
        <dependency>
            <fileName>commons-httpclient-2.0-alpha2.jar</fileName>
            <filePath>/home/bcraig/Documents/Thesis/Analysis/reports/drawswf/3rdParty/commons-httpclient-2.0-alpha2.jar</filePath>
            <md5>DBBDFA3DB6CF5071B03132918835D9F7</md5>
            <sha1>D420EAF9DF5FF73CA8ACEFAC61597B1479A57143</sha1>
            <evidenceCollected>
                <evidence>
                    <source>file</source>
                    <name>name</name>
                    <value>2.0.alpha</value>
                </evidence>
                <evidence>
                    <source>file</source>
                    <name>name</name>
                    <value>commons-httpclient-2.0-alpha2</value>
                </evidence>
                <evidence>
                    <source>file</source>
                    <name>name</name>
                    <value>commons-httpclient-2.0-alpha2</value>
                </evidence>
                <evidence>
                    <source>jar</source>
                    <name>package</name>
                    <value>apache</value>
                </evidence>
                <evidence>
                    <source>jar</source>
                    <name>package</name>
                    <value>commons</value>
                </evidence>
                <evidence>
                    <source>jar</source>
                    <name>package</name>
                    <value>httpclient</value>
                </evidence>
            </evidenceCollected>
            <identifiers>
                <identifier type="cpe">
                    <name>(cpe:/a:apache:commons-httpclient:2.0)</name>
                </identifier>
                <identifier type="cpe">
                    <name>(cpe:/a:apache:httpclient:2.0)</name>
                </identifier>
            </identifiers>
        </dependency>
        <dependency>
            <fileName>commons-logging.jar</fileName>
            <filePath>/home/bcraig/Documents/Thesis/Analysis/reports/drawswf/3rdParty/commons-logging.jar</filePath>
            <md5>BDB6D37E652F164451EBD0CB10B7F645</md5>
            <sha1>37C659E57293656EBEF1A247FC6CEB738EBDFC74</sha1>
            <evidenceCollected>
                <evidence>
                    <source>file</source>
                    <name>name</name>
                    <value>commons-logging</value>
                </evidence>
                <evidence>
                    <source>jar</source>
                    <name>package</name>
                    <value>apache</value>
                </evidence>
                <evidence>
                    <source>jar</source>
                    <name>package</name>
                    <value>commons</value>
                </evidence>
                <evidence>
                    <source>jar</source>
                    <name>package</name>
                    <value>impl</value>
                </evidence>
                <evidence>
                    <source>jar</source>
                    <name>package</name>
                    <value>logging</value>
                </evidence>
                <evidence>
                    <source>jar</source>
                    <name>package name</name>
                    <value>apache</value>
                </evidence>
                <evidence>
                    <source>jar</source>
                    <name>package name</name>
                    <value>commons</value>
                </evidence>
                <evidence>
                    <source>jar</source>
                    <name>package name</name>
                    <value>log</value>
                </evidence>
                <evidence>
                    <source>jar</source>
                    <name>package name</name>
                    <value>logging</value>
                </evidence>
                <evidence>
                    <source>Manifest</source>
                    <name>extension-name</name>
                    <value>org.apache.commons.logging</value>
                </evidence>
                <evidence>
                    <source>Manifest</source>
                    <name>Implementation-Vendor</name>
                    <value>Apache Software Foundation</value>
                </evidence>
                <evidence>
                    <source>Manifest</source>
                    <name>specification-vendor</name>
                    <value>Apache Software Foundation</value>
                </evidence>
            </evidenceCollected>
        </dependency>
    </dependencies>
</analysis>