<?xml version="1.0"?>
<analysis xmlns="https://www.owasp.org/index.php/OWASP_Dependency_Check">
    <projectInfo>
        <name>drjava</name>
        <reportDate>Feb 8, 2014 11:43:25 AM</reportDate>
        <credits>This report contains data retrieved from the National Vulnerability Database: http://nvd.nist.gov</credits>
    </projectInfo>
    <dependencies>
        <dependency>
            <fileName>concutest-junit-4.7-withrt-nodep.jar</fileName>
            <filePath>/home/bcraig/Documents/Thesis/Analysis/reports/drjava/3rdParty/concutest-junit-4.7-withrt-nodep.jar</filePath>
            <md5>1E1FDA7D66F635B0CBE98DCF682B8C84</md5>
            <sha1>48DD74A13990487BCF3BC01F6671F4F6B656C3B4</sha1>
            <evidenceCollected>
                <evidence>
                    <source>file</source>
                    <name>name</name>
                    <value>concutest-junit-4.7-withrt-nodep</value>
                </evidence>
                <evidence>
                    <source>jar</source>
                    <name>package</name>
                    <value>cs</value>
                </evidence>
                <evidence>
                    <source>jar</source>
                    <name>package</name>
                    <value>cunit</value>
                </evidence>
                <evidence>
                    <source>jar</source>
                    <name>package</name>
                    <value>edu</value>
                </evidence>
                <evidence>
                    <source>jar</source>
                    <name>package</name>
                    <value>rice</value>
                </evidence>
            </evidenceCollected>
        </dependency>
        <dependency>
            <fileName>junit.jar</fileName>
            <filePath>/home/bcraig/Documents/Thesis/Analysis/reports/drjava/3rdParty/junit.jar</filePath>
            <md5>28E7EB9EEEFE31A657C68755BFCCC541</md5>
            <sha1>07E4CDE26B53A9A0E3FE5B00D1DBBC7CC1D46060</sha1>
            <evidenceCollected>
                <evidence>
                    <source>file</source>
                    <name>name</name>
                    <value>junit</value>
                </evidence>
                <evidence>
                    <source>jar</source>
                    <name>package</name>
                    <value>junit</value>
                </evidence>
            </evidenceCollected>
        </dependency>
        <dependency>
            <fileName>cenquatasks.jar</fileName>
            <filePath>/home/bcraig/Documents/Thesis/Analysis/reports/drjava/3rdParty/cenquatasks.jar</filePath>
            <md5>600ACF780AE9069E7B50B9B91965BFD2</md5>
            <sha1>BD14CC55ABECB90A90039A577FADD16216F61998</sha1>
            <evidenceCollected>
                <evidence>
                    <source>file</source>
                    <name>name</name>
                    <value>cenquatasks</value>
                </evidence>
                <evidence>
                    <source>jar</source>
                    <name>package</name>
                    <value>ant</value>
                </evidence>
                <evidence>
                    <source>jar</source>
                    <name>package</name>
                    <value>cenqua</value>
                </evidence>
            </evidenceCollected>
        </dependency>
        <dependency>
            <fileName>plt-ant.jar</fileName>
            <filePath>/home/bcraig/Documents/Thesis/Analysis/reports/drjava/3rdParty/plt-ant.jar</filePath>
            <md5>454E990BEB61DEA6402CD429269D078B</md5>
            <sha1>4FB25A45C305DD272D5517E93BB1B7B39472C4CD</sha1>
            <evidenceCollected>
                <evidence>
                    <source>file</source>
                    <name>name</name>
                    <value>plt-ant</value>
                </evidence>
                <evidence>
                    <source>jar</source>
                    <name>package</name>
                    <value>cs</value>
                </evidence>
                <evidence>
                    <source>jar</source>
                    <name>package</name>
                    <value>edu</value>
                </evidence>
                <evidence>
                    <source>jar</source>
                    <name>package</name>
                    <value>plt</value>
                </evidence>
                <evidence>
                    <source>jar</source>
                    <name>package</name>
                    <value>rice</value>
                </evidence>
            </evidenceCollected>
        </dependency>
        <dependency>
            <fileName>docs.jar</fileName>
            <filePath>/home/bcraig/Documents/Thesis/Analysis/reports/drjava/3rdParty/docs.jar</filePath>
            <md5>22643D9AC15A5370F7BB38D87C809023</md5>
            <sha1>621D81B45FD19326D099F62E4491E5EFC38E189C</sha1>
            <evidenceCollected>
                <evidence>
                    <source>file</source>
                    <name>name</name>
                    <value>docs</value>
                </evidence>
            </evidenceCollected>
        </dependency>
        <dependency>
            <fileName>platform.jar</fileName>
            <filePath>/home/bcraig/Documents/Thesis/Analysis/reports/drjava/3rdParty/platform.jar</filePath>
            <md5>1BC0DDF94364850A90005070A1D69755</md5>
            <sha1>9D2D2A8E874BB7E8F62001CA19AB8501B4648BB8</sha1>
            <evidenceCollected>
                <evidence>
                    <source>file</source>
                    <name>name</name>
                    <value>platform</value>
                </evidence>
                <evidence>
                    <source>jar</source>
                    <name>package</name>
                    <value>cs</value>
                </evidence>
                <evidence>
                    <source>jar</source>
                    <name>package</name>
                    <value>drjava</value>
                </evidence>
                <evidence>
                    <source>jar</source>
                    <name>package</name>
                    <value>edu</value>
                </evidence>
                <evidence>
                    <source>jar</source>
                    <name>package</name>
                    <value>rice</value>
                </evidence>
            </evidenceCollected>
        </dependency>
        <dependency>
            <fileName>plt.jar</fileName>
            <filePath>/home/bcraig/Documents/Thesis/Analysis/reports/drjava/3rdParty/plt.jar</filePath>
            <md5>FD4F61C72E0AEC67030FB2C7262B816B</md5>
            <sha1>5C24477A0FD5F066AD43B024B747593C4CC42B1F</sha1>
            <evidenceCollected>
                <evidence>
                    <source>file</source>
                    <name>name</name>
                    <value>plt</value>
                </evidence>
                <evidence>
                    <source>jar</source>
                    <name>package</name>
                    <value>cs</value>
                </evidence>
                <evidence>
                    <source>jar</source>
                    <name>package</name>
                    <value>edu</value>
                </evidence>
                <evidence>
                    <source>jar</source>
                    <name>package</name>
                    <value>plt</value>
                </evidence>
                <evidence>
                    <source>jar</source>
                    <name>package</name>
                    <value>rice</value>
                </evidence>
            </evidenceCollected>
        </dependency>
        <dependency>
            <fileName>asm-3.1.jar</fileName>
            <filePath>/home/bcraig/Documents/Thesis/Analysis/reports/drjava/3rdParty/asm-3.1.jar</filePath>
            <md5>4FBE0FD975ECC71480846CE272B483B0</md5>
            <sha1>26CC0E49F46058EF00E6473829BD02A23C0F6744</sha1>
            <evidenceCollected>
                <evidence>
                    <source>file</source>
                    <name>name</name>
                    <value>asm-3.1</value>
                </evidence>
                <evidence>
                    <source>jar</source>
                    <name>package</name>
                    <value>asm</value>
                </evidence>
                <evidence>
                    <source>jar</source>
                    <name>package</name>
                    <value>objectweb</value>
                </evidence>
                <evidence>
                    <source>jar</source>
                    <name>package name</name>
                    <value>asm</value>
                </evidence>
                <evidence>
                    <source>Manifest</source>
                    <name>Implementation-Title</name>
                    <value>ASM</value>
                </evidence>
                <evidence>
                    <source>Manifest</source>
                    <name>Implementation-Vendor</name>
                    <value>France Telecom R&amp;D</value>
                </evidence>
            </evidenceCollected>
        </dependency>
        <dependency>
            <fileName>ecj-3.6M7.jar</fileName>
            <filePath>/home/bcraig/Documents/Thesis/Analysis/reports/drjava/3rdParty/ecj-3.6M7.jar</filePath>
            <md5>575D0F4F79FD360E28105D9DFEC32BDE</md5>
            <sha1>89C2F963711844864056EFA271A6527378D17E6B</sha1>
            <evidenceCollected>
                <evidence>
                    <source>file</source>
                    <name>name</name>
                    <value>ecj-3.6M7</value>
                </evidence>
                <evidence>
                    <source>jar</source>
                    <name>package</name>
                    <value>compiler</value>
                </evidence>
                <evidence>
                    <source>jar</source>
                    <name>package</name>
                    <value>eclipse</value>
                </evidence>
                <evidence>
                    <source>jar</source>
                    <name>package</name>
                    <value>internal</value>
                </evidence>
                <evidence>
                    <source>jar</source>
                    <name>package</name>
                    <value>jdt</value>
                </evidence>
                <evidence>
                    <source>jar</source>
                    <name>package name</name>
                    <value>compiler</value>
                </evidence>
                <evidence>
                    <source>jar</source>
                    <name>package name</name>
                    <value>core</value>
                </evidence>
                <evidence>
                    <source>jar</source>
                    <name>package name</name>
                    <value>eclipse</value>
                </evidence>
                <evidence>
                    <source>jar</source>
                    <name>package name</name>
                    <value>jdt</value>
                </evidence>
                <evidence>
                    <source>Manifest</source>
                    <name>Bundle-Name</name>
                    <value>Eclipse Compiler for Java(TM)</value>
                </evidence>
                <evidence>
                    <source>Manifest</source>
                    <name>bundle-symbolicname</name>
                    <value>org.eclipse.jdt.core.compiler.batch</value>
                </evidence>
                <evidence>
                    <source>Manifest</source>
                    <name>Bundle-Vendor</name>
                    <value>Eclipse.org</value>
                </evidence>
            </evidenceCollected>
        </dependency>
        <dependency>
            <fileName>concjunitrt.jar</fileName>
            <filePath>/home/bcraig/Documents/Thesis/Analysis/reports/drjava/3rdParty/concjunitrt.jar</filePath>
            <md5>74AEEE03A0A87B91A21243F82379F8BC</md5>
            <sha1>F255CFCA028DB9AC0844849B7B83920CBB606444</sha1>
            <evidenceCollected>
                <evidence>
                    <source>file</source>
                    <name>name</name>
                    <value>concjunitrt</value>
                </evidence>
                <evidence>
                    <source>jar</source>
                    <name>package</name>
                    <value>cs</value>
                </evidence>
                <evidence>
                    <source>jar</source>
                    <name>package</name>
                    <value>cunit</value>
                </evidence>
                <evidence>
                    <source>jar</source>
                    <name>package</name>
                    <value>edu</value>
                </evidence>
                <evidence>
                    <source>jar</source>
                    <name>package</name>
                    <value>rice</value>
                </evidence>
            </evidenceCollected>
        </dependency>
        <dependency>
            <fileName>findbugs-ant.jar</fileName>
            <filePath>/home/bcraig/Documents/Thesis/Analysis/reports/drjava/3rdParty/findbugs-ant.jar</filePath>
            <md5>9B1082DE553F1386C3ECFA883ED53A7D</md5>
            <sha1>AA86BD1380D088172E6940F476FF234A798375C8</sha1>
            <evidenceCollected>
                <evidence>
                    <source>file</source>
                    <name>name</name>
                    <value>findbugs-ant</value>
                </evidence>
                <evidence>
                    <source>jar</source>
                    <name>package</name>
                    <value>cs</value>
                </evidence>
                <evidence>
                    <source>jar</source>
                    <name>package</name>
                    <value>edu</value>
                </evidence>
                <evidence>
                    <source>jar</source>
                    <name>package</name>
                    <value>findbugs</value>
                </evidence>
                <evidence>
                    <source>jar</source>
                    <name>package</name>
                    <value>umd</value>
                </evidence>
            </evidenceCollected>
        </dependency>
        <dependency>
            <fileName>javalanglevels-base.jar</fileName>
            <filePath>/home/bcraig/Documents/Thesis/Analysis/reports/drjava/3rdParty/javalanglevels-base.jar</filePath>
            <md5>0C1962304B93EC07C84541B02C46C84A</md5>
            <sha1>9DF88124A5B81A8740DE133CB3F9BC98F490078E</sha1>
            <evidenceCollected>
                <evidence>
                    <source>file</source>
                    <name>name</name>
                    <value>javalanglevels-base</value>
                </evidence>
                <evidence>
                    <source>jar</source>
                    <name>package</name>
                    <value>cs</value>
                </evidence>
                <evidence>
                    <source>jar</source>
                    <name>package</name>
                    <value>edu</value>
                </evidence>
                <evidence>
                    <source>jar</source>
                    <name>package</name>
                    <value>javalanglevels</value>
                </evidence>
                <evidence>
                    <source>jar</source>
                    <name>package</name>
                    <value>rice</value>
                </evidence>
            </evidenceCollected>
        </dependency>
        <dependency>
            <fileName>forms-1.2.1.jar</fileName>
            <filePath>/home/bcraig/Documents/Thesis/Analysis/reports/drjava/3rdParty/forms-1.2.1.jar</filePath>
            <md5>5E497F99868C8AA0B0914824C9FC2B04</md5>
            <sha1>863FCFC8BBF0E1ACAA840A55FA92D569AC337571</sha1>
            <evidenceCollected>
                <evidence>
                    <source>file</source>
                    <name>name</name>
                    <value>forms-1.2.1</value>
                </evidence>
                <evidence>
                    <source>jar</source>
                    <name>package</name>
                    <value>forms</value>
                </evidence>
                <evidence>
                    <source>jar</source>
                    <name>package</name>
                    <value>jgoodies</value>
                </evidence>
                <evidence>
                    <source>jar</source>
                    <name>package</name>
                    <value>layout</value>
                </evidence>
                <evidence>
                    <source>jar</source>
                    <name>package name</name>
                    <value>forms</value>
                </evidence>
                <evidence>
                    <source>jar</source>
                    <name>package name</name>
                    <value>jgoodies</value>
                </evidence>
                <evidence>
                    <source>Manifest</source>
                    <name>Implementation-Title</name>
                    <value>JGoodies Forms</value>
                </evidence>
                <evidence>
                    <source>Manifest</source>
                    <name>Implementation-Vendor</name>
                    <value>JGoodies Karsten Lentzsch</value>
                </evidence>
                <evidence>
                    <source>Manifest</source>
                    <name>specification-title</name>
                    <value>JGoodies Forms API Specification</value>
                </evidence>
                <evidence>
                    <source>Manifest</source>
                    <name>specification-vendor</name>
                    <value>JGoodies Karsten Lentzsch</value>
                </evidence>
            </evidenceCollected>
        </dependency>
        <dependency>
            <fileName>netbeans-memory-leak-utils.jar</fileName>
            <filePath>/home/bcraig/Documents/Thesis/Analysis/reports/drjava/3rdParty/netbeans-memory-leak-utils.jar</filePath>
            <md5>6EC4C5F709EC0607709EE9AA71A164B9</md5>
            <sha1>CA5E7B4DE3D32E20BC712922ABAE754D5445E63B</sha1>
            <evidenceCollected>
                <evidence>
                    <source>file</source>
                    <name>name</name>
                    <value>netbeans-memory-leak-utils</value>
                </evidence>
                <evidence>
                    <source>jar</source>
                    <name>package</name>
                    <value>insane</value>
                </evidence>
                <evidence>
                    <source>jar</source>
                    <name>package</name>
                    <value>netbeans</value>
                </evidence>
            </evidenceCollected>
        </dependency>
        <dependency>
            <fileName>looks-2.2.2.jar</fileName>
            <filePath>/home/bcraig/Documents/Thesis/Analysis/reports/drjava/3rdParty/looks-2.2.2.jar</filePath>
            <md5>BD7A75725157807D655B477477D49A3D</md5>
            <sha1>E725B207186FB36B15483CA9DB2664B9C0BF14E2</sha1>
            <evidenceCollected>
                <evidence>
                    <source>file</source>
                    <name>name</name>
                    <value>looks-2.2.2</value>
                </evidence>
                <evidence>
                    <source>jar</source>
                    <name>package</name>
                    <value>jgoodies</value>
                </evidence>
                <evidence>
                    <source>jar</source>
                    <name>package</name>
                    <value>looks</value>
                </evidence>
                <evidence>
                    <source>jar</source>
                    <name>package</name>
                    <value>plastic</value>
                </evidence>
                <evidence>
                    <source>jar</source>
                    <name>package name</name>
                    <value>jgoodies</value>
                </evidence>
                <evidence>
                    <source>jar</source>
                    <name>package name</name>
                    <value>looks</value>
                </evidence>
                <evidence>
                    <source>Manifest</source>
                    <name>Implementation-Title</name>
                    <value>JGoodies Looks</value>
                </evidence>
                <evidence>
                    <source>Manifest</source>
                    <name>Implementation-Vendor</name>
                    <value>JGoodies Karsten Lentzsch</value>
                </evidence>
                <evidence>
                    <source>Manifest</source>
                    <name>specification-title</name>
                    <value>JGoodies Looks API Specification</value>
                </evidence>
                <evidence>
                    <source>Manifest</source>
                    <name>specification-vendor</name>
                    <value>JGoodies Karsten Lentzsch</value>
                </evidence>
            </evidenceCollected>
        </dependency>
        <dependency>
            <fileName>ant-contrib.jar</fileName>
            <filePath>/home/bcraig/Documents/Thesis/Analysis/reports/drjava/3rdParty/ant-contrib.jar</filePath>
            <md5>A6495D687A143CBAEFA2AB812C69B42E</md5>
            <sha1>943CD5C8802B2A3A64A010EFB86EC19BAC142E40</sha1>
            <evidenceCollected>
                <evidence>
                    <source>file</source>
                    <name>name</name>
                    <value>ant-contrib</value>
                </evidence>
                <evidence>
                    <source>jar</source>
                    <name>package</name>
                    <value>antcontrib</value>
                </evidence>
                <evidence>
                    <source>jar</source>
                    <name>package</name>
                    <value>net</value>
                </evidence>
                <evidence>
                    <source>jar</source>
                    <name>package</name>
                    <value>sf</value>
                </evidence>
                <evidence>
                    <source>Manifest</source>
                    <name>build-timestamp</name>
                    <value>02/11/2006 11:46:36</value>
                </evidence>
            </evidenceCollected>
        </dependency>
        <dependency>
            <fileName>dynamicjava-base.jar</fileName>
            <filePath>/home/bcraig/Documents/Thesis/Analysis/reports/drjava/3rdParty/dynamicjava-base.jar</filePath>
            <md5>E52592FADB04F00E4D25DE5BEC0C5B8E</md5>
            <sha1>F73AC48E5795CB62B25833B0EF80BD04605A9BE8</sha1>
            <evidenceCollected>
                <evidence>
                    <source>file</source>
                    <name>name</name>
                    <value>dynamicjava-base</value>
                </evidence>
                <evidence>
                    <source>jar</source>
                    <name>package</name>
                    <value>cs</value>
                </evidence>
                <evidence>
                    <source>jar</source>
                    <name>package</name>
                    <value>dynamicjava</value>
                </evidence>
                <evidence>
                    <source>jar</source>
                    <name>package</name>
                    <value>edu</value>
                </evidence>
                <evidence>
                    <source>jar</source>
                    <name>package</name>
                    <value>rice</value>
                </evidence>
            </evidenceCollected>
        </dependency>
    </dependencies>
</analysis>