<?xml version="1.0"?>
<analysis xmlns="https://www.owasp.org/index.php/OWASP_Dependency_Check">
    <projectInfo>
        <name>findbugs</name>
        <reportDate>Feb 8, 2014 11:45:29 AM</reportDate>
        <credits>This report contains data retrieved from the National Vulnerability Database: http://nvd.nist.gov</credits>
    </projectInfo>
    <dependencies>
        <dependency>
            <fileName>findbugs-ant.jar</fileName>
            <filePath>/home/bcraig/Documents/Thesis/Analysis/reports/findbugs/Source/findbugs-ant.jar</filePath>
            <md5>7BDEED2F7296029C1FA7B7233D60D864</md5>
            <sha1>4E5015C5F555586BF9BBFFADA1B4B4706A0DCAD1</sha1>
            <evidenceCollected>
                <evidence>
                    <source>file</source>
                    <name>name</name>
                    <value>findbugs-ant</value>
                </evidence>
                <evidence>
                    <source>jar</source>
                    <name>package</name>
                    <value>cs</value>
                </evidence>
                <evidence>
                    <source>jar</source>
                    <name>package</name>
                    <value>edu</value>
                </evidence>
                <evidence>
                    <source>jar</source>
                    <name>package</name>
                    <value>findbugs</value>
                </evidence>
                <evidence>
                    <source>jar</source>
                    <name>package</name>
                    <value>umd</value>
                </evidence>
            </evidenceCollected>
        </dependency>
        <dependency>
            <fileName>findbugs.jar</fileName>
            <filePath>/home/bcraig/Documents/Thesis/Analysis/reports/findbugs/Source/findbugs.jar</filePath>
            <md5>8E8A4A64901CDE30E479AF035CCF00A4</md5>
            <sha1>22C9ACDD5723B07068BEF68FAEE309BEA90AD650</sha1>
            <evidenceCollected>
                <evidence>
                    <source>file</source>
                    <name>name</name>
                    <value>findbugs</value>
                </evidence>
                <evidence>
                    <source>jar</source>
                    <name>package</name>
                    <value>cs</value>
                </evidence>
                <evidence>
                    <source>jar</source>
                    <name>package</name>
                    <value>edu</value>
                </evidence>
                <evidence>
                    <source>jar</source>
                    <name>package</name>
                    <value>findbugs</value>
                </evidence>
                <evidence>
                    <source>jar</source>
                    <name>package</name>
                    <value>umd</value>
                </evidence>
            </evidenceCollected>
        </dependency>
    </dependencies>
</analysis>