<?xml version="1.0"?>
<analysis xmlns="https://www.owasp.org/index.php/OWASP_Dependency_Check">
    <projectInfo>
        <name>fitjava</name>
        <reportDate>Feb 8, 2014 11:45:59 AM</reportDate>
        <credits>This report contains data retrieved from the National Vulnerability Database: http://nvd.nist.gov</credits>
    </projectInfo>
    <dependencies>
        <dependency>
            <fileName>junit.jar</fileName>
            <filePath>/home/bcraig/Documents/Thesis/Analysis/reports/fitjava/3rdParty/junit.jar</filePath>
            <md5>1F40FB782A4F2CF78F161D32670F7A3A</md5>
            <sha1>99129F16442844F6A4A11AE22FBBEE40B14D774F</sha1>
            <evidenceCollected>
                <evidence>
                    <source>file</source>
                    <name>name</name>
                    <value>junit</value>
                </evidence>
                <evidence>
                    <source>jar</source>
                    <name>package</name>
                    <value>junit</value>
                </evidence>
            </evidenceCollected>
        </dependency>
        <dependency>
            <fileName>ant.jar</fileName>
            <filePath>/home/bcraig/Documents/Thesis/Analysis/reports/fitjava/3rdParty/ant.jar</filePath>
            <md5>C29CE8B8988AD0D20A159D93CEA0E17E</md5>
            <sha1>E90F39118B6C2A0D0849A11F30A18C69D0588804</sha1>
            <evidenceCollected>
                <evidence>
                    <source>file</source>
                    <name>name</name>
                    <value>ant</value>
                </evidence>
                <evidence>
                    <source>jar</source>
                    <name>package</name>
                    <value>ant</value>
                </evidence>
                <evidence>
                    <source>jar</source>
                    <name>package</name>
                    <value>apache</value>
                </evidence>
                <evidence>
                    <source>jar</source>
                    <name>package</name>
                    <value>taskdefs</value>
                </evidence>
                <evidence>
                    <source>jar</source>
                    <name>package</name>
                    <value>tools</value>
                </evidence>
            </evidenceCollected>
        </dependency>
        <dependency>
            <fileName>xml-apis.jar</fileName>
            <filePath>/home/bcraig/Documents/Thesis/Analysis/reports/fitjava/3rdParty/xml-apis.jar</filePath>
            <md5>3212D8F4ED03CE2885E58B1B3C09BB18</md5>
            <sha1>A01DECC59D96ED854BB4F8A13D6F58F28AAD564C</sha1>
            <evidenceCollected>
                <evidence>
                    <source>file</source>
                    <name>name</name>
                    <value>xml-apis</value>
                </evidence>
                <evidence>
                    <source>jar</source>
                    <name>package</name>
                    <value>dom</value>
                </evidence>
                <evidence>
                    <source>jar</source>
                    <name>package</name>
                    <value>w3c</value>
                </evidence>
            </evidenceCollected>
        </dependency>
        <dependency>
            <fileName>fit.jar</fileName>
            <filePath>/home/bcraig/Documents/Thesis/Analysis/reports/fitjava/3rdParty/fit.jar</filePath>
            <md5>0EDB82E16396C5E3E541D6D3CE576EAD</md5>
            <sha1>DBA4DB35AE866085E594881D80C268DB3F862053</sha1>
            <evidenceCollected>
                <evidence>
                    <source>file</source>
                    <name>name</name>
                    <value>fit</value>
                </evidence>
            </evidenceCollected>
        </dependency>
        <dependency>
            <fileName>optional.jar</fileName>
            <filePath>/home/bcraig/Documents/Thesis/Analysis/reports/fitjava/3rdParty/optional.jar</filePath>
            <md5>E963631B9F8EEC047380DB1D9131C4C1</md5>
            <sha1>2675DB04B6C07B93E4B7F620131ACEF398015CF2</sha1>
            <evidenceCollected>
                <evidence>
                    <source>file</source>
                    <name>name</name>
                    <value>optional</value>
                </evidence>
                <evidence>
                    <source>jar</source>
                    <name>package</name>
                    <value>ant</value>
                </evidence>
                <evidence>
                    <source>jar</source>
                    <name>package</name>
                    <value>apache</value>
                </evidence>
                <evidence>
                    <source>jar</source>
                    <name>package</name>
                    <value>taskdefs</value>
                </evidence>
                <evidence>
                    <source>jar</source>
                    <name>package</name>
                    <value>tools</value>
                </evidence>
            </evidenceCollected>
        </dependency>
        <dependency>
            <fileName>xercesImpl.jar</fileName>
            <filePath>/home/bcraig/Documents/Thesis/Analysis/reports/fitjava/3rdParty/xercesImpl.jar</filePath>
            <md5>C5767321CEDEF65C6C084DF2301CB1F9</md5>
            <sha1>5CECBCA538DFC38AE25048F6011100763E0C9A51</sha1>
            <evidenceCollected>
                <evidence>
                    <source>file</source>
                    <name>name</name>
                    <value>xercesImpl</value>
                </evidence>
                <evidence>
                    <source>jar</source>
                    <name>package</name>
                    <value>apache</value>
                </evidence>
                <evidence>
                    <source>jar</source>
                    <name>package</name>
                    <value>xerces</value>
                </evidence>
            </evidenceCollected>
        </dependency>
    </dependencies>
</analysis>