<?xml version="1.0"?>
<analysis xmlns="https://www.owasp.org/index.php/OWASP_Dependency_Check">
    <projectInfo>
        <name>galleon</name>
        <reportDate>Feb 8, 2014 11:47:36 AM</reportDate>
        <credits>This report contains data retrieved from the National Vulnerability Database: http://nvd.nist.gov</credits>
    </projectInfo>
    <dependencies>
        <dependency>
            <fileName>galleon.jar</fileName>
            <filePath>/home/bcraig/Documents/Thesis/Analysis/reports/galleon/Source/galleon.jar</filePath>
            <md5>F83FA1BAA13E003309D35326009FB692</md5>
            <sha1>3DED4612D2D9F5120D41139B953F1A1665AAAA38</sha1>
            <evidenceCollected>
                <evidence>
                    <source>file</source>
                    <name>name</name>
                    <value>galleon</value>
                </evidence>
                <evidence>
                    <source>jar</source>
                    <name>package</name>
                    <value>galleon</value>
                </evidence>
                <evidence>
                    <source>jar</source>
                    <name>package</name>
                    <value>lnicholls</value>
                </evidence>
            </evidenceCollected>
        </dependency>
    </dependencies>
</analysis>