<?xml version="1.0"?>
<analysis xmlns="https://www.owasp.org/index.php/OWASP_Dependency_Check">
    <projectInfo>
        <name>ganttproject</name>
        <reportDate>Feb 8, 2014 11:48:00 AM</reportDate>
        <credits>This report contains data retrieved from the National Vulnerability Database: http://nvd.nist.gov</credits>
    </projectInfo>
    <dependencies>
        <dependency>
            <fileName>ganttproject.jar</fileName>
            <filePath>/home/bcraig/Documents/Thesis/Analysis/reports/ganttproject/Source/ganttproject.jar</filePath>
            <md5>0866772FA9EE01A9522A3097CDFEEB1C</md5>
            <sha1>B2F2FA31C65FB78ED7F9DF4E2C3EC68BCCD894D1</sha1>
            <evidenceCollected>
                <evidence>
                    <source>file</source>
                    <name>name</name>
                    <value>ganttproject</value>
                </evidence>
                <evidence>
                    <source>jar</source>
                    <name>package</name>
                    <value>ganttproject</value>
                </evidence>
                <evidence>
                    <source>jar</source>
                    <name>package</name>
                    <value>net</value>
                </evidence>
                <evidence>
                    <source>jar</source>
                    <name>package</name>
                    <value>sourceforge</value>
                </evidence>
            </evidenceCollected>
        </dependency>
        <dependency>
            <fileName>ganttproject-batik.jar</fileName>
            <filePath>/home/bcraig/Documents/Thesis/Analysis/reports/ganttproject/Source/ganttproject-batik.jar</filePath>
            <md5>9BCE174B7D61326510B2FD4C9CD0C9BD</md5>
            <sha1>E6958A83DE39AE25C95264084B1CF7F6BBD7C9C0</sha1>
            <evidenceCollected>
                <evidence>
                    <source>file</source>
                    <name>name</name>
                    <value>ganttproject-batik</value>
                </evidence>
                <evidence>
                    <source>jar</source>
                    <name>package</name>
                    <value>apache</value>
                </evidence>
                <evidence>
                    <source>jar</source>
                    <name>package</name>
                    <value>batik</value>
                </evidence>
            </evidenceCollected>
        </dependency>
        <dependency>
            <fileName>ganttproject-avalon.jar</fileName>
            <filePath>/home/bcraig/Documents/Thesis/Analysis/reports/ganttproject/Source/ganttproject-avalon.jar</filePath>
            <md5>E671C9F0911CCA0FE95FFF3C82E80659</md5>
            <sha1>C5DB632D0AADE0531C153F113994A0B28190AE2A</sha1>
            <evidenceCollected>
                <evidence>
                    <source>file</source>
                    <name>name</name>
                    <value>ganttproject-avalon</value>
                </evidence>
                <evidence>
                    <source>jar</source>
                    <name>package</name>
                    <value>apache</value>
                </evidence>
                <evidence>
                    <source>jar</source>
                    <name>package</name>
                    <value>avalon</value>
                </evidence>
                <evidence>
                    <source>jar</source>
                    <name>package</name>
                    <value>framework</value>
                </evidence>
                <evidence>
                    <source>jar</source>
                    <name>package</name>
                    <value>logger</value>
                </evidence>
            </evidenceCollected>
        </dependency>
        <dependency>
            <fileName>ganttproject-htmlpdf.jar</fileName>
            <filePath>/home/bcraig/Documents/Thesis/Analysis/reports/ganttproject/Source/ganttproject-htmlpdf.jar</filePath>
            <md5>C8F13A0E065DE9ED5B506D54F63FB7DB</md5>
            <sha1>144AB5DA0D3EB8F63046843A6B3C93FB3530DE65</sha1>
            <evidenceCollected>
                <evidence>
                    <source>file</source>
                    <name>name</name>
                    <value>ganttproject-htmlpdf</value>
                </evidence>
                <evidence>
                    <source>jar</source>
                    <name>package</name>
                    <value>ganttproject</value>
                </evidence>
                <evidence>
                    <source>jar</source>
                    <name>package</name>
                    <value>htmlpdf</value>
                </evidence>
                <evidence>
                    <source>jar</source>
                    <name>package</name>
                    <value>impex</value>
                </evidence>
            </evidenceCollected>
        </dependency>
        <dependency>
            <fileName>ganttproject-msproject.jar</fileName>
            <filePath>/home/bcraig/Documents/Thesis/Analysis/reports/ganttproject/Source/ganttproject-msproject.jar</filePath>
            <md5>2209310CF1BA5B345AF487059C6B5DEA</md5>
            <sha1>84F8D15332FAD3F2CE98A41AFEA6432913C10A01</sha1>
            <evidenceCollected>
                <evidence>
                    <source>file</source>
                    <name>name</name>
                    <value>ganttproject-msproject</value>
                </evidence>
                <evidence>
                    <source>jar</source>
                    <name>package</name>
                    <value>ganttproject</value>
                </evidence>
                <evidence>
                    <source>jar</source>
                    <name>package</name>
                    <value>impex</value>
                </evidence>
                <evidence>
                    <source>jar</source>
                    <name>package</name>
                    <value>msproject</value>
                </evidence>
            </evidenceCollected>
        </dependency>
    </dependencies>
</analysis>