<?xml version="1.0"?>
<analysis xmlns="https://www.owasp.org/index.php/OWASP_Dependency_Check">
    <projectInfo>
        <name>ganttproject</name>
        <reportDate>Feb 8, 2014 11:48:14 AM</reportDate>
        <credits>This report contains data retrieved from the National Vulnerability Database: http://nvd.nist.gov</credits>
    </projectInfo>
    <dependencies>
        <dependency>
            <fileName>AppleJavaExtensions.jar</fileName>
            <filePath>/home/bcraig/Documents/Thesis/Analysis/reports/ganttproject/3rdParty/AppleJavaExtensions.jar</filePath>
            <md5>5E99D4DD3509FD1CD61C17BDA81626A2</md5>
            <sha1>7F384023880A280B547347E643D2CEB041B6D57E</sha1>
            <evidenceCollected>
                <evidence>
                    <source>file</source>
                    <name>name</name>
                    <value>AppleJavaExtensions</value>
                </evidence>
                <evidence>
                    <source>jar</source>
                    <name>package</name>
                    <value>apple</value>
                </evidence>
                <evidence>
                    <source>jar</source>
                    <name>package</name>
                    <value>eawt</value>
                </evidence>
            </evidenceCollected>
            <identifiers>
                <identifier type="cpe">
                    <name>(cpe:/a:apple:java:-)</name>
                </identifier>
            </identifiers>
            <vulnerabilities>
                <vulnerability>
                    <name>CVE-2010-0538</name>
                    <cvssScore>6.8</cvssScore>
                    <severity>Medium</severity>
                    <cwe>CWE-399 Resource Management Errors</cwe>
                    <description>Apple Java for Mac OS X 10.5 before Update 7 and Java for Mac OS X 10.6 before Update 2 do not properly handle mediaLibImage objects, which allows remote attackers to execute arbitrary code or cause a denial of service (out-of-bounds memory access and application crash) via a crafted applet, related to the com.sun.medialib.mlib package.</description>
                    <references>
                        <reference>
                            <source>APPLE</source>
                            <url>http://lists.apple.com/archives/security-announce/2010//May/msg00001.html</url>
                            <name>APPLE-SA-2010-05-18-1</name>
                        </reference>
                        <reference>
                            <source>APPLE</source>
                            <url>http://lists.apple.com/archives/security-announce/2010//May/msg00002.html</url>
                            <name>APPLE-SA-2010-05-18-2</name>
                        </reference>
                        <reference>
                            <source>BID</source>
                            <url>http://www.securityfocus.com/bid/40238</url>
                            <name>40238</name>
                        </reference>
                        <reference>
                            <source>CONFIRM</source>
                            <url>http://support.apple.com/kb/HT4170</url>
                            <name>http://support.apple.com/kb/HT4170</name>
                        </reference>
                        <reference>
                            <source>CONFIRM</source>
                            <url>http://support.apple.com/kb/HT4171</url>
                            <name>http://support.apple.com/kb/HT4171</name>
                        </reference>
                        <reference>
                            <source>SECTRACK</source>
                            <url>http://securitytracker.com/id?1024011</url>
                            <name>1024011</name>
                        </reference>
                        <reference>
                            <source>SECUNIA</source>
                            <url>http://secunia.com/advisories/39819</url>
                            <name>39819</name>
                        </reference>
                        <reference>
                            <source>VUPEN</source>
                            <url>http://www.vupen.com/english/advisories/2010/1191</url>
                            <name>ADV-2010-1191</name>
                        </reference>
                    </references>
                    <vulnerableSoftware>
                        <software>cpe:/a:apple:java</software>
                    </vulnerableSoftware>
                </vulnerability>
            </vulnerabilities>
        </dependency>
        <dependency>
            <fileName>commons-httpclient-contrib.jar</fileName>
            <filePath>/home/bcraig/Documents/Thesis/Analysis/reports/ganttproject/3rdParty/commons-httpclient-contrib.jar</filePath>
            <md5>153F93FCFB61DD4C44A9ED4EF10623F4</md5>
            <sha1>C1BB21CBBB87FA9C324DC5359BFAA526FE386382</sha1>
            <evidenceCollected>
                <evidence>
                    <source>file</source>
                    <name>name</name>
                    <value>commons-httpclient-contrib</value>
                </evidence>
                <evidence>
                    <source>jar</source>
                    <name>package</name>
                    <value>apache</value>
                </evidence>
                <evidence>
                    <source>jar</source>
                    <name>package</name>
                    <value>commons</value>
                </evidence>
                <evidence>
                    <source>jar</source>
                    <name>package</name>
                    <value>contrib</value>
                </evidence>
                <evidence>
                    <source>jar</source>
                    <name>package</name>
                    <value>httpclient</value>
                </evidence>
            </evidenceCollected>
            <identifiers>
                <identifier type="cpe">
                    <name>(cpe:/a:apache:commons-httpclient:-)</name>
                </identifier>
                <identifier type="cpe">
                    <name>(cpe:/a:apache:httpclient:-)</name>
                </identifier>
            </identifiers>
        </dependency>
        <dependency>
            <fileName>jax-qname.jar</fileName>
            <filePath>/home/bcraig/Documents/Thesis/Analysis/reports/ganttproject/3rdParty/jax-qname.jar</filePath>
            <md5>ABD8F0DF55A8C4E7AC11D3C1A86083DF</md5>
            <sha1>5EFCDB0C403363596945CE9FF010086C79B417BA</sha1>
            <evidenceCollected>
                <evidence>
                    <source>file</source>
                    <name>name</name>
                    <value>jax-qname</value>
                </evidence>
                <evidence>
                    <source>jar</source>
                    <name>package</name>
                    <value>javax</value>
                </evidence>
                <evidence>
                    <source>jar</source>
                    <name>package</name>
                    <value>namespace</value>
                </evidence>
                <evidence>
                    <source>jar</source>
                    <name>package</name>
                    <value>qname</value>
                </evidence>
                <evidence>
                    <source>jar</source>
                    <name>package</name>
                    <value>xml</value>
                </evidence>
                <evidence>
                    <source>jar</source>
                    <name>package name</name>
                    <value>javax</value>
                </evidence>
                <evidence>
                    <source>jar</source>
                    <name>package name</name>
                    <value>xml</value>
                </evidence>
                <evidence>
                    <source>Manifest</source>
                    <name>extension-name</name>
                    <value>javax.xml.rpc</value>
                </evidence>
                <evidence>
                    <source>Manifest</source>
                    <name>Implementation-Title</name>
                    <value>Java API for XML Based RPC Reference Implementation</value>
                </evidence>
                <evidence>
                    <source>Manifest</source>
                    <name>Implementation-Vendor</name>
                    <value>Sun Microsystems, Inc.</value>
                </evidence>
                <evidence>
                    <source>Manifest</source>
                    <name>Implementation-Vendor-Id</name>
                    <value>com.sun</value>
                </evidence>
                <evidence>
                    <source>Manifest</source>
                    <name>specification-title</name>
                    <value>Java API for XML Based RPC</value>
                </evidence>
            </evidenceCollected>
        </dependency>
        <dependency>
            <fileName>jaxb-api.jar</fileName>
            <filePath>/home/bcraig/Documents/Thesis/Analysis/reports/ganttproject/3rdParty/jaxb-api.jar</filePath>
            <md5>3F70C73D4CCDDD076B558852815F2D78</md5>
            <sha1>F539329E21B278AC5AB0060F64ABB45ECB504B38</sha1>
            <evidenceCollected>
                <evidence>
                    <source>file</source>
                    <name>name</name>
                    <value>jaxb-api</value>
                </evidence>
                <evidence>
                    <source>jar</source>
                    <name>package</name>
                    <value>bind</value>
                </evidence>
                <evidence>
                    <source>jar</source>
                    <name>package</name>
                    <value>javax</value>
                </evidence>
                <evidence>
                    <source>jar</source>
                    <name>package</name>
                    <value>xml</value>
                </evidence>
                <evidence>
                    <source>jar</source>
                    <name>package name</name>
                    <value>bind</value>
                </evidence>
                <evidence>
                    <source>jar</source>
                    <name>package name</name>
                    <value>javax</value>
                </evidence>
                <evidence>
                    <source>jar</source>
                    <name>package name</name>
                    <value>xml</value>
                </evidence>
                <evidence>
                    <source>Manifest</source>
                    <name>extension-name</name>
                    <value>javax.xml.bind</value>
                </evidence>
                <evidence>
                    <source>Manifest</source>
                    <name>Implementation-Title</name>
                    <value>JAXB Reference Implementation</value>
                </evidence>
                <evidence>
                    <source>Manifest</source>
                    <name>Implementation-Vendor</name>
                    <value>Sun Microsystems, Inc.</value>
                </evidence>
                <evidence>
                    <source>Manifest</source>
                    <name>Implementation-Vendor-Id</name>
                    <value>com.sun</value>
                </evidence>
                <evidence>
                    <source>Manifest</source>
                    <name>specification-title</name>
                    <value>Java Architecture for XML Binding</value>
                </evidence>
                <evidence>
                    <source>Manifest</source>
                    <name>specification-vendor</name>
                    <value>Sun Microsystems, Inc.</value>
                </evidence>
            </evidenceCollected>
        </dependency>
        <dependency>
            <fileName>namespace.jar</fileName>
            <filePath>/home/bcraig/Documents/Thesis/Analysis/reports/ganttproject/3rdParty/namespace.jar</filePath>
            <md5>389127503D65DD162C5149A59E263E10</md5>
            <sha1>AAD5510A950DA6D8484BC1CB37C8DCDCD5A22866</sha1>
            <evidenceCollected>
                <evidence>
                    <source>file</source>
                    <name>name</name>
                    <value>namespace</value>
                </evidence>
                <evidence>
                    <source>jar</source>
                    <name>package</name>
                    <value>javax</value>
                </evidence>
                <evidence>
                    <source>jar</source>
                    <name>package</name>
                    <value>xml</value>
                </evidence>
                <evidence>
                    <source>jar</source>
                    <name>package name</name>
                    <value>javax</value>
                </evidence>
                <evidence>
                    <source>jar</source>
                    <name>package name</name>
                    <value>namespace</value>
                </evidence>
                <evidence>
                    <source>jar</source>
                    <name>package name</name>
                    <value>xml</value>
                </evidence>
                <evidence>
                    <source>Manifest</source>
                    <name>extension-name</name>
                    <value>javax.xml.namespace</value>
                </evidence>
                <evidence>
                    <source>Manifest</source>
                    <name>Implementation-Title</name>
                    <value>JAXB Reference Implementation</value>
                </evidence>
                <evidence>
                    <source>Manifest</source>
                    <name>Implementation-Vendor</name>
                    <value>Sun Microsystems, Inc.</value>
                </evidence>
                <evidence>
                    <source>Manifest</source>
                    <name>Implementation-Vendor-Id</name>
                    <value>com.sun</value>
                </evidence>
                <evidence>
                    <source>Manifest</source>
                    <name>specification-title</name>
                    <value>Java Architecture for XML Binding</value>
                </evidence>
                <evidence>
                    <source>Manifest</source>
                    <name>specification-vendor</name>
                    <value>Sun Microsystems, Inc.</value>
                </evidence>
            </evidenceCollected>
        </dependency>
        <dependency>
            <fileName>mpxj.jar</fileName>
            <filePath>/home/bcraig/Documents/Thesis/Analysis/reports/ganttproject/3rdParty/mpxj.jar</filePath>
            <md5>C25525B5B32104E4458A59FE4E6A395E</md5>
            <sha1>85E707E49B503D1E3BE82674D5FF9FE5FD34531F</sha1>
            <evidenceCollected>
                <evidence>
                    <source>file</source>
                    <name>name</name>
                    <value>mpxj</value>
                </evidence>
                <evidence>
                    <source>jar</source>
                    <name>package</name>
                    <value>mspdi</value>
                </evidence>
                <evidence>
                    <source>jar</source>
                    <name>package</name>
                    <value>schema</value>
                </evidence>
                <evidence>
                    <source>jar</source>
                    <name>package</name>
                    <value>tapsterrock</value>
                </evidence>
            </evidenceCollected>
        </dependency>
        <dependency>
            <fileName>fop-font-metrics.jar</fileName>
            <filePath>/home/bcraig/Documents/Thesis/Analysis/reports/ganttproject/3rdParty/fop-font-metrics.jar</filePath>
            <md5>4F2ACE4A6A59DDD4EED2B8E053967E57</md5>
            <sha1>B311C025D2E448C0A89E81A44A679CF552599248</sha1>
            <evidenceCollected>
                <evidence>
                    <source>file</source>
                    <name>name</name>
                    <value>fop-font-metrics</value>
                </evidence>
            </evidenceCollected>
        </dependency>
        <dependency>
            <fileName>helpgui-1.1.jar</fileName>
            <filePath>/home/bcraig/Documents/Thesis/Analysis/reports/ganttproject/3rdParty/helpgui-1.1.jar</filePath>
            <md5>39019E313E6C4F6986497C53835FC3D0</md5>
            <sha1>8E60FBAC647FFA56B63CD4FB384BE1043FF09170</sha1>
            <evidenceCollected>
                <evidence>
                    <source>file</source>
                    <name>name</name>
                    <value>helpgui-1.1</value>
                </evidence>
                <evidence>
                    <source>jar</source>
                    <name>package</name>
                    <value>helpgui</value>
                </evidence>
                <evidence>
                    <source>jar</source>
                    <name>package</name>
                    <value>net</value>
                </evidence>
                <evidence>
                    <source>jar</source>
                    <name>package</name>
                    <value>sourceforge</value>
                </evidence>
            </evidenceCollected>
        </dependency>
        <dependency>
            <fileName>relaxngDatatype.jar</fileName>
            <filePath>/home/bcraig/Documents/Thesis/Analysis/reports/ganttproject/3rdParty/relaxngDatatype.jar</filePath>
            <md5>E8F993D4E4497F441E4FDE9571F31A76</md5>
            <sha1>F6B7E8235BE4DB11FD9A68A0EAFC976FEB8AA12E</sha1>
            <evidenceCollected>
                <evidence>
                    <source>file</source>
                    <name>name</name>
                    <value>relaxngDatatype</value>
                </evidence>
                <evidence>
                    <source>jar</source>
                    <name>package</name>
                    <value>datatype</value>
                </evidence>
                <evidence>
                    <source>jar</source>
                    <name>package</name>
                    <value>helpers</value>
                </evidence>
                <evidence>
                    <source>jar</source>
                    <name>package</name>
                    <value>relaxng</value>
                </evidence>
            </evidenceCollected>
        </dependency>
        <dependency>
            <fileName>jaxb-libs.jar</fileName>
            <filePath>/home/bcraig/Documents/Thesis/Analysis/reports/ganttproject/3rdParty/jaxb-libs.jar</filePath>
            <md5>E379760C4BF15CBD7DBE9DCB81E7371D</md5>
            <sha1>2E9C031C480DDF994DEC2010A4E1E67779B2D437</sha1>
            <evidenceCollected>
                <evidence>
                    <source>file</source>
                    <name>name</name>
                    <value>jaxb-libs</value>
                </evidence>
                <evidence>
                    <source>jar</source>
                    <name>package</name>
                    <value>msv</value>
                </evidence>
                <evidence>
                    <source>jar</source>
                    <name>package</name>
                    <value>sun</value>
                </evidence>
                <evidence>
                    <source>jar</source>
                    <name>package name</name>
                    <value>impl</value>
                </evidence>
                <evidence>
                    <source>jar</source>
                    <name>package name</name>
                    <value>msv</value>
                </evidence>
                <evidence>
                    <source>jar</source>
                    <name>package name</name>
                    <value>sun</value>
                </evidence>
                <evidence>
                    <source>jar</source>
                    <name>package name</name>
                    <value>xml</value>
                </evidence>
                <evidence>
                    <source>jar (hint)</source>
                    <name>package</name>
                    <value>oracle</value>
                </evidence>
                <evidence>
                    <source>jar (hint)</source>
                    <name>package name</name>
                    <value>oracle</value>
                </evidence>
                <evidence>
                    <source>Manifest</source>
                    <name>extension-name</name>
                    <value>com.sun.msv</value>
                </evidence>
                <evidence>
                    <source>Manifest</source>
                    <name>Implementation-Title</name>
                    <value>JAXB Reference Implementation</value>
                </evidence>
                <evidence>
                    <source>Manifest</source>
                    <name>Implementation-Vendor</name>
                    <value>Sun Microsystems, Inc.</value>
                </evidence>
                <evidence>
                    <source>Manifest</source>
                    <name>Implementation-Vendor-Id</name>
                    <value>com.sun</value>
                </evidence>
                <evidence>
                    <source>Manifest</source>
                    <name>Implementation-Version</name>
                    <value>1.0.3</value>
                </evidence>
                <evidence>
                    <source>Manifest</source>
                    <name>specification-title</name>
                    <value>Java Architecture for XML Binding</value>
                </evidence>
                <evidence>
                    <source>Manifest</source>
                    <name>specification-vendor</name>
                    <value>Sun Microsystems, Inc.</value>
                </evidence>
                <evidence>
                    <source>Manifest</source>
                    <name>specification-version</name>
                    <value>1.0</value>
                </evidence>
            </evidenceCollected>
        </dependency>
        <dependency>
            <fileName>junit-3.8.1.jar</fileName>
            <filePath>/home/bcraig/Documents/Thesis/Analysis/reports/ganttproject/3rdParty/junit-3.8.1.jar</filePath>
            <md5>1F40FB782A4F2CF78F161D32670F7A3A</md5>
            <sha1>99129F16442844F6A4A11AE22FBBEE40B14D774F</sha1>
            <evidenceCollected>
                <evidence>
                    <source>file</source>
                    <name>name</name>
                    <value>junit-3.8.1</value>
                </evidence>
                <evidence>
                    <source>jar</source>
                    <name>package</name>
                    <value>junit</value>
                </evidence>
            </evidenceCollected>
        </dependency>
        <dependency>
            <fileName>pert.jar</fileName>
            <filePath>/home/bcraig/Documents/Thesis/Analysis/reports/ganttproject/3rdParty/pert.jar</filePath>
            <md5>62220D2ECF843D3CFC7C917E41E6BE69</md5>
            <sha1>5DFC046C8EA6F3467BF07C0879EDB31AFBE5DFDA</sha1>
            <evidenceCollected>
                <evidence>
                    <source>file</source>
                    <name>name</name>
                    <value>pert</value>
                </evidence>
                <evidence>
                    <source>jar</source>
                    <name>package</name>
                    <value>chart</value>
                </evidence>
                <evidence>
                    <source>jar</source>
                    <name>package</name>
                    <value>ganttproject</value>
                </evidence>
                <evidence>
                    <source>jar</source>
                    <name>package</name>
                    <value>pert</value>
                </evidence>
            </evidenceCollected>
        </dependency>
        <dependency>
            <fileName>xml-im-exporter1.1.jar</fileName>
            <filePath>/home/bcraig/Documents/Thesis/Analysis/reports/ganttproject/3rdParty/xml-im-exporter1.1.jar</filePath>
            <md5>1D56FCB25932C6CFB5BDCE4298ED35E2</md5>
            <sha1>C27B09F985EEF162B5D335F0460A130CC117596A</sha1>
            <evidenceCollected>
                <evidence>
                    <source>file</source>
                    <name>name</name>
                    <value>xml-im-exporter1.1</value>
                </evidence>
                <evidence>
                    <source>jar</source>
                    <name>package</name>
                    <value>de</value>
                </evidence>
                <evidence>
                    <source>jar</source>
                    <name>package</name>
                    <value>simpleimporter</value>
                </evidence>
                <evidence>
                    <source>jar</source>
                    <name>package</name>
                    <value>xml</value>
                </evidence>
                <evidence>
                    <source>jar</source>
                    <name>package</name>
                    <value>zeigermann</value>
                </evidence>
            </evidenceCollected>
        </dependency>
        <dependency>
            <fileName>xsdlib.jar</fileName>
            <filePath>/home/bcraig/Documents/Thesis/Analysis/reports/ganttproject/3rdParty/xsdlib.jar</filePath>
            <md5>83FADF8B1894CAFA7F0B881504E0D2FB</md5>
            <sha1>C58864940A78396DC73F0135659A7827893EBAFB</sha1>
            <evidenceCollected>
                <evidence>
                    <source>file</source>
                    <name>name</name>
                    <value>xsdlib</value>
                </evidence>
                <evidence>
                    <source>jar</source>
                    <name>package</name>
                    <value>datatype</value>
                </evidence>
                <evidence>
                    <source>jar</source>
                    <name>package</name>
                    <value>msv</value>
                </evidence>
                <evidence>
                    <source>jar</source>
                    <name>package</name>
                    <value>sun</value>
                </evidence>
                <evidence>
                    <source>jar</source>
                    <name>package</name>
                    <value>xsd</value>
                </evidence>
                <evidence>
                    <source>jar (hint)</source>
                    <name>package</name>
                    <value>oracle</value>
                </evidence>
            </evidenceCollected>
        </dependency>
        <dependency>
            <fileName>commons-transaction-1.0.jar</fileName>
            <filePath>/home/bcraig/Documents/Thesis/Analysis/reports/ganttproject/3rdParty/commons-transaction-1.0.jar</filePath>
            <md5>4458E4CB319E0C6AEA3304044AF1876E</md5>
            <sha1>2B220304968C41EFA6B93E41388FFF1506062EE9</sha1>
            <evidenceCollected>
                <evidence>
                    <source>file</source>
                    <name>name</name>
                    <value>commons-transaction-1.0</value>
                </evidence>
                <evidence>
                    <source>jar</source>
                    <name>package</name>
                    <value>apache</value>
                </evidence>
                <evidence>
                    <source>jar</source>
                    <name>package</name>
                    <value>commons</value>
                </evidence>
                <evidence>
                    <source>jar</source>
                    <name>package</name>
                    <value>transaction</value>
                </evidence>
                <evidence>
                    <source>jar</source>
                    <name>package name</name>
                    <value>apache</value>
                </evidence>
                <evidence>
                    <source>jar</source>
                    <name>package name</name>
                    <value>commons</value>
                </evidence>
                <evidence>
                    <source>jar</source>
                    <name>package name</name>
                    <value>transaction</value>
                </evidence>
                <evidence>
                    <source>Manifest</source>
                    <name>extension-name</name>
                    <value>commons-transaction</value>
                </evidence>
                <evidence>
                    <source>Manifest</source>
                    <name>Implementation-Vendor</name>
                    <value>Apache Software Foundation</value>
                </evidence>
                <evidence>
                    <source>Manifest</source>
                    <name>Implementation-Vendor-Id</name>
                    <value></value>
                </evidence>
                <evidence>
                    <source>Manifest</source>
                    <name>specification-title</name>
                    <value>Commons Transaction</value>
                </evidence>
                <evidence>
                    <source>Manifest</source>
                    <name>specification-vendor</name>
                    <value>Apache Software Foundation</value>
                </evidence>
            </evidenceCollected>
        </dependency>
        <dependency>
            <fileName>jakarta-slide-webdavlib-2.1.jar</fileName>
            <filePath>/home/bcraig/Documents/Thesis/Analysis/reports/ganttproject/3rdParty/jakarta-slide-webdavlib-2.1.jar</filePath>
            <md5>F9195326C0D626830090A706CAE13FEE</md5>
            <sha1>D1B5BA3BFE8DCFAF08A0468F8879EF1D0E998038</sha1>
            <evidenceCollected>
                <evidence>
                    <source>file</source>
                    <name>name</name>
                    <value>2.1</value>
                </evidence>
                <evidence>
                    <source>file</source>
                    <name>name</name>
                    <value>jakarta-slide-webdavlib-2.1</value>
                </evidence>
                <evidence>
                    <source>file</source>
                    <name>name</name>
                    <value>jakarta-slide-webdavlib-2.1</value>
                </evidence>
                <evidence>
                    <source>jar</source>
                    <name>package</name>
                    <value>apache</value>
                </evidence>
                <evidence>
                    <source>jar</source>
                    <name>package</name>
                    <value>lib</value>
                </evidence>
                <evidence>
                    <source>jar</source>
                    <name>package</name>
                    <value>webdav</value>
                </evidence>
                <evidence>
                    <source>jar</source>
                    <name>package name</name>
                    <value>apache</value>
                </evidence>
                <evidence>
                    <source>jar</source>
                    <name>package name</name>
                    <value>webdav</value>
                </evidence>
                <evidence>
                    <source>Manifest</source>
                    <name>extension-name</name>
                    <value>webdavclient</value>
                </evidence>
                <evidence>
                    <source>Manifest</source>
                    <name>Implementation-Title</name>
                    <value>Slide</value>
                </evidence>
                <evidence>
                    <source>Manifest</source>
                    <name>Implementation-Vendor</name>
                    <value>Apache Software Foundation</value>
                </evidence>
                <evidence>
                    <source>Manifest</source>
                    <name>Implementation-Version</name>
                    <value>2.1</value>
                </evidence>
                <evidence>
                    <source>Manifest</source>
                    <name>specification-title</name>
                    <value>Slide</value>
                </evidence>
                <evidence>
                    <source>Manifest</source>
                    <name>specification-vendor</name>
                    <value>Apache Software Foundation</value>
                </evidence>
                <evidence>
                    <source>Manifest</source>
                    <name>specification-version</name>
                    <value>2.0</value>
                </evidence>
            </evidenceCollected>
            <identifiers>
                <identifier type="cpe">
                    <name>(cpe:/a:apache:jakarta_slide:2.1)</name>
                    <url>http://web.nvd.nist.gov/view/vuln/search?cpe=cpe%3A%2Fa%3Aapache%3Ajakarta_slide%3A2.1</url>
                </identifier>
            </identifiers>
            <vulnerabilities>
                <vulnerability>
                    <name>CVE-2007-5731</name>
                    <cvssScore>3.5</cvssScore>
                    <severity>Low</severity>
                    <cwe>CWE-22 Improper Limitation of a Pathname to a Restricted Directory (&apos;Path Traversal&apos;)</cwe>
                    <description>Absolute path traversal vulnerability in Apache Jakarta Slide 2.1 and earlier allows remote authenticated users to read arbitrary files via a WebDAV write request that specifies an entity with a SYSTEM tag, a related issue to CVE-2007-5461.</description>
                    <references>
                        <reference>
                            <source>CONFIRM</source>
                            <url>http://svn.apache.org/viewvc/jakarta/slide/trunk/src/webdav/server/org/apache/slide/webdav/method/LockMethod.java?view=log&amp;sortby=date&amp;pathrev=590976</url>
                            <name>http://svn.apache.org/viewvc/jakarta/slide/trunk/src/webdav/server/org/apache/slide/webdav/method/LockMethod.java?view=log&amp;sortby=date&amp;pathrev=590976</name>
                        </reference>
                        <reference>
                            <source>MILW0RM</source>
                            <url>http://www.milw0rm.com/exploits/4567</url>
                            <name>4567</name>
                        </reference>
                        <reference>
                            <source>OSVDB</source>
                            <url>http://osvdb.org/38673</url>
                            <name>38673</name>
                        </reference>
                        <reference>
                            <source>SECUNIA</source>
                            <url>http://secunia.com/advisories/27467</url>
                            <name>27467</name>
                        </reference>
                        <reference>
                            <source>VUPEN</source>
                            <url>http://www.vupen.com/english/advisories/2007/3699</url>
                            <name>ADV-2007-3699</name>
                        </reference>
                    </references>
                    <vulnerableSoftware>
                        <software>cpe:/a:apache:jakarta_slide:2.1</software>
                    </vulnerableSoftware>
                </vulnerability>
            </vulnerabilities>
        </dependency>
        <dependency>
            <fileName>commons-httpclient.jar</fileName>
            <filePath>/home/bcraig/Documents/Thesis/Analysis/reports/ganttproject/3rdParty/commons-httpclient.jar</filePath>
            <md5>B363210CF8EC2255DAB05A918242A3E4</md5>
            <sha1>B96ED57072F0D2E6F66DD016E72B8AE9B043D143</sha1>
            <evidenceCollected>
                <evidence>
                    <source>file</source>
                    <name>name</name>
                    <value>commons-httpclient</value>
                </evidence>
                <evidence>
                    <source>jar</source>
                    <name>package</name>
                    <value>apache</value>
                </evidence>
                <evidence>
                    <source>jar</source>
                    <name>package</name>
                    <value>commons</value>
                </evidence>
                <evidence>
                    <source>jar</source>
                    <name>package</name>
                    <value>httpclient</value>
                </evidence>
                <evidence>
                    <source>jar</source>
                    <name>package name</name>
                    <value>apache</value>
                </evidence>
                <evidence>
                    <source>jar</source>
                    <name>package name</name>
                    <value>httpclient</value>
                </evidence>
                <evidence>
                    <source>Manifest</source>
                    <name>extension-name</name>
                    <value>httpclient</value>
                </evidence>
                <evidence>
                    <source>Manifest</source>
                    <name>Implementation-Vendor</name>
                    <value>Apache Software Foundation</value>
                </evidence>
                <evidence>
                    <source>Manifest</source>
                    <name>Implementation-Version</name>
                    <value>2.0-final</value>
                </evidence>
                <evidence>
                    <source>Manifest</source>
                    <name>specification-vendor</name>
                    <value>Apache Software Foundation</value>
                </evidence>
                <evidence>
                    <source>Manifest</source>
                    <name>specification-version</name>
                    <value>1.0</value>
                </evidence>
            </evidenceCollected>
            <identifiers>
                <identifier type="cpe">
                    <name>(cpe:/a:apache:commons-httpclient:2.0)</name>
                </identifier>
                <identifier type="cpe">
                    <name>(cpe:/a:apache:httpclient:2.0)</name>
                </identifier>
            </identifiers>
        </dependency>
        <dependency>
            <fileName>jdom-1.0.jar</fileName>
            <filePath>/home/bcraig/Documents/Thesis/Analysis/reports/ganttproject/3rdParty/jdom-1.0.jar</filePath>
            <md5>0B8F97DE82FC9529B1028A77125CE4F8</md5>
            <sha1>A2AC1CD690AB4C80DEFE7F9BCE14D35934C35CEC</sha1>
            <evidenceCollected>
                <evidence>
                    <source>file</source>
                    <name>name</name>
                    <value>jdom-1.0</value>
                </evidence>
                <evidence>
                    <source>jar</source>
                    <name>package</name>
                    <value>jdom</value>
                </evidence>
            </evidenceCollected>
        </dependency>
        <dependency>
            <fileName>jdnc-modifBen.jar</fileName>
            <filePath>/home/bcraig/Documents/Thesis/Analysis/reports/ganttproject/3rdParty/jdnc-modifBen.jar</filePath>
            <md5>F9E3BC8E3A9924DDEA3811221E7E5DAF</md5>
            <sha1>C58D7617BCDBEC6EE7DF5E98EE24F8EB1E0AD2FB</sha1>
            <evidenceCollected>
                <evidence>
                    <source>file</source>
                    <name>name</name>
                    <value>jdnc-modifBen</value>
                </evidence>
                <evidence>
                    <source>jar</source>
                    <name>package</name>
                    <value>jdesktop</value>
                </evidence>
                <evidence>
                    <source>jar</source>
                    <name>package</name>
                    <value>swing</value>
                </evidence>
            </evidenceCollected>
        </dependency>
        <dependency>
            <fileName>jaxb-impl.jar</fileName>
            <filePath>/home/bcraig/Documents/Thesis/Analysis/reports/ganttproject/3rdParty/jaxb-impl.jar</filePath>
            <md5>E6656AECBEB6AD6A901A5AD90BC6E1F4</md5>
            <sha1>13F8D547A83DBE3FB8DDF95C3F0BFD71130A8099</sha1>
            <evidenceCollected>
                <evidence>
                    <source>file</source>
                    <name>name</name>
                    <value>jaxb-impl</value>
                </evidence>
                <evidence>
                    <source>jar</source>
                    <name>package</name>
                    <value>bind</value>
                </evidence>
                <evidence>
                    <source>jar</source>
                    <name>package</name>
                    <value>sun</value>
                </evidence>
                <evidence>
                    <source>jar</source>
                    <name>package</name>
                    <value>xml</value>
                </evidence>
                <evidence>
                    <source>jar</source>
                    <name>package name</name>
                    <value>bind</value>
                </evidence>
                <evidence>
                    <source>jar</source>
                    <name>package name</name>
                    <value>sun</value>
                </evidence>
                <evidence>
                    <source>jar</source>
                    <name>package name</name>
                    <value>xml</value>
                </evidence>
                <evidence>
                    <source>jar (hint)</source>
                    <name>package</name>
                    <value>oracle</value>
                </evidence>
                <evidence>
                    <source>jar (hint)</source>
                    <name>package name</name>
                    <value>oracle</value>
                </evidence>
                <evidence>
                    <source>Manifest</source>
                    <name>extension-name</name>
                    <value>com.sun.xml.bind</value>
                </evidence>
                <evidence>
                    <source>Manifest</source>
                    <name>Implementation-Title</name>
                    <value>JAXB Reference Implementation</value>
                </evidence>
                <evidence>
                    <source>Manifest</source>
                    <name>Implementation-Vendor</name>
                    <value>Sun Microsystems, Inc.</value>
                </evidence>
                <evidence>
                    <source>Manifest</source>
                    <name>Implementation-Vendor-Id</name>
                    <value>com.sun</value>
                </evidence>
                <evidence>
                    <source>Manifest</source>
                    <name>Implementation-Version</name>
                    <value>1.0.3</value>
                </evidence>
                <evidence>
                    <source>Manifest</source>
                    <name>specification-title</name>
                    <value>Java Architecture for XML Binding</value>
                </evidence>
                <evidence>
                    <source>Manifest</source>
                    <name>specification-vendor</name>
                    <value>Sun Microsystems, Inc.</value>
                </evidence>
                <evidence>
                    <source>Manifest</source>
                    <name>specification-version</name>
                    <value>1.0</value>
                </evidence>
            </evidenceCollected>
        </dependency>
        <dependency>
            <fileName>fop.jar</fileName>
            <filePath>/home/bcraig/Documents/Thesis/Analysis/reports/ganttproject/3rdParty/fop.jar</filePath>
            <md5>3E71C82A390215462D7A724DFBAB64E1</md5>
            <sha1>6658D79A3415F0035DDDADC1062FDF55E998E878</sha1>
            <evidenceCollected>
                <evidence>
                    <source>file</source>
                    <name>name</name>
                    <value>fop</value>
                </evidence>
                <evidence>
                    <source>jar</source>
                    <name>package</name>
                    <value>apache</value>
                </evidence>
                <evidence>
                    <source>jar</source>
                    <name>package</name>
                    <value>fo</value>
                </evidence>
                <evidence>
                    <source>jar</source>
                    <name>package</name>
                    <value>fop</value>
                </evidence>
                <evidence>
                    <source>jar</source>
                    <name>package name</name>
                    <value>apache</value>
                </evidence>
                <evidence>
                    <source>jar</source>
                    <name>package name</name>
                    <value>fo</value>
                </evidence>
                <evidence>
                    <source>jar</source>
                    <name>package name</name>
                    <value>fop</value>
                </evidence>
                <evidence>
                    <source>jar</source>
                    <name>package name</name>
                    <value>xml</value>
                </evidence>
                <evidence>
                    <source>Manifest</source>
                    <name>build-id</name>
                    <value>20030915-183915-CEST (thomas [Linux 2.4.20-8 i386])</value>
                </evidence>
                <evidence>
                    <source>Manifest</source>
                    <name>Implementation-Title</name>
                    <value>Fop</value>
                </evidence>
                <evidence>
                    <source>Manifest</source>
                    <name>Implementation-Vendor</name>
                    <value>Apache Software Foundation (http://xml.apache.org/fop/)</value>
                </evidence>
            </evidenceCollected>
        </dependency>
        <dependency>
            <fileName>jgoodies-looks-1.2.2.jar</fileName>
            <filePath>/home/bcraig/Documents/Thesis/Analysis/reports/ganttproject/3rdParty/jgoodies-looks-1.2.2.jar</filePath>
            <md5>A7E4BBDFF527E47A002B9749C2B6BFBB</md5>
            <sha1>C03CCDA024E0A5A05C0C0DACA4C51C31A04006DE</sha1>
            <evidenceCollected>
                <evidence>
                    <source>file</source>
                    <name>name</name>
                    <value>jgoodies-looks-1.2.2</value>
                </evidence>
                <evidence>
                    <source>jar</source>
                    <name>package</name>
                    <value>jgoodies</value>
                </evidence>
                <evidence>
                    <source>jar</source>
                    <name>package</name>
                    <value>plaf</value>
                </evidence>
                <evidence>
                    <source>jar</source>
                    <name>package</name>
                    <value>plastic</value>
                </evidence>
            </evidenceCollected>
        </dependency>
        <dependency>
            <fileName>jakarta-poi-2.5.jar</fileName>
            <filePath>/home/bcraig/Documents/Thesis/Analysis/reports/ganttproject/3rdParty/jakarta-poi-2.5.jar</filePath>
            <md5>90E52DE6E9F6239A3A27DE11FCCA5E25</md5>
            <sha1>8C658D32AD432397078D60E5965CBC5CFEAF8D0D</sha1>
            <evidenceCollected>
                <evidence>
                    <source>file</source>
                    <name>name</name>
                    <value>2.5</value>
                </evidence>
                <evidence>
                    <source>file</source>
                    <name>name</name>
                    <value>jakarta-poi-2.5</value>
                </evidence>
                <evidence>
                    <source>file</source>
                    <name>name</name>
                    <value>jakarta-poi-2.5</value>
                </evidence>
                <evidence>
                    <source>jar</source>
                    <name>package</name>
                    <value>apache</value>
                </evidence>
                <evidence>
                    <source>jar</source>
                    <name>package</name>
                    <value>hssf</value>
                </evidence>
                <evidence>
                    <source>jar</source>
                    <name>package</name>
                    <value>poi</value>
                </evidence>
            </evidenceCollected>
            <identifiers>
                <identifier type="cpe">
                    <name>(cpe:/a:apache:poi:2.5)</name>
                    <url>http://web.nvd.nist.gov/view/vuln/search?cpe=cpe%3A%2Fa%3Aapache%3Apoi%3A2.5</url>
                </identifier>
            </identifiers>
            <vulnerabilities>
                <vulnerability>
                    <name>CVE-2012-0213</name>
                    <cvssScore>5.0</cvssScore>
                    <severity>Medium</severity>
                    <cwe>CWE-399 Resource Management Errors</cwe>
                    <description>The UnhandledDataStructure function in hwpf/model/UnhandledDataStructure.java in Apache POI 3.8 and earlier allows remote attackers to cause a denial of service (OutOfMemoryError exception and possibly JVM destabilization) via a crafted length value in a Channel Definition Format (CDF) or Compound File Binary Format (CFBF) document.</description>
                    <references>
                        <reference>
                            <source>CONFIRM</source>
                            <url>https://wiki.mageia.org/en/Support/Advisories/MGASA-2013-0044</url>
                            <name>https://wiki.mageia.org/en/Support/Advisories/MGASA-2013-0044</name>
                        </reference>
                        <reference>
                            <source>DEBIAN</source>
                            <url>http://www.debian.org/security/2012/dsa-2468</url>
                            <name>DSA-2468</name>
                        </reference>
                        <reference>
                            <source>FEDORA</source>
                            <url>http://lists.fedoraproject.org/pipermail/package-announce/2012-August/084609.html</url>
                            <name>FEDORA-2012-10835</name>
                        </reference>
                        <reference>
                            <source>MANDRIVA</source>
                            <url>http://www.mandriva.com/security/advisories?name=MDVSA-2013:094</url>
                            <name>MDVSA-2013:094</name>
                        </reference>
                        <reference>
                            <source>MISC</source>
                            <url>https://bugzilla.redhat.com/show_bug.cgi?id=799078</url>
                            <name>https://bugzilla.redhat.com/show_bug.cgi?id=799078</name>
                        </reference>
                        <reference>
                            <source>REDHAT</source>
                            <url>http://rhn.redhat.com/errata/RHSA-2012-1232.html</url>
                            <name>RHSA-2012:1232</name>
                        </reference>
                        <reference>
                            <source>SECUNIA</source>
                            <url>http://secunia.com/advisories/49040</url>
                            <name>49040</name>
                        </reference>
                        <reference>
                            <source>SECUNIA</source>
                            <url>http://secunia.com/advisories/50549</url>
                            <name>50549</name>
                        </reference>
                    </references>
                    <vulnerableSoftware>
                        <software>cpe:/a:apache:poi:0.1</software>
                        <software>cpe:/a:apache:poi:0.2</software>
                        <software>cpe:/a:apache:poi:0.3</software>
                        <software>cpe:/a:apache:poi:0.4</software>
                        <software>cpe:/a:apache:poi:0.5</software>
                        <software>cpe:/a:apache:poi:0.6</software>
                        <software>cpe:/a:apache:poi:0.7</software>
                        <software>cpe:/a:apache:poi:0.10.0</software>
                        <software>cpe:/a:apache:poi:0.11.0</software>
                        <software>cpe:/a:apache:poi:0.12.0</software>
                        <software>cpe:/a:apache:poi:0.13.0</software>
                        <software>cpe:/a:apache:poi:0.14.0</software>
                        <software>cpe:/a:apache:poi:1.0.0</software>
                        <software>cpe:/a:apache:poi:1.0.1</software>
                        <software>cpe:/a:apache:poi:1.0.2</software>
                        <software>cpe:/a:apache:poi:1.1.0</software>
                        <software>cpe:/a:apache:poi:1.2.0</software>
                        <software>cpe:/a:apache:poi:1.5</software>
                        <software>cpe:/a:apache:poi:1.5.1</software>
                        <software>cpe:/a:apache:poi:1.7:dev</software>
                        <software>cpe:/a:apache:poi:1.8:dev</software>
                        <software>cpe:/a:apache:poi:1.10:dev</software>
                        <software>cpe:/a:apache:poi:2.0</software>
                        <software>cpe:/a:apache:poi:2.0:pre1</software>
                        <software>cpe:/a:apache:poi:2.0:pre2</software>
                        <software>cpe:/a:apache:poi:2.0:pre3</software>
                        <software>cpe:/a:apache:poi:2.0:rc1</software>
                        <software>cpe:/a:apache:poi:2.0:rc2</software>
                        <software>cpe:/a:apache:poi:2.5</software>
                        <software>cpe:/a:apache:poi:2.5.1</software>
                        <software>cpe:/a:apache:poi:3.0</software>
                        <software>cpe:/a:apache:poi:3.0:alpha1</software>
                        <software>cpe:/a:apache:poi:3.0:alpha2</software>
                        <software>cpe:/a:apache:poi:3.0:alpha3</software>
                        <software>cpe:/a:apache:poi:3.0.1</software>
                        <software>cpe:/a:apache:poi:3.0.2</software>
                        <software>cpe:/a:apache:poi:3.0.2:beta1</software>
                        <software>cpe:/a:apache:poi:3.0.2:beta2</software>
                        <software>cpe:/a:apache:poi:3.1</software>
                        <software>cpe:/a:apache:poi:3.1:beta1</software>
                        <software>cpe:/a:apache:poi:3.1:beta2</software>
                        <software>cpe:/a:apache:poi:3.2</software>
                        <software>cpe:/a:apache:poi:3.5</software>
                        <software>cpe:/a:apache:poi:3.5:beta1</software>
                        <software>cpe:/a:apache:poi:3.5:beta2</software>
                        <software>cpe:/a:apache:poi:3.5:beta3</software>
                        <software>cpe:/a:apache:poi:3.5:beta4</software>
                        <software>cpe:/a:apache:poi:3.5:beta5</software>
                        <software>cpe:/a:apache:poi:3.5:beta6</software>
                        <software>cpe:/a:apache:poi:3.6</software>
                        <software>cpe:/a:apache:poi:3.7</software>
                        <software>cpe:/a:apache:poi:3.7:beta1</software>
                        <software>cpe:/a:apache:poi:3.7:beta2</software>
                        <software>cpe:/a:apache:poi:3.7:beta3</software>
                        <software>cpe:/a:apache:poi:3.8</software>
                        <software allPreviousVersion="true">cpe:/a:apache:poi:3.8:beta1</software>
                        <software allPreviousVersion="true">cpe:/a:apache:poi:3.8:beta2</software>
                        <software allPreviousVersion="true">cpe:/a:apache:poi:3.8:beta3</software>
                        <software allPreviousVersion="true">cpe:/a:apache:poi:3.8:beta4</software>
                        <software allPreviousVersion="true">cpe:/a:apache:poi:3.8:beta5</software>
                    </vulnerableSoftware>
                </vulnerability>
            </vulnerabilities>
        </dependency>
        <dependency>
            <fileName>commons-logging.jar</fileName>
            <filePath>/home/bcraig/Documents/Thesis/Analysis/reports/ganttproject/3rdParty/commons-logging.jar</filePath>
            <md5>5BC8BDD15B18018E84FD862993AACA42</md5>
            <sha1>760C711C71588BC273D3E56D196D720A7678CD93</sha1>
            <evidenceCollected>
                <evidence>
                    <source>file</source>
                    <name>name</name>
                    <value>commons-logging</value>
                </evidence>
                <evidence>
                    <source>jar</source>
                    <name>package</name>
                    <value>apache</value>
                </evidence>
                <evidence>
                    <source>jar</source>
                    <name>package</name>
                    <value>commons</value>
                </evidence>
                <evidence>
                    <source>jar</source>
                    <name>package</name>
                    <value>impl</value>
                </evidence>
                <evidence>
                    <source>jar</source>
                    <name>package</name>
                    <value>logging</value>
                </evidence>
                <evidence>
                    <source>jar</source>
                    <name>package name</name>
                    <value>apache</value>
                </evidence>
                <evidence>
                    <source>jar</source>
                    <name>package name</name>
                    <value>commons</value>
                </evidence>
                <evidence>
                    <source>jar</source>
                    <name>package name</name>
                    <value>log</value>
                </evidence>
                <evidence>
                    <source>jar</source>
                    <name>package name</name>
                    <value>logging</value>
                </evidence>
                <evidence>
                    <source>Manifest</source>
                    <name>extension-name</name>
                    <value>org.apache.commons.logging</value>
                </evidence>
                <evidence>
                    <source>Manifest</source>
                    <name>Implementation-Vendor</name>
                    <value>Apache Software Foundation</value>
                </evidence>
                <evidence>
                    <source>Manifest</source>
                    <name>specification-vendor</name>
                    <value>Apache Software Foundation</value>
                </evidence>
            </evidenceCollected>
        </dependency>
        <dependency>
            <fileName>eclipsito.jar</fileName>
            <filePath>/home/bcraig/Documents/Thesis/Analysis/reports/ganttproject/3rdParty/eclipsito.jar</filePath>
            <md5>7B74AE6EBAB1D7E3C56B056C0333B035</md5>
            <sha1>F6C946B5751931E824F6AF8727CA09E0B152A64C</sha1>
            <evidenceCollected>
                <evidence>
                    <source>file</source>
                    <name>name</name>
                    <value>eclipsito</value>
                </evidence>
                <evidence>
                    <source>jar</source>
                    <name>package</name>
                    <value>bardsoftware</value>
                </evidence>
                <evidence>
                    <source>jar</source>
                    <name>package</name>
                    <value>eclipsito</value>
                </evidence>
            </evidenceCollected>
        </dependency>
    </dependencies>
</analysis>