<?xml version="1.0"?>
<analysis xmlns="https://www.owasp.org/index.php/OWASP_Dependency_Check">
    <projectInfo>
        <name>hadoop</name>
        <reportDate>Feb 8, 2014 11:48:56 AM</reportDate>
        <credits>This report contains data retrieved from the National Vulnerability Database: http://nvd.nist.gov</credits>
    </projectInfo>
    <dependencies>
        <dependency>
            <fileName>hadoopthriftapi.jar</fileName>
            <filePath>/home/bcraig/Documents/Thesis/Analysis/reports/hadoop/Source/hadoopthriftapi.jar</filePath>
            <md5>36E66987A686F519505EC568431214DD</md5>
            <sha1>BA36FD0EB44AC35C501BFBA83D4403DCFB4E228E</sha1>
            <evidenceCollected>
                <evidence>
                    <source>file</source>
                    <name>name</name>
                    <value>hadoopthriftapi</value>
                </evidence>
                <evidence>
                    <source>jar</source>
                    <name>package</name>
                    <value>apache</value>
                </evidence>
                <evidence>
                    <source>jar</source>
                    <name>package</name>
                    <value>api</value>
                </evidence>
                <evidence>
                    <source>jar</source>
                    <name>package</name>
                    <value>hadoop</value>
                </evidence>
                <evidence>
                    <source>jar</source>
                    <name>package</name>
                    <value>thriftfs</value>
                </evidence>
            </evidenceCollected>
            <identifiers>
                <identifier type="cpe">
                    <name>(cpe:/a:apache:hadoop:-)</name>
                </identifier>
            </identifiers>
        </dependency>
        <dependency>
            <fileName>hadoop-core-1.0.0.jar</fileName>
            <filePath>/home/bcraig/Documents/Thesis/Analysis/reports/hadoop/Source/hadoop-core-1.0.0.jar</filePath>
            <md5>5E022013590ABA77F6C8AB9DAEAA0995</md5>
            <sha1>C0435CFEDDBC96766EE3852772C1C41BF742ACCE</sha1>
            <relatedDependencies>
                <relatedDependency>
                    <filePath>/home/bcraig/Documents/Thesis/Analysis/reports/hadoop/Source/hadoop-ant-1.0.0.jar</filePath>
                    <sha1>572749366864ABA3158C8D562EF7CBC201FD8D96</sha1>
                    <md5>22468394FB3F24ECA3772ECDA4E8EE57</md5>
                </relatedDependency>
                <relatedDependency>
                    <filePath>/home/bcraig/Documents/Thesis/Analysis/reports/hadoop/Source/hadoop-capacity-scheduler-1.0.0.jar</filePath>
                    <sha1>0DC3E3F79056C94E1C9484C73653F620ECED2D10</sha1>
                    <md5>E70C5D6125778A8C5981CD743A48EC0F</md5>
                </relatedDependency>
                <relatedDependency>
                    <filePath>/home/bcraig/Documents/Thesis/Analysis/reports/hadoop/Source/hadoop-datajoin-1.0.0.jar</filePath>
                    <sha1>77FD641BD4B0610269BF873FBF2FA872D2DAD90B</sha1>
                    <md5>E0E6D3F42535D6716571EFC94EE28444</md5>
                </relatedDependency>
                <relatedDependency>
                    <filePath>/home/bcraig/Documents/Thesis/Analysis/reports/hadoop/Source/hadoop-examples-1.0.0.jar</filePath>
                    <sha1>903A195AE12F854CC8A61B2121E8EEA6D034D95C</sha1>
                    <md5>0EAC94159785CAA34EA3887EC25DBB0D</md5>
                </relatedDependency>
                <relatedDependency>
                    <filePath>/home/bcraig/Documents/Thesis/Analysis/reports/hadoop/Source/hadoop-failmon-1.0.0.jar</filePath>
                    <sha1>9C11A2B01E013AA6DE0503C9F22A3A207ED1EB68</sha1>
                    <md5>9FA6ACD5B9590CFE6D8336105622F0BE</md5>
                </relatedDependency>
                <relatedDependency>
                    <filePath>/home/bcraig/Documents/Thesis/Analysis/reports/hadoop/Source/hadoop-fairscheduler-1.0.0.jar</filePath>
                    <sha1>E736736E060590FC34F0065C942C334C90F795DD</sha1>
                    <md5>74D32D5958FAD1BB9ED6AF26940E1961</md5>
                </relatedDependency>
                <relatedDependency>
                    <filePath>/home/bcraig/Documents/Thesis/Analysis/reports/hadoop/Source/hadoop-gridmix-1.0.0.jar</filePath>
                    <sha1>E9E38DB14148B90C358D774C6065C5FB54A0C6E7</sha1>
                    <md5>9E7464984404D1B0C998BDB4E888D6DA</md5>
                </relatedDependency>
                <relatedDependency>
                    <filePath>/home/bcraig/Documents/Thesis/Analysis/reports/hadoop/Source/hadoop-index-1.0.0.jar</filePath>
                    <sha1>9437172CE141BC69FD5884B82CAE79D8410495D5</sha1>
                    <md5>A6A72BF71E32A47BF915C03FCC1535A5</md5>
                </relatedDependency>
                <relatedDependency>
                    <filePath>/home/bcraig/Documents/Thesis/Analysis/reports/hadoop/Source/hadoop-streaming-1.0.0.jar</filePath>
                    <sha1>657C68D333B6604A17476362BFDD321F13083240</sha1>
                    <md5>4E462076CC24D3E802DE328660FAD6E0</md5>
                </relatedDependency>
                <relatedDependency>
                    <filePath>/home/bcraig/Documents/Thesis/Analysis/reports/hadoop/Source/hadoop-test-1.0.0.jar</filePath>
                    <sha1>856938B0DE6D6102F563682334F9D45FB8B77A94</sha1>
                    <md5>EA3CB305B962919E0E52C7C8A6EB2A8B</md5>
                </relatedDependency>
                <relatedDependency>
                    <filePath>/home/bcraig/Documents/Thesis/Analysis/reports/hadoop/Source/hadoop-thriftfs-1.0.0.jar</filePath>
                    <sha1>89E42BBF7D4315D28C1BCE64C4BE035875BC32C8</sha1>
                    <md5>F1924BABE4C60E9408A1A7F41B2302F8</md5>
                </relatedDependency>
                <relatedDependency>
                    <filePath>/home/bcraig/Documents/Thesis/Analysis/reports/hadoop/Source/hadoop-tools-1.0.0.jar</filePath>
                    <sha1>139F42D3B70234E1ADBE927CB29BAE065F5F2A51</sha1>
                    <md5>2C806975090A495BF728B043D74B94EC</md5>
                </relatedDependency>
                <relatedDependency>
                    <filePath>/home/bcraig/Documents/Thesis/Analysis/reports/hadoop/Source/hadoop-vaidya-1.0.0.jar</filePath>
                    <sha1>0083D01C74746A6AB94A7F68DF9147B31B481B07</sha1>
                    <md5>4ECCD25EFCC5B412837A9E39F378755F</md5>
                </relatedDependency>
            </relatedDependencies>
            <evidenceCollected>
                <evidence>
                    <source>file</source>
                    <name>name</name>
                    <value>1.0.0</value>
                </evidence>
                <evidence>
                    <source>file</source>
                    <name>name</name>
                    <value>hadoop-core-1.0.0</value>
                </evidence>
                <evidence>
                    <source>file</source>
                    <name>name</name>
                    <value>hadoop-core-1.0.0</value>
                </evidence>
                <evidence>
                    <source>jar</source>
                    <name>package</name>
                    <value>apache</value>
                </evidence>
                <evidence>
                    <source>jar</source>
                    <name>package</name>
                    <value>hadoop</value>
                </evidence>
            </evidenceCollected>
            <identifiers>
                <identifier type="cpe">
                    <name>(cpe:/a:apache:hadoop:1.0.0)</name>
                    <url>http://web.nvd.nist.gov/view/vuln/search?cpe=cpe%3A%2Fa%3Aapache%3Ahadoop%3A1.0.0</url>
                </identifier>
            </identifiers>
            <vulnerabilities>
                <vulnerability>
                    <name>CVE-2013-2192</name>
                    <cvssScore>3.2</cvssScore>
                    <severity>Low</severity>
                    <cwe>CWE-287 Improper Authentication</cwe>
                    <description>The RPC protocol implementation in Apache Hadoop 2.x before 2.0.6-alpha, 0.23.x before 0.23.9, and 1.x before 1.2.1, when the Kerberos security features are enabled, allows man-in-the-middle attackers to disable bidirectional authentication and obtain sensitive information by forcing a downgrade to simple authentication.</description>
                    <references>
                        <reference>
                            <source>FULLDISC</source>
                            <url>http://seclists.org/fulldisclosure/2013/Aug/251</url>
                            <name>20130823 CVE-2013-2192: Apache Hadoop Man in the Middle Vulnerability</name>
                        </reference>
                        <reference>
                            <source>REDHAT</source>
                            <url>http://rhn.redhat.com/errata/RHSA-2014-0037.html</url>
                            <name>RHSA-2014:0037</name>
                        </reference>
                    </references>
                    <vulnerableSoftware>
                        <software>cpe:/a:apache:hadoop:0.23.0</software>
                        <software>cpe:/a:apache:hadoop:0.23.1</software>
                        <software>cpe:/a:apache:hadoop:0.23.3</software>
                        <software>cpe:/a:apache:hadoop:0.23.4</software>
                        <software>cpe:/a:apache:hadoop:0.23.5</software>
                        <software>cpe:/a:apache:hadoop:0.23.6</software>
                        <software>cpe:/a:apache:hadoop:0.23.7</software>
                        <software>cpe:/a:apache:hadoop:0.23.8</software>
                        <software>cpe:/a:apache:hadoop:1.0.0</software>
                        <software>cpe:/a:apache:hadoop:1.0.1</software>
                        <software>cpe:/a:apache:hadoop:1.0.2</software>
                        <software>cpe:/a:apache:hadoop:1.0.3</software>
                        <software>cpe:/a:apache:hadoop:1.0.4</software>
                        <software>cpe:/a:apache:hadoop:1.1.0</software>
                        <software>cpe:/a:apache:hadoop:1.1.1</software>
                        <software>cpe:/a:apache:hadoop:1.1.2</software>
                        <software>cpe:/a:apache:hadoop:1.2.0</software>
                        <software>cpe:/a:apache:hadoop:2.0.0:alpha</software>
                        <software>cpe:/a:apache:hadoop:2.0.1:alpha</software>
                        <software>cpe:/a:apache:hadoop:2.0.2:alpha</software>
                        <software>cpe:/a:apache:hadoop:2.0.3:alpha</software>
                        <software>cpe:/a:apache:hadoop:2.0.4:alpha</software>
                        <software>cpe:/a:apache:hadoop:2.0.5:alpha</software>
                    </vulnerableSoftware>
                </vulnerability>
                <vulnerability>
                    <name>CVE-2012-1574</name>
                    <cvssScore>6.5</cvssScore>
                    <severity>Medium</severity>
                    <cwe>CWE-310 Cryptographic Issues</cwe>
                    <description>The Kerberos/MapReduce security functionality in Apache Hadoop 0.20.203.0 through 0.20.205.0, 0.23.x before 0.23.2, and 1.0.x before 1.0.2, as used in Cloudera CDH CDH3u0 through CDH3u2, Cloudera hadoop-0.20-sbin before 0.20.2+923.197, and other products, allows remote authenticated users to impersonate arbitrary cluster user accounts via unspecified vectors.</description>
                    <references>
                        <reference>
                            <source>BID</source>
                            <url>http://www.securityfocus.com/bid/52939</url>
                            <name>52939</name>
                        </reference>
                        <reference>
                            <source>BUGTRAQ</source>
                            <url>http://archives.neohapsis.com/archives/bugtraq/2012-04/0051.html</url>
                            <name>20120405 [CVE-2012-1574] Apache Hadoop user impersonation vulnerability</name>
                        </reference>
                        <reference>
                            <source>CONFIRM</source>
                            <url>https://ccp.cloudera.com/display/DOC/Cloudera+Security+Bulletin</url>
                            <name>https://ccp.cloudera.com/display/DOC/Cloudera+Security+Bulletin</name>
                        </reference>
                        <reference>
                            <source>FULLDISC</source>
                            <url>http://seclists.org/fulldisclosure/2012/Apr/70</url>
                            <name>20120405 [CVE-2012-1574] Apache Hadoop user impersonation vulnerability</name>
                        </reference>
                        <reference>
                            <source>SECUNIA</source>
                            <url>http://secunia.com/advisories/48775</url>
                            <name>48775</name>
                        </reference>
                        <reference>
                            <source>SECUNIA</source>
                            <url>http://secunia.com/advisories/48776</url>
                            <name>48776</name>
                        </reference>
                    </references>
                    <vulnerableSoftware>
                        <software>cpe:/a:apache:hadoop:0.20.203.0</software>
                        <software>cpe:/a:apache:hadoop:0.20.204.0</software>
                        <software>cpe:/a:apache:hadoop:0.20.205.0</software>
                        <software>cpe:/a:apache:hadoop:0.23.0</software>
                        <software>cpe:/a:apache:hadoop:0.23.1</software>
                        <software>cpe:/a:apache:hadoop:1.0.0</software>
                        <software>cpe:/a:apache:hadoop:1.0.1</software>
                        <software>cpe:/a:cloudera:cloudera_cdh:cdh3:0</software>
                        <software>cpe:/a:cloudera:cloudera_cdh:cdh3:1</software>
                        <software>cpe:/a:cloudera:cloudera_cdh:cdh3:2</software>
                        <software>cpe:/a:cloudera:hadoop:0.20.1%2b169</software>
                        <software>cpe:/a:cloudera:hadoop:0.20.2%2b923</software>
                        <software>cpe:/a:cloudera:hadoop:0.20-sbin</software>
                    </vulnerableSoftware>
                </vulnerability>
            </vulnerabilities>
        </dependency>
    </dependencies>
</analysis>