<?xml version="1.0"?>
<analysis xmlns="https://www.owasp.org/index.php/OWASP_Dependency_Check">
    <projectInfo>
        <name>heritrix</name>
        <reportDate>Feb 8, 2014 11:49:18 AM</reportDate>
        <credits>This report contains data retrieved from the National Vulnerability Database: http://nvd.nist.gov</credits>
    </projectInfo>
    <dependencies>
        <dependency>
            <fileName>fastutil-5.0.3-heritrix-subset-1.0.jar</fileName>
            <filePath>/home/bcraig/Documents/Thesis/Analysis/reports/heritrix/Source/fastutil-5.0.3-heritrix-subset-1.0.jar</filePath>
            <md5>C7964E412FE7D3878905AD3A88A0FD99</md5>
            <sha1>9144BC039F346F35432248760FBF9DACAE1DD815</sha1>
            <evidenceCollected>
                <evidence>
                    <source>file</source>
                    <name>name</name>
                    <value>fastutil-5.0.3-heritrix-subset-1.0</value>
                </evidence>
                <evidence>
                    <source>jar</source>
                    <name>package</name>
                    <value>dsi</value>
                </evidence>
                <evidence>
                    <source>jar</source>
                    <name>package</name>
                    <value>fastutil</value>
                </evidence>
                <evidence>
                    <source>jar</source>
                    <name>package</name>
                    <value>it</value>
                </evidence>
                <evidence>
                    <source>jar</source>
                    <name>package</name>
                    <value>unimi</value>
                </evidence>
            </evidenceCollected>
        </dependency>
        <dependency>
            <fileName>heritrix-1.14.4.jar</fileName>
            <filePath>/home/bcraig/Documents/Thesis/Analysis/reports/heritrix/Source/heritrix-1.14.4.jar</filePath>
            <md5>2E18DD4AF8FCB9FD856F11C8348D35CB</md5>
            <sha1>F9299324FF18B335FDF3828AA027C680EAD38826</sha1>
            <evidenceCollected>
                <evidence>
                    <source>file</source>
                    <name>name</name>
                    <value>1.14.4</value>
                </evidence>
                <evidence>
                    <source>file</source>
                    <name>name</name>
                    <value>heritrix-1.14.4</value>
                </evidence>
                <evidence>
                    <source>file</source>
                    <name>name</name>
                    <value>heritrix-1.14.4</value>
                </evidence>
                <evidence>
                    <source>jar</source>
                    <name>package</name>
                    <value>archive</value>
                </evidence>
                <evidence>
                    <source>jar</source>
                    <name>package</name>
                    <value>crawler</value>
                </evidence>
                <evidence>
                    <source>jar</source>
                    <name>package name</name>
                    <value>arc</value>
                </evidence>
                <evidence>
                    <source>jar</source>
                    <name>package name</name>
                    <value>archive</value>
                </evidence>
                <evidence>
                    <source>jar</source>
                    <name>package name</name>
                    <value>crawler</value>
                </evidence>
                <evidence>
                    <source>jar</source>
                    <name>package name</name>
                    <value>heritrix</value>
                </evidence>
                <evidence>
                    <source>jar</source>
                    <name>package name</name>
                    <value>net</value>
                </evidence>
                <evidence>
                    <source>jar</source>
                    <name>package name</name>
                    <value>x</value>
                </evidence>
                <evidence>
                    <source>Manifest</source>
                    <name>extension-name</name>
                    <value>heritrix</value>
                </evidence>
                <evidence>
                    <source>Manifest</source>
                    <name>Implementation-Title</name>
                    <value>org.archive</value>
                </evidence>
                <evidence>
                    <source>Manifest</source>
                    <name>Implementation-Vendor</name>
                    <value>Internet Archive</value>
                </evidence>
                <evidence>
                    <source>Manifest</source>
                    <name>Implementation-Version</name>
                    <value>1.14.4</value>
                </evidence>
                <evidence>
                    <source>Manifest</source>
                    <name>specification-title</name>
                    <value>An open-source, extensible, web-scale crawler.</value>
                </evidence>
                <evidence>
                    <source>Manifest</source>
                    <name>specification-vendor</name>
                    <value>Internet Archive</value>
                </evidence>
            </evidenceCollected>
            <identifiers>
                <identifier type="cpe">
                    <name>(cpe:/a:arc:arc:1.14.4)</name>
                </identifier>
            </identifiers>
            <vulnerabilities>
                <vulnerability>
                    <name>CVE-2005-2992</name>
                    <cvssScore>2.1</cvssScore>
                    <severity>Low</severity>
                    <description>arc 5.21j and earlier allows local users to overwrite arbitrary files via a symlink attack on temporary files, a different type of vulnerability than CVE-2005-2945.</description>
                    <references>
                        <reference>
                            <source>BUGTRAQ</source>
                            <url>http://marc.theaimsgroup.com/?l=bugtraq&amp;m=112689596714383&amp;w=2</url>
                            <name>20050916 arc insecure temporary file creation</name>
                        </reference>
                        <reference>
                            <source>DEBIAN</source>
                            <url>http://www.debian.org/security/2005/dsa-843</url>
                            <name>DSA-843</name>
                        </reference>
                        <reference>
                            <source>FULLDISC</source>
                            <url>http://archives.neohapsis.com/archives/fulldisclosure/2005-09/0535.html</url>
                            <name>20050920 Re: arc insecure temporary file creation</name>
                        </reference>
                        <reference>
                            <source>SECUNIA</source>
                            <url>http://secunia.com/advisories/16805</url>
                            <name>16805</name>
                        </reference>
                        <reference>
                            <source>SECUNIA</source>
                            <url>http://secunia.com/advisories/17068</url>
                            <name>17068</name>
                        </reference>
                        <reference>
                            <source>SREASON</source>
                            <url>http://securityreason.com/securityalert/11</url>
                            <name>11</name>
                        </reference>
                    </references>
                    <vulnerableSoftware>
                        <software allPreviousVersion="true">cpe:/a:arc:arc:5.21j</software>
                    </vulnerableSoftware>
                </vulnerability>
                <vulnerability>
                    <name>CVE-2005-2945</name>
                    <cvssScore>2.1</cvssScore>
                    <severity>Low</severity>
                    <description>arc 5.21j and earlier create temporary files with world-readable permissions, which allows local users to read sensitive information from files created by (1) arc (arc.c) or (2) marc (marc.c).</description>
                    <references>
                        <reference>
                            <source>BUGTRAQ</source>
                            <url>http://marc.theaimsgroup.com/?l=bugtraq&amp;m=112689596714383&amp;w=2</url>
                            <name>20050916 arc insecure temporary file creation</name>
                        </reference>
                        <reference>
                            <source>DEBIAN</source>
                            <url>http://www.debian.org/security/2005/dsa-843</url>
                            <name>DSA-843</name>
                        </reference>
                        <reference>
                            <source>MISC</source>
                            <url>http://www.zataz.net/adviso/arc-09052005.txt</url>
                            <name>http://www.zataz.net/adviso/arc-09052005.txt</name>
                        </reference>
                        <reference>
                            <source>SECUNIA</source>
                            <url>http://secunia.com/advisories/16805</url>
                            <name>16805</name>
                        </reference>
                        <reference>
                            <source>SECUNIA</source>
                            <url>http://secunia.com/advisories/17068</url>
                            <name>17068</name>
                        </reference>
                    </references>
                    <vulnerableSoftware>
                        <software allPreviousVersion="true">cpe:/a:arc:arc:5.21j</software>
                    </vulnerableSoftware>
                </vulnerability>
            </vulnerabilities>
        </dependency>
    </dependencies>
</analysis>