<?xml version="1.0"?>
<analysis xmlns="https://www.owasp.org/index.php/OWASP_Dependency_Check">
    <projectInfo>
        <name>hibernate</name>
        <reportDate>Feb 8, 2014 11:49:50 AM</reportDate>
        <credits>This report contains data retrieved from the National Vulnerability Database: http://nvd.nist.gov</credits>
    </projectInfo>
    <dependencies>
        <dependency>
            <fileName>hibernate-envers-4.2.2.Final.jar</fileName>
            <filePath>/home/bcraig/Documents/Thesis/Analysis/reports/hibernate/Source/hibernate-envers-4.2.2.Final.jar</filePath>
            <md5>6EDB372C0348D0A19E737F971F242A57</md5>
            <sha1>360E234B78AE0DD542BF79EA41B63825DAE17E98</sha1>
            <description>Hibernate ORM Envers</description>
            <evidenceCollected>
                <evidence>
                    <source>file</source>
                    <name>name</name>
                    <value>hibernate-envers-4.2.2.Final</value>
                </evidence>
                <evidence>
                    <source>jar</source>
                    <name>package</name>
                    <value>envers</value>
                </evidence>
                <evidence>
                    <source>jar</source>
                    <name>package</name>
                    <value>hibernate</value>
                </evidence>
                <evidence>
                    <source>jar</source>
                    <name>package name</name>
                    <value>envers</value>
                </evidence>
                <evidence>
                    <source>jar</source>
                    <name>package name</name>
                    <value>hibernate</value>
                </evidence>
                <evidence>
                    <source>Manifest</source>
                    <name>Bundle-Name</name>
                    <value>hibernate-envers</value>
                </evidence>
                <evidence>
                    <source>Manifest</source>
                    <name>bundle-symbolicname</name>
                    <value>org.hibernate.envers</value>
                </evidence>
                <evidence>
                    <source>Manifest</source>
                    <name>Bundle-Vendor</name>
                    <value>Hibernate.org</value>
                </evidence>
                <evidence>
                    <source>Manifest</source>
                    <name>implementation-url</name>
                    <value>http://hibernate.org</value>
                </evidence>
                <evidence>
                    <source>Manifest</source>
                    <name>Implementation-Vendor</name>
                    <value>Hibernate.org</value>
                </evidence>
                <evidence>
                    <source>Manifest</source>
                    <name>Implementation-Vendor-Id</name>
                    <value>org.hibernate</value>
                </evidence>
            </evidenceCollected>
        </dependency>
        <dependency>
            <fileName>hibernate-ehcache-4.2.2.Final.jar</fileName>
            <filePath>/home/bcraig/Documents/Thesis/Analysis/reports/hibernate/Source/hibernate-ehcache-4.2.2.Final.jar</filePath>
            <md5>ED116428CAE991F27C15EB668B57F79D</md5>
            <sha1>BC879048B5894ECB09A3B2020FC012CA13E79A94</sha1>
            <description>Hibernate ORM EHCache</description>
            <evidenceCollected>
                <evidence>
                    <source>file</source>
                    <name>name</name>
                    <value>hibernate-ehcache-4.2.2.Final</value>
                </evidence>
                <evidence>
                    <source>jar</source>
                    <name>package</name>
                    <value>cache</value>
                </evidence>
                <evidence>
                    <source>jar</source>
                    <name>package</name>
                    <value>ehcache</value>
                </evidence>
                <evidence>
                    <source>jar</source>
                    <name>package</name>
                    <value>hibernate</value>
                </evidence>
                <evidence>
                    <source>jar</source>
                    <name>package</name>
                    <value>internal</value>
                </evidence>
                <evidence>
                    <source>jar</source>
                    <name>package name</name>
                    <value>cache</value>
                </evidence>
                <evidence>
                    <source>jar</source>
                    <name>package name</name>
                    <value>ehcache</value>
                </evidence>
                <evidence>
                    <source>jar</source>
                    <name>package name</name>
                    <value>hibernate</value>
                </evidence>
                <evidence>
                    <source>Manifest</source>
                    <name>Bundle-Name</name>
                    <value>hibernate-ehcache</value>
                </evidence>
                <evidence>
                    <source>Manifest</source>
                    <name>bundle-symbolicname</name>
                    <value>org.hibernate.ehcache</value>
                </evidence>
                <evidence>
                    <source>Manifest</source>
                    <name>Bundle-Vendor</name>
                    <value>Hibernate.org</value>
                </evidence>
                <evidence>
                    <source>Manifest</source>
                    <name>implementation-url</name>
                    <value>http://hibernate.org</value>
                </evidence>
                <evidence>
                    <source>Manifest</source>
                    <name>Implementation-Vendor</name>
                    <value>Hibernate.org</value>
                </evidence>
                <evidence>
                    <source>Manifest</source>
                    <name>Implementation-Vendor-Id</name>
                    <value>org.hibernate</value>
                </evidence>
            </evidenceCollected>
        </dependency>
        <dependency>
            <fileName>hibernate-c3p0-4.2.2.Final.jar</fileName>
            <filePath>/home/bcraig/Documents/Thesis/Analysis/reports/hibernate/Source/hibernate-c3p0-4.2.2.Final.jar</filePath>
            <md5>22D531DF51709244BC012F69C28A3D79</md5>
            <sha1>71CDB8D90B294A205A6C926FF66FA3FEBB5728FD</sha1>
            <description>Hibernate ORM C3P0</description>
            <evidenceCollected>
                <evidence>
                    <source>file</source>
                    <name>name</name>
                    <value>hibernate-c3p0-4.2.2.Final</value>
                </evidence>
                <evidence>
                    <source>jar</source>
                    <name>package</name>
                    <value>connections</value>
                </evidence>
                <evidence>
                    <source>jar</source>
                    <name>package</name>
                    <value>hibernate</value>
                </evidence>
                <evidence>
                    <source>jar</source>
                    <name>package</name>
                    <value>jdbc</value>
                </evidence>
                <evidence>
                    <source>jar</source>
                    <name>package</name>
                    <value>service</value>
                </evidence>
                <evidence>
                    <source>jar</source>
                    <name>package name</name>
                    <value>hibernate</value>
                </evidence>
                <evidence>
                    <source>Manifest</source>
                    <name>Bundle-Name</name>
                    <value>hibernate-c3p0</value>
                </evidence>
                <evidence>
                    <source>Manifest</source>
                    <name>bundle-symbolicname</name>
                    <value>org.hibernate.c3p0</value>
                </evidence>
                <evidence>
                    <source>Manifest</source>
                    <name>Bundle-Vendor</name>
                    <value>Hibernate.org</value>
                </evidence>
                <evidence>
                    <source>Manifest</source>
                    <name>implementation-url</name>
                    <value>http://hibernate.org</value>
                </evidence>
                <evidence>
                    <source>Manifest</source>
                    <name>Implementation-Vendor</name>
                    <value>Hibernate.org</value>
                </evidence>
                <evidence>
                    <source>Manifest</source>
                    <name>Implementation-Vendor-Id</name>
                    <value>org.hibernate</value>
                </evidence>
            </evidenceCollected>
        </dependency>
        <dependency>
            <fileName>hibernate-proxool-4.2.2.Final.jar</fileName>
            <filePath>/home/bcraig/Documents/Thesis/Analysis/reports/hibernate/Source/hibernate-proxool-4.2.2.Final.jar</filePath>
            <md5>6F363E1498069AD7EAE71F20BAD3104F</md5>
            <sha1>5F0ECBE5A2F5EED21C306ADF77832F143CCE040E</sha1>
            <description>Hibernate ORM Proxool</description>
            <evidenceCollected>
                <evidence>
                    <source>file</source>
                    <name>name</name>
                    <value>hibernate-proxool-4.2.2.Final</value>
                </evidence>
                <evidence>
                    <source>jar</source>
                    <name>package</name>
                    <value>connections</value>
                </evidence>
                <evidence>
                    <source>jar</source>
                    <name>package</name>
                    <value>hibernate</value>
                </evidence>
                <evidence>
                    <source>jar</source>
                    <name>package</name>
                    <value>jdbc</value>
                </evidence>
                <evidence>
                    <source>jar</source>
                    <name>package</name>
                    <value>service</value>
                </evidence>
                <evidence>
                    <source>jar</source>
                    <name>package name</name>
                    <value>hibernate</value>
                </evidence>
                <evidence>
                    <source>Manifest</source>
                    <name>Bundle-Name</name>
                    <value>hibernate-proxool</value>
                </evidence>
                <evidence>
                    <source>Manifest</source>
                    <name>bundle-symbolicname</name>
                    <value>org.hibernate.proxool</value>
                </evidence>
                <evidence>
                    <source>Manifest</source>
                    <name>Bundle-Vendor</name>
                    <value>Hibernate.org</value>
                </evidence>
                <evidence>
                    <source>Manifest</source>
                    <name>implementation-url</name>
                    <value>http://hibernate.org</value>
                </evidence>
                <evidence>
                    <source>Manifest</source>
                    <name>Implementation-Vendor</name>
                    <value>Hibernate.org</value>
                </evidence>
                <evidence>
                    <source>Manifest</source>
                    <name>Implementation-Vendor-Id</name>
                    <value>org.hibernate</value>
                </evidence>
            </evidenceCollected>
        </dependency>
        <dependency>
            <fileName>hibernate-infinispan-4.2.2.Final.jar</fileName>
            <filePath>/home/bcraig/Documents/Thesis/Analysis/reports/hibernate/Source/hibernate-infinispan-4.2.2.Final.jar</filePath>
            <md5>53306DE35243FAA1E1E5FAEDD5F41BF3</md5>
            <sha1>E61274F5CFA95BE5E5B7FB631D0C50E6E6F592F1</sha1>
            <description>Hibernate ORM Infinispan</description>
            <evidenceCollected>
                <evidence>
                    <source>file</source>
                    <name>name</name>
                    <value>hibernate-infinispan-4.2.2.Final</value>
                </evidence>
                <evidence>
                    <source>jar</source>
                    <name>package</name>
                    <value>cache</value>
                </evidence>
                <evidence>
                    <source>jar</source>
                    <name>package</name>
                    <value>hibernate</value>
                </evidence>
                <evidence>
                    <source>jar</source>
                    <name>package</name>
                    <value>infinispan</value>
                </evidence>
                <evidence>
                    <source>jar</source>
                    <name>package name</name>
                    <value>hibernate</value>
                </evidence>
                <evidence>
                    <source>jar</source>
                    <name>package name</name>
                    <value>infinispan</value>
                </evidence>
                <evidence>
                    <source>Manifest</source>
                    <name>Bundle-Name</name>
                    <value>hibernate-infinispan</value>
                </evidence>
                <evidence>
                    <source>Manifest</source>
                    <name>bundle-symbolicname</name>
                    <value>org.hibernate.infinispan</value>
                </evidence>
                <evidence>
                    <source>Manifest</source>
                    <name>Bundle-Vendor</name>
                    <value>Hibernate.org</value>
                </evidence>
                <evidence>
                    <source>Manifest</source>
                    <name>implementation-url</name>
                    <value>http://hibernate.org</value>
                </evidence>
                <evidence>
                    <source>Manifest</source>
                    <name>Implementation-Vendor</name>
                    <value>Hibernate.org</value>
                </evidence>
                <evidence>
                    <source>Manifest</source>
                    <name>Implementation-Vendor-Id</name>
                    <value>org.hibernate</value>
                </evidence>
            </evidenceCollected>
        </dependency>
        <dependency>
            <fileName>hibernate-commons-annotations-4.0.2.Final.jar</fileName>
            <filePath>/home/bcraig/Documents/Thesis/Analysis/reports/hibernate/Source/hibernate-commons-annotations-4.0.2.Final.jar</filePath>
            <md5>916D4DDFB26DB16DA75EE8F973FD08AD</md5>
            <sha1>0094EDCC5572EFB02E123CC9EF7AD7D0FA5F76CF</sha1>
            <description>Common reflection code used in support of annotation processing</description>
            <license>GNU LESSER GENERAL PUBLIC LICENSE: http://www.gnu.org/licenses/lgpl-2.1.html</license>
            <evidenceCollected>
                <evidence>
                    <source>file</source>
                    <name>name</name>
                    <value>hibernate-commons-annotations-4.0.2.Final</value>
                </evidence>
                <evidence>
                    <source>jar</source>
                    <name>package name</name>
                    <value>annotations</value>
                </evidence>
                <evidence>
                    <source>jar</source>
                    <name>package name</name>
                    <value>common</value>
                </evidence>
                <evidence>
                    <source>jar</source>
                    <name>package name</name>
                    <value>hibernate</value>
                </evidence>
                <evidence>
                    <source>jar</source>
                    <name>package name</name>
                    <value>reflection</value>
                </evidence>
                <evidence>
                    <source>Manifest</source>
                    <name>bundle-docurl</name>
                    <value>http://hibernate.org</value>
                </evidence>
                <evidence>
                    <source>Manifest</source>
                    <name>Bundle-Name</name>
                    <value>Hibernate Commons Annotations</value>
                </evidence>
                <evidence>
                    <source>Manifest</source>
                    <name>bundle-symbolicname</name>
                    <value>org.hibernate.common.hibernate-commons-annotations</value>
                </evidence>
                <evidence>
                    <source>Manifest</source>
                    <name>Bundle-Vendor</name>
                    <value>Hibernate.org</value>
                </evidence>
                <evidence>
                    <source>Manifest</source>
                    <name>Implementation-Title</name>
                    <value>Hibernate Commons Annotations</value>
                </evidence>
                <evidence>
                    <source>Manifest</source>
                    <name>implementation-url</name>
                    <value>http://hibernate.org</value>
                </evidence>
                <evidence>
                    <source>Manifest</source>
                    <name>Implementation-Vendor</name>
                    <value>hibernate.org</value>
                </evidence>
                <evidence>
                    <source>Manifest</source>
                    <name>Implementation-Vendor-Id</name>
                    <value>hibernate.org</value>
                </evidence>
                <evidence>
                    <source>Manifest</source>
                    <name>originally-created-by</name>
                    <value>Apache Maven Bundle Plugin</value>
                </evidence>
                <evidence>
                    <source>pom</source>
                    <name>artifactid</name>
                    <value>hibernate-commons-annotations</value>
                </evidence>
                <evidence>
                    <source>pom</source>
                    <name>artifactid</name>
                    <value>hibernate-commons-annotations</value>
                </evidence>
                <evidence>
                    <source>pom</source>
                    <name>description</name>
                    <value>Common reflection code used in support of annotation processing</value>
                </evidence>
                <evidence>
                    <source>pom</source>
                    <name>groupid</name>
                    <value>hibernate.common</value>
                </evidence>
                <evidence>
                    <source>pom</source>
                    <name>groupid</name>
                    <value>hibernate.common</value>
                </evidence>
                <evidence>
                    <source>pom</source>
                    <name>name</name>
                    <value>Hibernate Commons Annotations</value>
                </evidence>
                <evidence>
                    <source>pom</source>
                    <name>organization name</name>
                    <value>Hibernate.org</value>
                </evidence>
            </evidenceCollected>
        </dependency>
        <dependency>
            <fileName>hibernate-commons-annotations-4.0.2.Final.jar</fileName>
            <filePath>/home/bcraig/Documents/Thesis/Analysis/reports/hibernate/Source/lib/required/hibernate-commons-annotations-4.0.2.Final.jar</filePath>
            <md5>916D4DDFB26DB16DA75EE8F973FD08AD</md5>
            <sha1>0094EDCC5572EFB02E123CC9EF7AD7D0FA5F76CF</sha1>
            <description>Common reflection code used in support of annotation processing</description>
            <license>GNU LESSER GENERAL PUBLIC LICENSE: http://www.gnu.org/licenses/lgpl-2.1.html</license>
            <evidenceCollected>
                <evidence>
                    <source>file</source>
                    <name>name</name>
                    <value>hibernate-commons-annotations-4.0.2.Final</value>
                </evidence>
                <evidence>
                    <source>jar</source>
                    <name>package name</name>
                    <value>annotations</value>
                </evidence>
                <evidence>
                    <source>jar</source>
                    <name>package name</name>
                    <value>common</value>
                </evidence>
                <evidence>
                    <source>jar</source>
                    <name>package name</name>
                    <value>hibernate</value>
                </evidence>
                <evidence>
                    <source>jar</source>
                    <name>package name</name>
                    <value>reflection</value>
                </evidence>
                <evidence>
                    <source>Manifest</source>
                    <name>bundle-docurl</name>
                    <value>http://hibernate.org</value>
                </evidence>
                <evidence>
                    <source>Manifest</source>
                    <name>Bundle-Name</name>
                    <value>Hibernate Commons Annotations</value>
                </evidence>
                <evidence>
                    <source>Manifest</source>
                    <name>bundle-symbolicname</name>
                    <value>org.hibernate.common.hibernate-commons-annotations</value>
                </evidence>
                <evidence>
                    <source>Manifest</source>
                    <name>Bundle-Vendor</name>
                    <value>Hibernate.org</value>
                </evidence>
                <evidence>
                    <source>Manifest</source>
                    <name>Implementation-Title</name>
                    <value>Hibernate Commons Annotations</value>
                </evidence>
                <evidence>
                    <source>Manifest</source>
                    <name>implementation-url</name>
                    <value>http://hibernate.org</value>
                </evidence>
                <evidence>
                    <source>Manifest</source>
                    <name>Implementation-Vendor</name>
                    <value>hibernate.org</value>
                </evidence>
                <evidence>
                    <source>Manifest</source>
                    <name>Implementation-Vendor-Id</name>
                    <value>hibernate.org</value>
                </evidence>
                <evidence>
                    <source>Manifest</source>
                    <name>originally-created-by</name>
                    <value>Apache Maven Bundle Plugin</value>
                </evidence>
                <evidence>
                    <source>pom</source>
                    <name>artifactid</name>
                    <value>hibernate-commons-annotations</value>
                </evidence>
                <evidence>
                    <source>pom</source>
                    <name>artifactid</name>
                    <value>hibernate-commons-annotations</value>
                </evidence>
                <evidence>
                    <source>pom</source>
                    <name>description</name>
                    <value>Common reflection code used in support of annotation processing</value>
                </evidence>
                <evidence>
                    <source>pom</source>
                    <name>groupid</name>
                    <value>hibernate.common</value>
                </evidence>
                <evidence>
                    <source>pom</source>
                    <name>groupid</name>
                    <value>hibernate.common</value>
                </evidence>
                <evidence>
                    <source>pom</source>
                    <name>name</name>
                    <value>Hibernate Commons Annotations</value>
                </evidence>
                <evidence>
                    <source>pom</source>
                    <name>organization name</name>
                    <value>Hibernate.org</value>
                </evidence>
            </evidenceCollected>
        </dependency>
        <dependency>
            <fileName>hibernate-core-4.2.2.Final.jar</fileName>
            <filePath>/home/bcraig/Documents/Thesis/Analysis/reports/hibernate/Source/lib/required/hibernate-core-4.2.2.Final.jar</filePath>
            <md5>38BE1BA7CD1A9CF4CA46D69A7AE0586E</md5>
            <sha1>DE89E3AE3F0422E4E5514ACEBD3B5B40BE522164</sha1>
            <description>Hibernate ORM Core</description>
            <evidenceCollected>
                <evidence>
                    <source>file</source>
                    <name>name</name>
                    <value>hibernate-core-4.2.2.Final</value>
                </evidence>
                <evidence>
                    <source>jar</source>
                    <name>package</name>
                    <value>hibernate</value>
                </evidence>
                <evidence>
                    <source>jar</source>
                    <name>package name</name>
                    <value>hibernate</value>
                </evidence>
                <evidence>
                    <source>Manifest</source>
                    <name>Bundle-Name</name>
                    <value>hibernate-core</value>
                </evidence>
                <evidence>
                    <source>Manifest</source>
                    <name>bundle-symbolicname</name>
                    <value>org.hibernate.core</value>
                </evidence>
                <evidence>
                    <source>Manifest</source>
                    <name>Bundle-Vendor</name>
                    <value>Hibernate.org</value>
                </evidence>
                <evidence>
                    <source>Manifest</source>
                    <name>implementation-url</name>
                    <value>http://hibernate.org</value>
                </evidence>
                <evidence>
                    <source>Manifest</source>
                    <name>Implementation-Vendor</name>
                    <value>Hibernate.org</value>
                </evidence>
                <evidence>
                    <source>Manifest</source>
                    <name>Implementation-Vendor-Id</name>
                    <value>org.hibernate</value>
                </evidence>
            </evidenceCollected>
        </dependency>
        <dependency>
            <fileName>hibernate-jpa-2.0-api-1.0.1.Final.jar</fileName>
            <filePath>/home/bcraig/Documents/Thesis/Analysis/reports/hibernate/Source/lib/required/hibernate-jpa-2.0-api-1.0.1.Final.jar</filePath>
            <md5>D7E7D8F60FC44A127BA702D43E71ABEC</md5>
            <sha1>3306A165AFA81938FC3D8A0948E891DE9F6B192B</sha1>
            <description>
        Hibernate definition of the Java Persistence 2.0 (JSR 317) API.
    </description>
            <license>license.txt</license>
            <evidenceCollected>
                <evidence>
                    <source>file</source>
                    <name>name</name>
                    <value>hibernate-jpa-2.0-api-1.0.1.Final</value>
                </evidence>
                <evidence>
                    <source>jar</source>
                    <name>package name</name>
                    <value>javax</value>
                </evidence>
                <evidence>
                    <source>jar</source>
                    <name>package name</name>
                    <value>persistence</value>
                </evidence>
                <evidence>
                    <source>jar</source>
                    <name>package name</name>
                    <value>version</value>
                </evidence>
                <evidence>
                    <source>Manifest</source>
                    <name>Implementation-Title</name>
                    <value>JPA API</value>
                </evidence>
                <evidence>
                    <source>Manifest</source>
                    <name>Implementation-Vendor</name>
                    <value>hibernate.org</value>
                </evidence>
                <evidence>
                    <source>Manifest</source>
                    <name>specification-title</name>
                    <value>Java Persistence API, Version 2.0</value>
                </evidence>
                <evidence>
                    <source>Manifest</source>
                    <name>specification-vendor</name>
                    <value>Sun Microsystems, Inc.</value>
                </evidence>
                <evidence>
                    <source>pom</source>
                    <name>artifactid</name>
                    <value>hibernate-jpa-2.0-api</value>
                </evidence>
                <evidence>
                    <source>pom</source>
                    <name>artifactid</name>
                    <value>hibernate-jpa-2.0-api</value>
                </evidence>
                <evidence>
                    <source>pom</source>
                    <name>description</name>
                    <value>Hibernate definition of the Java Persistence 2.0 (JSR 317) API.</value>
                </evidence>
                <evidence>
                    <source>pom</source>
                    <name>groupid</name>
                    <value>hibernate.javax.persistence</value>
                </evidence>
                <evidence>
                    <source>pom</source>
                    <name>groupid</name>
                    <value>hibernate.javax.persistence</value>
                </evidence>
                <evidence>
                    <source>pom</source>
                    <name>name</name>
                    <value>JPA 2.0 API</value>
                </evidence>
                <evidence>
                    <source>pom</source>
                    <name>organization name</name>
                    <value>Hibernate.org</value>
                </evidence>
            </evidenceCollected>
        </dependency>
        <dependency>
            <fileName>hibernate-entitymanager-4.2.2.Final.jar</fileName>
            <filePath>/home/bcraig/Documents/Thesis/Analysis/reports/hibernate/Source/lib/jpa/hibernate-entitymanager-4.2.2.Final.jar</filePath>
            <md5>DF03B7E98FDD3579468589B4F76CE1A8</md5>
            <sha1>CA137E6EF4A71D304E778C93948CE1FE95C4796E</sha1>
            <description>Hibernate ORM JPA Entity Manager</description>
            <evidenceCollected>
                <evidence>
                    <source>file</source>
                    <name>name</name>
                    <value>hibernate-entitymanager-4.2.2.Final</value>
                </evidence>
                <evidence>
                    <source>jar</source>
                    <name>package</name>
                    <value>ejb</value>
                </evidence>
                <evidence>
                    <source>jar</source>
                    <name>package</name>
                    <value>hibernate</value>
                </evidence>
                <evidence>
                    <source>jar</source>
                    <name>package name</name>
                    <value>hibernate</value>
                </evidence>
                <evidence>
                    <source>Manifest</source>
                    <name>Bundle-Name</name>
                    <value>hibernate-entitymanager</value>
                </evidence>
                <evidence>
                    <source>Manifest</source>
                    <name>bundle-symbolicname</name>
                    <value>org.hibernate.entitymanager</value>
                </evidence>
                <evidence>
                    <source>Manifest</source>
                    <name>Bundle-Vendor</name>
                    <value>Hibernate.org</value>
                </evidence>
                <evidence>
                    <source>Manifest</source>
                    <name>implementation-url</name>
                    <value>http://hibernate.org</value>
                </evidence>
                <evidence>
                    <source>Manifest</source>
                    <name>Implementation-Vendor</name>
                    <value>Hibernate.org</value>
                </evidence>
                <evidence>
                    <source>Manifest</source>
                    <name>Implementation-Vendor-Id</name>
                    <value>org.hibernate</value>
                </evidence>
            </evidenceCollected>
        </dependency>
        <dependency>
            <fileName>hibernate-envers-4.2.2.Final.jar</fileName>
            <filePath>/home/bcraig/Documents/Thesis/Analysis/reports/hibernate/Source/lib/envers/hibernate-envers-4.2.2.Final.jar</filePath>
            <md5>6EDB372C0348D0A19E737F971F242A57</md5>
            <sha1>360E234B78AE0DD542BF79EA41B63825DAE17E98</sha1>
            <description>Hibernate ORM Envers</description>
            <evidenceCollected>
                <evidence>
                    <source>file</source>
                    <name>name</name>
                    <value>hibernate-envers-4.2.2.Final</value>
                </evidence>
                <evidence>
                    <source>jar</source>
                    <name>package</name>
                    <value>envers</value>
                </evidence>
                <evidence>
                    <source>jar</source>
                    <name>package</name>
                    <value>hibernate</value>
                </evidence>
                <evidence>
                    <source>jar</source>
                    <name>package name</name>
                    <value>envers</value>
                </evidence>
                <evidence>
                    <source>jar</source>
                    <name>package name</name>
                    <value>hibernate</value>
                </evidence>
                <evidence>
                    <source>Manifest</source>
                    <name>Bundle-Name</name>
                    <value>hibernate-envers</value>
                </evidence>
                <evidence>
                    <source>Manifest</source>
                    <name>bundle-symbolicname</name>
                    <value>org.hibernate.envers</value>
                </evidence>
                <evidence>
                    <source>Manifest</source>
                    <name>Bundle-Vendor</name>
                    <value>Hibernate.org</value>
                </evidence>
                <evidence>
                    <source>Manifest</source>
                    <name>implementation-url</name>
                    <value>http://hibernate.org</value>
                </evidence>
                <evidence>
                    <source>Manifest</source>
                    <name>Implementation-Vendor</name>
                    <value>Hibernate.org</value>
                </evidence>
                <evidence>
                    <source>Manifest</source>
                    <name>Implementation-Vendor-Id</name>
                    <value>org.hibernate</value>
                </evidence>
            </evidenceCollected>
        </dependency>
        <dependency>
            <fileName>hibernate-ehcache-4.2.2.Final.jar</fileName>
            <filePath>/home/bcraig/Documents/Thesis/Analysis/reports/hibernate/Source/lib/optional/ehcache/hibernate-ehcache-4.2.2.Final.jar</filePath>
            <md5>ED116428CAE991F27C15EB668B57F79D</md5>
            <sha1>BC879048B5894ECB09A3B2020FC012CA13E79A94</sha1>
            <description>Hibernate ORM EHCache</description>
            <evidenceCollected>
                <evidence>
                    <source>file</source>
                    <name>name</name>
                    <value>hibernate-ehcache-4.2.2.Final</value>
                </evidence>
                <evidence>
                    <source>jar</source>
                    <name>package</name>
                    <value>cache</value>
                </evidence>
                <evidence>
                    <source>jar</source>
                    <name>package</name>
                    <value>ehcache</value>
                </evidence>
                <evidence>
                    <source>jar</source>
                    <name>package</name>
                    <value>hibernate</value>
                </evidence>
                <evidence>
                    <source>jar</source>
                    <name>package</name>
                    <value>internal</value>
                </evidence>
                <evidence>
                    <source>jar</source>
                    <name>package name</name>
                    <value>cache</value>
                </evidence>
                <evidence>
                    <source>jar</source>
                    <name>package name</name>
                    <value>ehcache</value>
                </evidence>
                <evidence>
                    <source>jar</source>
                    <name>package name</name>
                    <value>hibernate</value>
                </evidence>
                <evidence>
                    <source>Manifest</source>
                    <name>Bundle-Name</name>
                    <value>hibernate-ehcache</value>
                </evidence>
                <evidence>
                    <source>Manifest</source>
                    <name>bundle-symbolicname</name>
                    <value>org.hibernate.ehcache</value>
                </evidence>
                <evidence>
                    <source>Manifest</source>
                    <name>Bundle-Vendor</name>
                    <value>Hibernate.org</value>
                </evidence>
                <evidence>
                    <source>Manifest</source>
                    <name>implementation-url</name>
                    <value>http://hibernate.org</value>
                </evidence>
                <evidence>
                    <source>Manifest</source>
                    <name>Implementation-Vendor</name>
                    <value>Hibernate.org</value>
                </evidence>
                <evidence>
                    <source>Manifest</source>
                    <name>Implementation-Vendor-Id</name>
                    <value>org.hibernate</value>
                </evidence>
            </evidenceCollected>
        </dependency>
        <dependency>
            <fileName>hibernate-proxool-4.2.2.Final.jar</fileName>
            <filePath>/home/bcraig/Documents/Thesis/Analysis/reports/hibernate/Source/lib/optional/proxool/hibernate-proxool-4.2.2.Final.jar</filePath>
            <md5>6F363E1498069AD7EAE71F20BAD3104F</md5>
            <sha1>5F0ECBE5A2F5EED21C306ADF77832F143CCE040E</sha1>
            <description>Hibernate ORM Proxool</description>
            <evidenceCollected>
                <evidence>
                    <source>file</source>
                    <name>name</name>
                    <value>hibernate-proxool-4.2.2.Final</value>
                </evidence>
                <evidence>
                    <source>jar</source>
                    <name>package</name>
                    <value>connections</value>
                </evidence>
                <evidence>
                    <source>jar</source>
                    <name>package</name>
                    <value>hibernate</value>
                </evidence>
                <evidence>
                    <source>jar</source>
                    <name>package</name>
                    <value>jdbc</value>
                </evidence>
                <evidence>
                    <source>jar</source>
                    <name>package</name>
                    <value>service</value>
                </evidence>
                <evidence>
                    <source>jar</source>
                    <name>package name</name>
                    <value>hibernate</value>
                </evidence>
                <evidence>
                    <source>Manifest</source>
                    <name>Bundle-Name</name>
                    <value>hibernate-proxool</value>
                </evidence>
                <evidence>
                    <source>Manifest</source>
                    <name>bundle-symbolicname</name>
                    <value>org.hibernate.proxool</value>
                </evidence>
                <evidence>
                    <source>Manifest</source>
                    <name>Bundle-Vendor</name>
                    <value>Hibernate.org</value>
                </evidence>
                <evidence>
                    <source>Manifest</source>
                    <name>implementation-url</name>
                    <value>http://hibernate.org</value>
                </evidence>
                <evidence>
                    <source>Manifest</source>
                    <name>Implementation-Vendor</name>
                    <value>Hibernate.org</value>
                </evidence>
                <evidence>
                    <source>Manifest</source>
                    <name>Implementation-Vendor-Id</name>
                    <value>org.hibernate</value>
                </evidence>
            </evidenceCollected>
        </dependency>
        <dependency>
            <fileName>hibernate-c3p0-4.2.2.Final.jar</fileName>
            <filePath>/home/bcraig/Documents/Thesis/Analysis/reports/hibernate/Source/lib/optional/c3p0/hibernate-c3p0-4.2.2.Final.jar</filePath>
            <md5>22D531DF51709244BC012F69C28A3D79</md5>
            <sha1>71CDB8D90B294A205A6C926FF66FA3FEBB5728FD</sha1>
            <description>Hibernate ORM C3P0</description>
            <evidenceCollected>
                <evidence>
                    <source>file</source>
                    <name>name</name>
                    <value>hibernate-c3p0-4.2.2.Final</value>
                </evidence>
                <evidence>
                    <source>jar</source>
                    <name>package</name>
                    <value>connections</value>
                </evidence>
                <evidence>
                    <source>jar</source>
                    <name>package</name>
                    <value>hibernate</value>
                </evidence>
                <evidence>
                    <source>jar</source>
                    <name>package</name>
                    <value>jdbc</value>
                </evidence>
                <evidence>
                    <source>jar</source>
                    <name>package</name>
                    <value>service</value>
                </evidence>
                <evidence>
                    <source>jar</source>
                    <name>package name</name>
                    <value>hibernate</value>
                </evidence>
                <evidence>
                    <source>Manifest</source>
                    <name>Bundle-Name</name>
                    <value>hibernate-c3p0</value>
                </evidence>
                <evidence>
                    <source>Manifest</source>
                    <name>bundle-symbolicname</name>
                    <value>org.hibernate.c3p0</value>
                </evidence>
                <evidence>
                    <source>Manifest</source>
                    <name>Bundle-Vendor</name>
                    <value>Hibernate.org</value>
                </evidence>
                <evidence>
                    <source>Manifest</source>
                    <name>implementation-url</name>
                    <value>http://hibernate.org</value>
                </evidence>
                <evidence>
                    <source>Manifest</source>
                    <name>Implementation-Vendor</name>
                    <value>Hibernate.org</value>
                </evidence>
                <evidence>
                    <source>Manifest</source>
                    <name>Implementation-Vendor-Id</name>
                    <value>org.hibernate</value>
                </evidence>
            </evidenceCollected>
        </dependency>
        <dependency>
            <fileName>hibernate-infinispan-4.2.2.Final.jar</fileName>
            <filePath>/home/bcraig/Documents/Thesis/Analysis/reports/hibernate/Source/lib/optional/infinispan/hibernate-infinispan-4.2.2.Final.jar</filePath>
            <md5>53306DE35243FAA1E1E5FAEDD5F41BF3</md5>
            <sha1>E61274F5CFA95BE5E5B7FB631D0C50E6E6F592F1</sha1>
            <description>Hibernate ORM Infinispan</description>
            <evidenceCollected>
                <evidence>
                    <source>file</source>
                    <name>name</name>
                    <value>hibernate-infinispan-4.2.2.Final</value>
                </evidence>
                <evidence>
                    <source>jar</source>
                    <name>package</name>
                    <value>cache</value>
                </evidence>
                <evidence>
                    <source>jar</source>
                    <name>package</name>
                    <value>hibernate</value>
                </evidence>
                <evidence>
                    <source>jar</source>
                    <name>package</name>
                    <value>infinispan</value>
                </evidence>
                <evidence>
                    <source>jar</source>
                    <name>package name</name>
                    <value>hibernate</value>
                </evidence>
                <evidence>
                    <source>jar</source>
                    <name>package name</name>
                    <value>infinispan</value>
                </evidence>
                <evidence>
                    <source>Manifest</source>
                    <name>Bundle-Name</name>
                    <value>hibernate-infinispan</value>
                </evidence>
                <evidence>
                    <source>Manifest</source>
                    <name>bundle-symbolicname</name>
                    <value>org.hibernate.infinispan</value>
                </evidence>
                <evidence>
                    <source>Manifest</source>
                    <name>Bundle-Vendor</name>
                    <value>Hibernate.org</value>
                </evidence>
                <evidence>
                    <source>Manifest</source>
                    <name>implementation-url</name>
                    <value>http://hibernate.org</value>
                </evidence>
                <evidence>
                    <source>Manifest</source>
                    <name>Implementation-Vendor</name>
                    <value>Hibernate.org</value>
                </evidence>
                <evidence>
                    <source>Manifest</source>
                    <name>Implementation-Vendor-Id</name>
                    <value>org.hibernate</value>
                </evidence>
            </evidenceCollected>
        </dependency>
        <dependency>
            <fileName>hibernate-infinispan-4.2.2.Final-tests.jar</fileName>
            <filePath>/home/bcraig/Documents/Thesis/Analysis/reports/hibernate/Source/lib/optional/infinispan/hibernate-infinispan-4.2.2.Final-tests.jar</filePath>
            <md5>79E99C6E9F6F2D4BFE5A33546953298C</md5>
            <sha1>F5647DBA8F1C73B961D5A6328B41D406533280D2</sha1>
            <evidenceCollected>
                <evidence>
                    <source>file</source>
                    <name>name</name>
                    <value>hibernate-infinispan-4.2.2.Final-tests</value>
                </evidence>
                <evidence>
                    <source>jar</source>
                    <name>package</name>
                    <value>cache</value>
                </evidence>
                <evidence>
                    <source>jar</source>
                    <name>package</name>
                    <value>hibernate</value>
                </evidence>
                <evidence>
                    <source>jar</source>
                    <name>package</name>
                    <value>infinispan</value>
                </evidence>
                <evidence>
                    <source>jar</source>
                    <name>package</name>
                    <value>test</value>
                </evidence>
            </evidenceCollected>
        </dependency>
        <dependency>
            <fileName>hibernate-core-4.2.2.Final.jar</fileName>
            <filePath>/home/bcraig/Documents/Thesis/Analysis/reports/hibernate/Source/hibernate-core-4.2.2.Final.jar</filePath>
            <md5>38BE1BA7CD1A9CF4CA46D69A7AE0586E</md5>
            <sha1>DE89E3AE3F0422E4E5514ACEBD3B5B40BE522164</sha1>
            <description>Hibernate ORM Core</description>
            <evidenceCollected>
                <evidence>
                    <source>file</source>
                    <name>name</name>
                    <value>hibernate-core-4.2.2.Final</value>
                </evidence>
                <evidence>
                    <source>jar</source>
                    <name>package</name>
                    <value>hibernate</value>
                </evidence>
                <evidence>
                    <source>jar</source>
                    <name>package name</name>
                    <value>hibernate</value>
                </evidence>
                <evidence>
                    <source>Manifest</source>
                    <name>Bundle-Name</name>
                    <value>hibernate-core</value>
                </evidence>
                <evidence>
                    <source>Manifest</source>
                    <name>bundle-symbolicname</name>
                    <value>org.hibernate.core</value>
                </evidence>
                <evidence>
                    <source>Manifest</source>
                    <name>Bundle-Vendor</name>
                    <value>Hibernate.org</value>
                </evidence>
                <evidence>
                    <source>Manifest</source>
                    <name>implementation-url</name>
                    <value>http://hibernate.org</value>
                </evidence>
                <evidence>
                    <source>Manifest</source>
                    <name>Implementation-Vendor</name>
                    <value>Hibernate.org</value>
                </evidence>
                <evidence>
                    <source>Manifest</source>
                    <name>Implementation-Vendor-Id</name>
                    <value>org.hibernate</value>
                </evidence>
            </evidenceCollected>
        </dependency>
        <dependency>
            <fileName>hibernate-infinispan-4.2.2.Final-tests.jar</fileName>
            <filePath>/home/bcraig/Documents/Thesis/Analysis/reports/hibernate/Source/hibernate-infinispan-4.2.2.Final-tests.jar</filePath>
            <md5>79E99C6E9F6F2D4BFE5A33546953298C</md5>
            <sha1>F5647DBA8F1C73B961D5A6328B41D406533280D2</sha1>
            <evidenceCollected>
                <evidence>
                    <source>file</source>
                    <name>name</name>
                    <value>hibernate-infinispan-4.2.2.Final-tests</value>
                </evidence>
                <evidence>
                    <source>jar</source>
                    <name>package</name>
                    <value>cache</value>
                </evidence>
                <evidence>
                    <source>jar</source>
                    <name>package</name>
                    <value>hibernate</value>
                </evidence>
                <evidence>
                    <source>jar</source>
                    <name>package</name>
                    <value>infinispan</value>
                </evidence>
                <evidence>
                    <source>jar</source>
                    <name>package</name>
                    <value>test</value>
                </evidence>
            </evidenceCollected>
        </dependency>
        <dependency>
            <fileName>hibernate-entitymanager-4.2.2.Final.jar</fileName>
            <filePath>/home/bcraig/Documents/Thesis/Analysis/reports/hibernate/Source/hibernate-entitymanager-4.2.2.Final.jar</filePath>
            <md5>DF03B7E98FDD3579468589B4F76CE1A8</md5>
            <sha1>CA137E6EF4A71D304E778C93948CE1FE95C4796E</sha1>
            <description>Hibernate ORM JPA Entity Manager</description>
            <evidenceCollected>
                <evidence>
                    <source>file</source>
                    <name>name</name>
                    <value>hibernate-entitymanager-4.2.2.Final</value>
                </evidence>
                <evidence>
                    <source>jar</source>
                    <name>package</name>
                    <value>ejb</value>
                </evidence>
                <evidence>
                    <source>jar</source>
                    <name>package</name>
                    <value>hibernate</value>
                </evidence>
                <evidence>
                    <source>jar</source>
                    <name>package name</name>
                    <value>hibernate</value>
                </evidence>
                <evidence>
                    <source>Manifest</source>
                    <name>Bundle-Name</name>
                    <value>hibernate-entitymanager</value>
                </evidence>
                <evidence>
                    <source>Manifest</source>
                    <name>bundle-symbolicname</name>
                    <value>org.hibernate.entitymanager</value>
                </evidence>
                <evidence>
                    <source>Manifest</source>
                    <name>Bundle-Vendor</name>
                    <value>Hibernate.org</value>
                </evidence>
                <evidence>
                    <source>Manifest</source>
                    <name>implementation-url</name>
                    <value>http://hibernate.org</value>
                </evidence>
                <evidence>
                    <source>Manifest</source>
                    <name>Implementation-Vendor</name>
                    <value>Hibernate.org</value>
                </evidence>
                <evidence>
                    <source>Manifest</source>
                    <name>Implementation-Vendor-Id</name>
                    <value>org.hibernate</value>
                </evidence>
            </evidenceCollected>
        </dependency>
        <dependency>
            <fileName>hibernate-jpa-2.0-api-1.0.1.Final.jar</fileName>
            <filePath>/home/bcraig/Documents/Thesis/Analysis/reports/hibernate/Source/hibernate-jpa-2.0-api-1.0.1.Final.jar</filePath>
            <md5>D7E7D8F60FC44A127BA702D43E71ABEC</md5>
            <sha1>3306A165AFA81938FC3D8A0948E891DE9F6B192B</sha1>
            <description>
        Hibernate definition of the Java Persistence 2.0 (JSR 317) API.
    </description>
            <license>license.txt</license>
            <evidenceCollected>
                <evidence>
                    <source>file</source>
                    <name>name</name>
                    <value>hibernate-jpa-2.0-api-1.0.1.Final</value>
                </evidence>
                <evidence>
                    <source>jar</source>
                    <name>package name</name>
                    <value>javax</value>
                </evidence>
                <evidence>
                    <source>jar</source>
                    <name>package name</name>
                    <value>persistence</value>
                </evidence>
                <evidence>
                    <source>jar</source>
                    <name>package name</name>
                    <value>version</value>
                </evidence>
                <evidence>
                    <source>Manifest</source>
                    <name>Implementation-Title</name>
                    <value>JPA API</value>
                </evidence>
                <evidence>
                    <source>Manifest</source>
                    <name>Implementation-Vendor</name>
                    <value>hibernate.org</value>
                </evidence>
                <evidence>
                    <source>Manifest</source>
                    <name>specification-title</name>
                    <value>Java Persistence API, Version 2.0</value>
                </evidence>
                <evidence>
                    <source>Manifest</source>
                    <name>specification-vendor</name>
                    <value>Sun Microsystems, Inc.</value>
                </evidence>
                <evidence>
                    <source>pom</source>
                    <name>artifactid</name>
                    <value>hibernate-jpa-2.0-api</value>
                </evidence>
                <evidence>
                    <source>pom</source>
                    <name>artifactid</name>
                    <value>hibernate-jpa-2.0-api</value>
                </evidence>
                <evidence>
                    <source>pom</source>
                    <name>description</name>
                    <value>Hibernate definition of the Java Persistence 2.0 (JSR 317) API.</value>
                </evidence>
                <evidence>
                    <source>pom</source>
                    <name>groupid</name>
                    <value>hibernate.javax.persistence</value>
                </evidence>
                <evidence>
                    <source>pom</source>
                    <name>groupid</name>
                    <value>hibernate.javax.persistence</value>
                </evidence>
                <evidence>
                    <source>pom</source>
                    <name>name</name>
                    <value>JPA 2.0 API</value>
                </evidence>
                <evidence>
                    <source>pom</source>
                    <name>organization name</name>
                    <value>Hibernate.org</value>
                </evidence>
            </evidenceCollected>
        </dependency>
    </dependencies>
</analysis>