<?xml version="1.0"?>
<analysis xmlns="https://www.owasp.org/index.php/OWASP_Dependency_Check">
    <projectInfo>
        <name>htmlunit</name>
        <reportDate>Feb 8, 2014 11:50:39 AM</reportDate>
        <credits>This report contains data retrieved from the National Vulnerability Database: http://nvd.nist.gov</credits>
    </projectInfo>
    <dependencies>
        <dependency>
            <fileName>simpleAppletDoIt.jar</fileName>
            <filePath>/home/bcraig/Documents/Thesis/Analysis/reports/htmlunit/3rdParty/simpleAppletDoIt.jar</filePath>
            <md5>8AF0D4E800D1DF1DF1D845EA3D6B0503</md5>
            <sha1>97ABEAEDFAF6F724D0FA1246080F2241B5DFF759</sha1>
            <evidenceCollected>
            </evidenceCollected>
        </dependency>
        <dependency>
            <fileName>commons-collections-3.2.1.jar</fileName>
            <filePath>/home/bcraig/Documents/Thesis/Analysis/reports/htmlunit/3rdParty/commons-collections-3.2.1.jar</filePath>
            <md5>13BC641AFD7FD95E09B260F69C1E4C91</md5>
            <sha1>761EA405B9B37CED573D2DF0D1E3A4E0F9EDC668</sha1>
            <evidenceCollected>
            </evidenceCollected>
        </dependency>
        <dependency>
            <fileName>commons-validator-1.1.4.jar</fileName>
            <filePath>/home/bcraig/Documents/Thesis/Analysis/reports/htmlunit/3rdParty/commons-validator-1.1.4.jar</filePath>
            <md5>1A9EBA900011B387CA5D6618C7083015</md5>
            <sha1>1033BC3F5E304F447D7987F0F5DB8C6133D9695B</sha1>
            <evidenceCollected>
            </evidenceCollected>
        </dependency>
        <dependency>
            <fileName>pjl-comp-filter-1.6.6.jar</fileName>
            <filePath>/home/bcraig/Documents/Thesis/Analysis/reports/htmlunit/3rdParty/pjl-comp-filter-1.6.6.jar</filePath>
            <md5>9DEDEDC3330C6F83BF099ED195B30E96</md5>
            <sha1>2210C4010271434E311BA60A73E66E7EDDE25CE0</sha1>
            <evidenceCollected>
            </evidenceCollected>
        </dependency>
        <dependency>
            <fileName>bsh-2.0b4.jar</fileName>
            <filePath>/home/bcraig/Documents/Thesis/Analysis/reports/htmlunit/3rdParty/bsh-2.0b4.jar</filePath>
            <md5>A1C60AA83C9C9A6CB2391C1C1B85EB00</md5>
            <sha1>A05F0A0FEEFA8D8467AC80E16E7DE071489F0D9C</sha1>
            <evidenceCollected>
            </evidenceCollected>
        </dependency>
        <dependency>
            <fileName>bsf-2.3.jar</fileName>
            <filePath>/home/bcraig/Documents/Thesis/Analysis/reports/htmlunit/3rdParty/bsf-2.3.jar</filePath>
            <md5>4A61C9F221EBED459999E4006F2F8FA0</md5>
            <sha1>B6BE87B58571101E95525228CF23E934B4EABE35</sha1>
            <evidenceCollected>
            </evidenceCollected>
        </dependency>
        <dependency>
            <fileName>nekohtml-1.9.14.jar</fileName>
            <filePath>/home/bcraig/Documents/Thesis/Analysis/reports/htmlunit/3rdParty/nekohtml-1.9.14.jar</filePath>
            <md5>48E909B5CAB667A8718E6E322F5CE75D</md5>
            <sha1>712D3D54F758C9F6CD33D954B0B963BDB27514D6</sha1>
            <evidenceCollected>
            </evidenceCollected>
        </dependency>
        <dependency>
            <fileName>js_build_tools.jar</fileName>
            <filePath>/home/bcraig/Documents/Thesis/Analysis/reports/htmlunit/3rdParty/js_build_tools.jar</filePath>
            <md5>21D55CCEA0861276C27E0F109CDADAE4</md5>
            <sha1>21E4702F4FC7A2A18F3BE6C3B7315C4D4006DC44</sha1>
            <evidenceCollected>
            </evidenceCollected>
        </dependency>
        <dependency>
            <fileName>commons-logging-1.0.4.jar</fileName>
            <filePath>/home/bcraig/Documents/Thesis/Analysis/reports/htmlunit/3rdParty/commons-logging-1.0.4.jar</filePath>
            <md5>8A507817B28077E0478ADD944C64586A</md5>
            <sha1>F029A2AEFE2B3E1517573C580F948CAAC31B1056</sha1>
            <evidenceCollected>
            </evidenceCollected>
        </dependency>
        <dependency>
            <fileName>commons-codec-1.4.jar</fileName>
            <filePath>/home/bcraig/Documents/Thesis/Analysis/reports/htmlunit/3rdParty/commons-codec-1.4.jar</filePath>
            <md5>82B899580DA472BE37055DA949B731FA</md5>
            <sha1>4216AF16D38465BBAB0F3DFF8EFA14204F7A399A</sha1>
            <evidenceCollected>
            </evidenceCollected>
        </dependency>
        <dependency>
            <fileName>jakarta-oro-2.0.8.jar</fileName>
            <filePath>/home/bcraig/Documents/Thesis/Analysis/reports/htmlunit/3rdParty/jakarta-oro-2.0.8.jar</filePath>
            <md5>42E940D5D2D822F4DC04C65053E630AB</md5>
            <sha1>5592374F834645C4AE250F4C9FBB314C9369D698</sha1>
            <evidenceCollected>
            </evidenceCollected>
        </dependency>
        <dependency>
            <fileName>emptyApplet.jar</fileName>
            <filePath>/home/bcraig/Documents/Thesis/Analysis/reports/htmlunit/3rdParty/emptyApplet.jar</filePath>
            <md5>103589EFFE1A15102071D04020BFB100</md5>
            <sha1>38F44A4A1F15611CF4CB437B50613A97F9C836B2</sha1>
            <evidenceCollected>
            </evidenceCollected>
        </dependency>
        <dependency>
            <fileName>gwt-servlet.jar</fileName>
            <filePath>/home/bcraig/Documents/Thesis/Analysis/reports/htmlunit/3rdParty/gwt-servlet.jar</filePath>
            <md5>C4A945707FDF74525D87422A8334AA81</md5>
            <sha1>F92C530CDB59DBFEBDE73DA5BCD65D5FC118480C</sha1>
            <evidenceCollected>
            </evidenceCollected>
        </dependency>
        <dependency>
            <fileName>svnkit.jar</fileName>
            <filePath>/home/bcraig/Documents/Thesis/Analysis/reports/htmlunit/3rdParty/svnkit.jar</filePath>
            <md5>94A2FB6521C306241CB0F325C86369A2</md5>
            <sha1>BDE0508334DCCE36D0CFCD9A5E1C327525804C87</sha1>
            <evidenceCollected>
            </evidenceCollected>
        </dependency>
        <dependency>
            <fileName>apache-mime4j-0.6.jar</fileName>
            <filePath>/home/bcraig/Documents/Thesis/Analysis/reports/htmlunit/3rdParty/apache-mime4j-0.6.jar</filePath>
            <md5>E90FB1AB3F8145AD00DEF6359DA22FAF</md5>
            <sha1>945007627E8D12275D755081A9E609C018E1210D</sha1>
            <evidenceCollected>
            </evidenceCollected>
        </dependency>
        <dependency>
            <fileName>cssparser-0.9.5.jar</fileName>
            <filePath>/home/bcraig/Documents/Thesis/Analysis/reports/htmlunit/3rdParty/cssparser-0.9.5.jar</filePath>
            <md5>271B6CBDE1527E944D1EF02CD49DEAD4</md5>
            <sha1>7222F4A7E50FC57A88A546A228088524BDBBDAEA</sha1>
            <evidenceCollected>
            </evidenceCollected>
        </dependency>
        <dependency>
            <fileName>yuicompressor.jar</fileName>
            <filePath>/home/bcraig/Documents/Thesis/Analysis/reports/htmlunit/3rdParty/yuicompressor.jar</filePath>
            <md5>DE7F9BF5ECB82166493BA7839F62A73E</md5>
            <sha1>361885590A30BB9663A4AA528E2C1B72A8579FA1</sha1>
            <evidenceCollected>
            </evidenceCollected>
        </dependency>
        <dependency>
            <fileName>dwr.jar</fileName>
            <filePath>/home/bcraig/Documents/Thesis/Analysis/reports/htmlunit/3rdParty/dwr.jar</filePath>
            <md5>E4748D56E1A60ABF24AC686EC84A81D7</md5>
            <sha1>D69902D85D3F0CDA49E5E0515C0C33D5B1295B2B</sha1>
            <evidenceCollected>
            </evidenceCollected>
        </dependency>
        <dependency>
            <fileName>httpclient-4.0.1.jar</fileName>
            <filePath>/home/bcraig/Documents/Thesis/Analysis/reports/htmlunit/3rdParty/httpclient-4.0.1.jar</filePath>
            <md5>9CA98774860101C06CA9010EFD6224A1</md5>
            <sha1>1D7D28FA738BDBFE4FBD895D9486308999BDF440</sha1>
            <evidenceCollected>
            </evidenceCollected>
        </dependency>
        <dependency>
            <fileName>httpmime-4.0.1.jar</fileName>
            <filePath>/home/bcraig/Documents/Thesis/Analysis/reports/htmlunit/3rdParty/httpmime-4.0.1.jar</filePath>
            <md5>F26585BCB89F16310CFEBB8FB84E4A9B</md5>
            <sha1>326BF4147F100E8A4FDD7F1867A87E969FB10812</sha1>
            <evidenceCollected>
            </evidenceCollected>
        </dependency>
        <dependency>
            <fileName>log4j-1.2.12.jar</fileName>
            <filePath>/home/bcraig/Documents/Thesis/Analysis/reports/htmlunit/3rdParty/log4j-1.2.12.jar</filePath>
            <md5>223504F742ADDD3F631ED8BDF689F1C9</md5>
            <sha1>057B8740427EE6D7B0B60792751356CAD17DC0D9</sha1>
            <evidenceCollected>
            </evidenceCollected>
        </dependency>
        <dependency>
            <fileName>commons-io-1.4.jar</fileName>
            <filePath>/home/bcraig/Documents/Thesis/Analysis/reports/htmlunit/3rdParty/commons-io-1.4.jar</filePath>
            <md5>B6A50C8A15ECE8753E37CBE5700BF84F</md5>
            <sha1>A8762D07E76CFDE2395257A5DA47BA7C1DBD3DCE</sha1>
            <evidenceCollected>
            </evidenceCollected>
        </dependency>
        <dependency>
            <fileName>httpcore-4.0.1.jar</fileName>
            <filePath>/home/bcraig/Documents/Thesis/Analysis/reports/htmlunit/3rdParty/httpcore-4.0.1.jar</filePath>
            <md5>6C1963FD8AC0C40C004C9E892E0D7703</md5>
            <sha1>E813B8722C387B22E1ADCCF7914729DB09BCB4A9</sha1>
            <evidenceCollected>
            </evidenceCollected>
        </dependency>
        <dependency>
            <fileName>serializer-2.7.1.jar</fileName>
            <filePath>/home/bcraig/Documents/Thesis/Analysis/reports/htmlunit/3rdParty/serializer-2.7.1.jar</filePath>
            <md5>A6B64DFE58229BDD810263FA0CC54CFF</md5>
            <sha1>4B4B18DF434451249BB65A63F2FB69E215A6A020</sha1>
            <evidenceCollected>
            </evidenceCollected>
        </dependency>
        <dependency>
            <fileName>svnant.jar</fileName>
            <filePath>/home/bcraig/Documents/Thesis/Analysis/reports/htmlunit/3rdParty/svnant.jar</filePath>
            <md5>28F6A1354A68ADFEBFD5444D319D9521</md5>
            <sha1>DD12A4DBFFBE5FBF13A20BE2E00C8428D0C9BAA4</sha1>
            <evidenceCollected>
            </evidenceCollected>
        </dependency>
        <dependency>
            <fileName>svnjavahl.jar</fileName>
            <filePath>/home/bcraig/Documents/Thesis/Analysis/reports/htmlunit/3rdParty/svnjavahl.jar</filePath>
            <md5>D1F2770B211D0AB3127B8D972EA7D2B4</md5>
            <sha1>6F9D6E7AD58B78C459FDE9B2EECCAFAEC999B1CB</sha1>
            <evidenceCollected>
            </evidenceCollected>
        </dependency>
        <dependency>
            <fileName>xml-apis-1.3.04.jar</fileName>
            <filePath>/home/bcraig/Documents/Thesis/Analysis/reports/htmlunit/3rdParty/xml-apis-1.3.04.jar</filePath>
            <md5>9AE9C29E4497FC35A3EADE1E6DD0BBEB</md5>
            <sha1>90B215F48FE42776C8C7F6E3509EC54E84FD65EF</sha1>
            <evidenceCollected>
            </evidenceCollected>
        </dependency>
        <dependency>
            <fileName>commons-lang-2.4.jar</fileName>
            <filePath>/home/bcraig/Documents/Thesis/Analysis/reports/htmlunit/3rdParty/commons-lang-2.4.jar</filePath>
            <md5>237A8E845441BAD2E535C57D985C8204</md5>
            <sha1>16313E02A793435009F1E458FA4AF5D879F6FB11</sha1>
            <evidenceCollected>
            </evidenceCollected>
        </dependency>
        <dependency>
            <fileName>xercesImpl-2.9.1.jar</fileName>
            <filePath>/home/bcraig/Documents/Thesis/Analysis/reports/htmlunit/3rdParty/xercesImpl-2.9.1.jar</filePath>
            <md5>F807F86D7D9DB25EDBFC782ACA7CA2A9</md5>
            <sha1>7BC7E49DDFE4FB5F193ED37ECC96C12292C8CEB6</sha1>
            <evidenceCollected>
            </evidenceCollected>
        </dependency>
        <dependency>
            <fileName>commons-logging-1.1.1.jar</fileName>
            <filePath>/home/bcraig/Documents/Thesis/Analysis/reports/htmlunit/3rdParty/commons-logging-1.1.1.jar</filePath>
            <md5>ED448347FC0104034AA14C8189BF37DE</md5>
            <sha1>5043BFEBC3DB072ED80FBD362E7CAF00E885D8AE</sha1>
            <evidenceCollected>
            </evidenceCollected>
        </dependency>
        <dependency>
            <fileName>svnClientAdapter.jar</fileName>
            <filePath>/home/bcraig/Documents/Thesis/Analysis/reports/htmlunit/3rdParty/svnClientAdapter.jar</filePath>
            <md5>8AB8F8729E1227347B2C2A9CA3AC18B4</md5>
            <sha1>882D002888DA616E2CAC6C950B3EE45DE6C346FD</sha1>
            <evidenceCollected>
            </evidenceCollected>
        </dependency>
        <dependency>
            <fileName>ant-contrib.jar</fileName>
            <filePath>/home/bcraig/Documents/Thesis/Analysis/reports/htmlunit/3rdParty/ant-contrib.jar</filePath>
            <md5>113C5680ACF0B7B10ECFA7565F9F61B6</md5>
            <sha1>BA035E382854ED6C6CAA57DA8F3AC87BEDD0245E</sha1>
            <evidenceCollected>
            </evidenceCollected>
        </dependency>
        <dependency>
            <fileName>xalan-2.7.1.jar</fileName>
            <filePath>/home/bcraig/Documents/Thesis/Analysis/reports/htmlunit/3rdParty/xalan-2.7.1.jar</filePath>
            <md5>D43AAD24F2C143B675292CCFEF487F9C</md5>
            <sha1>75F1D83CE27BAB5F29FFF034FC74AA9F7266F22A</sha1>
            <evidenceCollected>
            </evidenceCollected>
        </dependency>
        <dependency>
            <fileName>sac-1.3.jar</fileName>
            <filePath>/home/bcraig/Documents/Thesis/Analysis/reports/htmlunit/3rdParty/sac-1.3.jar</filePath>
            <md5>EB04FA63FC70C722F2B8EC156166343B</md5>
            <sha1>CDB2DCB4E22B83D6B32B93095F644C3462739E82</sha1>
            <evidenceCollected>
            </evidenceCollected>
        </dependency>
    </dependencies>
</analysis>