<?xml version="1.0"?>
<analysis xmlns="https://www.owasp.org/index.php/OWASP_Dependency_Check">
    <projectInfo>
        <name>informa</name>
        <reportDate>Feb 8, 2014 11:51:01 AM</reportDate>
        <credits>This report contains data retrieved from the National Vulnerability Database: http://nvd.nist.gov</credits>
    </projectInfo>
    <dependencies>
        <dependency>
            <fileName>informa.jar</fileName>
            <filePath>/home/bcraig/Documents/Thesis/Analysis/reports/informa/Source/informa.jar</filePath>
            <md5>618826602D1E7D8718E6977DDEB1F8F8</md5>
            <sha1>A6555B6BB6F7AAF367135BA380BC5ED215DD6A6A</sha1>
            <evidenceCollected>
                <evidence>
                    <source>file</source>
                    <name>name</name>
                    <value>informa</value>
                </evidence>
                <evidence>
                    <source>jar</source>
                    <name>package</name>
                    <value>de</value>
                </evidence>
                <evidence>
                    <source>jar</source>
                    <name>package</name>
                    <value>informa</value>
                </evidence>
                <evidence>
                    <source>jar</source>
                    <name>package</name>
                    <value>nava</value>
                </evidence>
            </evidenceCollected>
        </dependency>
    </dependencies>
</analysis>