<?xml version="1.0"?>
<analysis xmlns="https://www.owasp.org/index.php/OWASP_Dependency_Check">
    <projectInfo>
        <name>ivatagroupware</name>
        <reportDate>Feb 8, 2014 11:52:08 AM</reportDate>
        <credits>This report contains data retrieved from the National Vulnerability Database: http://nvd.nist.gov</credits>
    </projectInfo>
    <dependencies>
        <dependency>
            <fileName>ivatagroupware-library-jar-0.11.3.jar</fileName>
            <filePath>/home/bcraig/Documents/Thesis/Analysis/reports/ivatagroupware/Source/ivatagroupware-library-jar-0.11.3.jar</filePath>
            <md5>54863265BC17FD1604EDD28910DDBA37</md5>
            <sha1>34EBC6C82A38F952A2BCE412419B18838858CDEF</sha1>
            <evidenceCollected>
                <evidence>
                    <source>file</source>
                    <name>name</name>
                    <value>ivatagroupware-library-jar-0.11.3</value>
                </evidence>
                <evidence>
                    <source>jar</source>
                    <name>package</name>
                    <value>business</value>
                </evidence>
                <evidence>
                    <source>jar</source>
                    <name>package</name>
                    <value>groupware</value>
                </evidence>
                <evidence>
                    <source>jar</source>
                    <name>package</name>
                    <value>ivata</value>
                </evidence>
                <evidence>
                    <source>jar</source>
                    <name>package</name>
                    <value>library</value>
                </evidence>
                <evidence>
                    <source>jar</source>
                    <name>package name</name>
                    <value>groupware</value>
                </evidence>
                <evidence>
                    <source>jar</source>
                    <name>package name</name>
                    <value>ivata</value>
                </evidence>
                <evidence>
                    <source>jar</source>
                    <name>package name</name>
                    <value>library</value>
                </evidence>
                <evidence>
                    <source>Manifest</source>
                    <name>extension-name</name>
                    <value>ivatagroupware-library-jar</value>
                </evidence>
                <evidence>
                    <source>Manifest</source>
                    <name>Implementation-Title</name>
                    <value>com.ivata.groupware</value>
                </evidence>
                <evidence>
                    <source>Manifest</source>
                    <name>Implementation-Vendor</name>
                    <value>ivata</value>
                </evidence>
                <evidence>
                    <source>Manifest</source>
                    <name>specification-title</name>
                    <value>Library JAR Library for ivata op.</value>
                </evidence>
                <evidence>
                    <source>Manifest</source>
                    <name>specification-vendor</name>
                    <value>ivata</value>
                </evidence>
            </evidenceCollected>
        </dependency>
        <dependency>
            <fileName>ivatagroupware-addressbook-jar-0.11.3.jar</fileName>
            <filePath>/home/bcraig/Documents/Thesis/Analysis/reports/ivatagroupware/Source/ivatagroupware-addressbook-jar-0.11.3.jar</filePath>
            <md5>C5FCAA1ADF5BBB577AEDD2866D16DB20</md5>
            <sha1>0DD894DE59A2B4820692DCF61BBAF99433AC9FC4</sha1>
            <evidenceCollected>
                <evidence>
                    <source>file</source>
                    <name>name</name>
                    <value>ivatagroupware-addressbook-jar-0.11.3</value>
                </evidence>
                <evidence>
                    <source>jar</source>
                    <name>package</name>
                    <value>addressbook</value>
                </evidence>
                <evidence>
                    <source>jar</source>
                    <name>package</name>
                    <value>business</value>
                </evidence>
                <evidence>
                    <source>jar</source>
                    <name>package</name>
                    <value>groupware</value>
                </evidence>
                <evidence>
                    <source>jar</source>
                    <name>package</name>
                    <value>ivata</value>
                </evidence>
                <evidence>
                    <source>jar</source>
                    <name>package name</name>
                    <value>addressbook</value>
                </evidence>
                <evidence>
                    <source>jar</source>
                    <name>package name</name>
                    <value>groupware</value>
                </evidence>
                <evidence>
                    <source>jar</source>
                    <name>package name</name>
                    <value>ivata</value>
                </evidence>
                <evidence>
                    <source>jar</source>
                    <name>package name</name>
                    <value>tag</value>
                </evidence>
                <evidence>
                    <source>Manifest</source>
                    <name>extension-name</name>
                    <value>ivatagroupware-addressbook-jar</value>
                </evidence>
                <evidence>
                    <source>Manifest</source>
                    <name>Implementation-Title</name>
                    <value>com.ivata.groupware</value>
                </evidence>
                <evidence>
                    <source>Manifest</source>
                    <name>Implementation-Vendor</name>
                    <value>ivata</value>
                </evidence>
                <evidence>
                    <source>Manifest</source>
                    <name>specification-title</name>
                    <value>Address Book JAR.</value>
                </evidence>
                <evidence>
                    <source>Manifest</source>
                    <name>specification-vendor</name>
                    <value>ivata</value>
                </evidence>
            </evidenceCollected>
        </dependency>
        <dependency>
            <fileName>ivatagroupware-mask-jar-0.11.3.jar</fileName>
            <filePath>/home/bcraig/Documents/Thesis/Analysis/reports/ivatagroupware/Source/ivatagroupware-mask-jar-0.11.3.jar</filePath>
            <md5>33A86644DFFFA4E9E7C92D37CC34C965</md5>
            <sha1>5E95B223B3BDD14E6D503D26175822F10DFA2850</sha1>
            <evidenceCollected>
                <evidence>
                    <source>file</source>
                    <name>name</name>
                    <value>ivatagroupware-mask-jar-0.11.3</value>
                </evidence>
                <evidence>
                    <source>jar</source>
                    <name>package</name>
                    <value>container</value>
                </evidence>
                <evidence>
                    <source>jar</source>
                    <name>package</name>
                    <value>groupware</value>
                </evidence>
                <evidence>
                    <source>jar</source>
                    <name>package</name>
                    <value>ivata</value>
                </evidence>
                <evidence>
                    <source>jar</source>
                    <name>package</name>
                    <value>struts</value>
                </evidence>
                <evidence>
                    <source>jar</source>
                    <name>package name</name>
                    <value>groupware</value>
                </evidence>
                <evidence>
                    <source>jar</source>
                    <name>package name</name>
                    <value>ivata</value>
                </evidence>
                <evidence>
                    <source>jar</source>
                    <name>package name</name>
                    <value>mask</value>
                </evidence>
                <evidence>
                    <source>Manifest</source>
                    <name>extension-name</name>
                    <value>ivatagroupware-mask-jar</value>
                </evidence>
                <evidence>
                    <source>Manifest</source>
                    <name>Implementation-Title</name>
                    <value>com.ivata.groupware</value>
                </evidence>
                <evidence>
                    <source>Manifest</source>
                    <name>Implementation-Vendor</name>
                    <value>ivata</value>
                </evidence>
                <evidence>
                    <source>Manifest</source>
                    <name>specification-title</name>
                    <value>Extensions to ivata masks.</value>
                </evidence>
                <evidence>
                    <source>Manifest</source>
                    <name>specification-vendor</name>
                    <value>ivata</value>
                </evidence>
            </evidenceCollected>
        </dependency>
        <dependency>
            <fileName>ivatagroupware-webmail-jar-0.11.3.jar</fileName>
            <filePath>/home/bcraig/Documents/Thesis/Analysis/reports/ivatagroupware/Source/ivatagroupware-webmail-jar-0.11.3.jar</filePath>
            <md5>AB54D059C7B0DB54E45F8C86BCFB08F0</md5>
            <sha1>CD32CEDBD10F29E9DC7E8D30AD612D518265E7D3</sha1>
            <evidenceCollected>
                <evidence>
                    <source>file</source>
                    <name>name</name>
                    <value>ivatagroupware-webmail-jar-0.11.3</value>
                </evidence>
                <evidence>
                    <source>jar</source>
                    <name>package</name>
                    <value>business</value>
                </evidence>
                <evidence>
                    <source>jar</source>
                    <name>package</name>
                    <value>groupware</value>
                </evidence>
                <evidence>
                    <source>jar</source>
                    <name>package</name>
                    <value>ivata</value>
                </evidence>
                <evidence>
                    <source>jar</source>
                    <name>package</name>
                    <value>mail</value>
                </evidence>
                <evidence>
                    <source>jar</source>
                    <name>package name</name>
                    <value>business</value>
                </evidence>
                <evidence>
                    <source>jar</source>
                    <name>package name</name>
                    <value>groupware</value>
                </evidence>
                <evidence>
                    <source>jar</source>
                    <name>package name</name>
                    <value>ivata</value>
                </evidence>
                <evidence>
                    <source>jar</source>
                    <name>package name</name>
                    <value>mail</value>
                </evidence>
                <evidence>
                    <source>Manifest</source>
                    <name>extension-name</name>
                    <value>ivatagroupware-webmail-jar</value>
                </evidence>
                <evidence>
                    <source>Manifest</source>
                    <name>Implementation-Title</name>
                    <value>com.ivata.groupware.business.mail</value>
                </evidence>
                <evidence>
                    <source>Manifest</source>
                    <name>Implementation-Vendor</name>
                    <value>ivata</value>
                </evidence>
                <evidence>
                    <source>Manifest</source>
                    <name>specification-title</name>
                    <value>ivata groupware webmail JAR</value>
                </evidence>
                <evidence>
                    <source>Manifest</source>
                    <name>specification-vendor</name>
                    <value>ivata</value>
                </evidence>
            </evidenceCollected>
        </dependency>
        <dependency>
            <fileName>ivatagroupware-security-jar-0.11.3.jar</fileName>
            <filePath>/home/bcraig/Documents/Thesis/Analysis/reports/ivatagroupware/Source/ivatagroupware-security-jar-0.11.3.jar</filePath>
            <md5>E0587E621C7E6BD1BD6D350A7FEE0996</md5>
            <sha1>1870D1523C403D0822610D8236554ABC0F440A55</sha1>
            <evidenceCollected>
                <evidence>
                    <source>file</source>
                    <name>name</name>
                    <value>ivatagroupware-security-jar-0.11.3</value>
                </evidence>
                <evidence>
                    <source>jar</source>
                    <name>package</name>
                    <value>admin</value>
                </evidence>
                <evidence>
                    <source>jar</source>
                    <name>package</name>
                    <value>groupware</value>
                </evidence>
                <evidence>
                    <source>jar</source>
                    <name>package</name>
                    <value>ivata</value>
                </evidence>
                <evidence>
                    <source>jar</source>
                    <name>package name</name>
                    <value>groupware</value>
                </evidence>
                <evidence>
                    <source>jar</source>
                    <name>package name</name>
                    <value>ivata</value>
                </evidence>
                <evidence>
                    <source>jar</source>
                    <name>package name</name>
                    <value>security</value>
                </evidence>
                <evidence>
                    <source>jar</source>
                    <name>package name</name>
                    <value>tag</value>
                </evidence>
                <evidence>
                    <source>Manifest</source>
                    <name>extension-name</name>
                    <value>ivatagroupware-security-jar</value>
                </evidence>
                <evidence>
                    <source>Manifest</source>
                    <name>Implementation-Title</name>
                    <value>com.ivata.groupware</value>
                </evidence>
                <evidence>
                    <source>Manifest</source>
                    <name>Implementation-Vendor</name>
                    <value>ivata</value>
                </evidence>
                <evidence>
                    <source>Manifest</source>
                    <name>specification-title</name>
                    <value>ivata groupware security JAR.</value>
                </evidence>
                <evidence>
                    <source>Manifest</source>
                    <name>specification-vendor</name>
                    <value>ivata</value>
                </evidence>
            </evidenceCollected>
        </dependency>
        <dependency>
            <fileName>ivatagroupware-core-jar-0.11.3.jar</fileName>
            <filePath>/home/bcraig/Documents/Thesis/Analysis/reports/ivatagroupware/Source/ivatagroupware-core-jar-0.11.3.jar</filePath>
            <md5>99BFB45641B61E65289931EC18BC07DB</md5>
            <sha1>CF6CBD6919374DEC7A5682338ECEF932CC19E829</sha1>
            <evidenceCollected>
                <evidence>
                    <source>file</source>
                    <name>name</name>
                    <value>ivatagroupware-core-jar-0.11.3</value>
                </evidence>
                <evidence>
                    <source>jar</source>
                    <name>package</name>
                    <value>container</value>
                </evidence>
                <evidence>
                    <source>jar</source>
                    <name>package</name>
                    <value>groupware</value>
                </evidence>
                <evidence>
                    <source>jar</source>
                    <name>package</name>
                    <value>ivata</value>
                </evidence>
                <evidence>
                    <source>jar</source>
                    <name>package</name>
                    <value>persistence</value>
                </evidence>
                <evidence>
                    <source>jar</source>
                    <name>package name</name>
                    <value>groupware</value>
                </evidence>
                <evidence>
                    <source>jar</source>
                    <name>package name</name>
                    <value>ivata</value>
                </evidence>
                <evidence>
                    <source>Manifest</source>
                    <name>extension-name</name>
                    <value>ivatagroupware-core-jar</value>
                </evidence>
                <evidence>
                    <source>Manifest</source>
                    <name>Implementation-Title</name>
                    <value>com.ivata.groupware</value>
                </evidence>
                <evidence>
                    <source>Manifest</source>
                    <name>Implementation-Vendor</name>
                    <value>ivata</value>
                </evidence>
                <evidence>
                    <source>Manifest</source>
                    <name>specification-title</name>
                    <value>ivata groupware core JAR</value>
                </evidence>
                <evidence>
                    <source>Manifest</source>
                    <name>specification-vendor</name>
                    <value>ivata</value>
                </evidence>
            </evidenceCollected>
        </dependency>
        <dependency>
            <fileName>ivatagroupware-search-jar-0.11.3.jar</fileName>
            <filePath>/home/bcraig/Documents/Thesis/Analysis/reports/ivatagroupware/Source/ivatagroupware-search-jar-0.11.3.jar</filePath>
            <md5>15BB050E365680BC6E5CD6FC1A337D09</md5>
            <sha1>C173CEE10280C0026D801EB8FF29DC95ECF46C1E</sha1>
            <evidenceCollected>
                <evidence>
                    <source>file</source>
                    <name>name</name>
                    <value>ivatagroupware-search-jar-0.11.3</value>
                </evidence>
                <evidence>
                    <source>jar</source>
                    <name>package</name>
                    <value>business</value>
                </evidence>
                <evidence>
                    <source>jar</source>
                    <name>package</name>
                    <value>groupware</value>
                </evidence>
                <evidence>
                    <source>jar</source>
                    <name>package</name>
                    <value>ivata</value>
                </evidence>
                <evidence>
                    <source>jar</source>
                    <name>package</name>
                    <value>search</value>
                </evidence>
                <evidence>
                    <source>jar</source>
                    <name>package name</name>
                    <value>groupware</value>
                </evidence>
                <evidence>
                    <source>jar</source>
                    <name>package name</name>
                    <value>ivata</value>
                </evidence>
                <evidence>
                    <source>jar</source>
                    <name>package name</name>
                    <value>search</value>
                </evidence>
                <evidence>
                    <source>Manifest</source>
                    <name>extension-name</name>
                    <value>ivatagroupware-search-jar</value>
                </evidence>
                <evidence>
                    <source>Manifest</source>
                    <name>Implementation-Title</name>
                    <value>com.ivata.groupware</value>
                </evidence>
                <evidence>
                    <source>Manifest</source>
                    <name>Implementation-Vendor</name>
                    <value>ivata</value>
                </evidence>
                <evidence>
                    <source>Manifest</source>
                    <name>specification-title</name>
                    <value>search engine JAR.</value>
                </evidence>
                <evidence>
                    <source>Manifest</source>
                    <name>specification-vendor</name>
                    <value>ivata</value>
                </evidence>
            </evidenceCollected>
        </dependency>
        <dependency>
            <fileName>ivatagroupware-startdb-0.11.3.jar</fileName>
            <filePath>/home/bcraig/Documents/Thesis/Analysis/reports/ivatagroupware/Source/ivatagroupware-startdb-0.11.3.jar</filePath>
            <md5>EDB0D3004B9BD18F354C31DE4344462F</md5>
            <sha1>236EE62018D33308C7D114F5525D87C317FE524E</sha1>
            <evidenceCollected>
                <evidence>
                    <source>file</source>
                    <name>name</name>
                    <value>ivatagroupware-startdb-0.11.3</value>
                </evidence>
                <evidence>
                    <source>Manifest</source>
                    <name>extension-name</name>
                    <value>ivatagroupware-startdb</value>
                </evidence>
                <evidence>
                    <source>Manifest</source>
                    <name>Implementation-Title</name>
                    <value>com.ivata.groupware</value>
                </evidence>
                <evidence>
                    <source>Manifest</source>
                    <name>Implementation-Vendor</name>
                    <value>ivata</value>
                </evidence>
                <evidence>
                    <source>Manifest</source>
                    <name>specification-title</name>
                    <value>Creates a default Hypersonic DB.</value>
                </evidence>
                <evidence>
                    <source>Manifest</source>
                    <name>specification-vendor</name>
                    <value>ivata</value>
                </evidence>
            </evidenceCollected>
        </dependency>
        <dependency>
            <fileName>ivatagroupware-calendar-jar-0.11.3.jar</fileName>
            <filePath>/home/bcraig/Documents/Thesis/Analysis/reports/ivatagroupware/Source/ivatagroupware-calendar-jar-0.11.3.jar</filePath>
            <md5>ACA453602B34950C54D2E19AAC92610D</md5>
            <sha1>CA377F0860B158570CF852BC9ABD22688DDD90C1</sha1>
            <evidenceCollected>
                <evidence>
                    <source>file</source>
                    <name>name</name>
                    <value>ivatagroupware-calendar-jar-0.11.3</value>
                </evidence>
                <evidence>
                    <source>jar</source>
                    <name>package</name>
                    <value>business</value>
                </evidence>
                <evidence>
                    <source>jar</source>
                    <name>package</name>
                    <value>calendar</value>
                </evidence>
                <evidence>
                    <source>jar</source>
                    <name>package</name>
                    <value>groupware</value>
                </evidence>
                <evidence>
                    <source>jar</source>
                    <name>package</name>
                    <value>ivata</value>
                </evidence>
                <evidence>
                    <source>jar</source>
                    <name>package name</name>
                    <value>business</value>
                </evidence>
                <evidence>
                    <source>jar</source>
                    <name>package name</name>
                    <value>calendar</value>
                </evidence>
                <evidence>
                    <source>jar</source>
                    <name>package name</name>
                    <value>groupware</value>
                </evidence>
                <evidence>
                    <source>jar</source>
                    <name>package name</name>
                    <value>ivata</value>
                </evidence>
                <evidence>
                    <source>Manifest</source>
                    <name>extension-name</name>
                    <value>ivatagroupware-calendar-jar</value>
                </evidence>
                <evidence>
                    <source>Manifest</source>
                    <name>Implementation-Title</name>
                    <value>com.ivata.groupware.business.calendar</value>
                </evidence>
                <evidence>
                    <source>Manifest</source>
                    <name>Implementation-Vendor</name>
                    <value>ivata</value>
                </evidence>
                <evidence>
                    <source>Manifest</source>
                    <name>specification-title</name>
                    <value>Calendar JAR for ivata op.</value>
                </evidence>
                <evidence>
                    <source>Manifest</source>
                    <name>specification-vendor</name>
                    <value>ivata</value>
                </evidence>
            </evidenceCollected>
        </dependency>
        <dependency>
            <fileName>ivatagroupware-htmlparser-jar-0.11.3.jar</fileName>
            <filePath>/home/bcraig/Documents/Thesis/Analysis/reports/ivatagroupware/Source/ivatagroupware-htmlparser-jar-0.11.3.jar</filePath>
            <md5>60438AB5CB624069DC5C82BC70719B95</md5>
            <sha1>62E64CF494F99DCF02B3426ACC7098399C43FF10</sha1>
            <evidenceCollected>
                <evidence>
                    <source>file</source>
                    <name>name</name>
                    <value>ivatagroupware-htmlparser-jar-0.11.3</value>
                </evidence>
                <evidence>
                    <source>jar</source>
                    <name>package</name>
                    <value>format</value>
                </evidence>
                <evidence>
                    <source>jar</source>
                    <name>package</name>
                    <value>groupware</value>
                </evidence>
                <evidence>
                    <source>jar</source>
                    <name>package</name>
                    <value>ivata</value>
                </evidence>
                <evidence>
                    <source>jar</source>
                    <name>package</name>
                    <value>web</value>
                </evidence>
                <evidence>
                    <source>jar</source>
                    <name>package name</name>
                    <value>groupware</value>
                </evidence>
                <evidence>
                    <source>jar</source>
                    <name>package name</name>
                    <value>ivata</value>
                </evidence>
                <evidence>
                    <source>Manifest</source>
                    <name>extension-name</name>
                    <value>ivatagroupware-htmlparser-jar</value>
                </evidence>
                <evidence>
                    <source>Manifest</source>
                    <name>Implementation-Title</name>
                    <value>com.ivata.groupware</value>
                </evidence>
                <evidence>
                    <source>Manifest</source>
                    <name>Implementation-Vendor</name>
                    <value>ivata</value>
                </evidence>
                <evidence>
                    <source>Manifest</source>
                    <name>specification-title</name>
                    <value>HTML Parser JAR.</value>
                </evidence>
                <evidence>
                    <source>Manifest</source>
                    <name>specification-vendor</name>
                    <value>ivata</value>
                </evidence>
            </evidenceCollected>
        </dependency>
    </dependencies>
</analysis>