<?xml version="1.0"?>
<analysis xmlns="https://www.owasp.org/index.php/OWASP_Dependency_Check">
    <projectInfo>
        <name>jasperreports</name>
        <reportDate>Feb 8, 2014 11:53:45 AM</reportDate>
        <credits>This report contains data retrieved from the National Vulnerability Database: http://nvd.nist.gov</credits>
    </projectInfo>
    <dependencies>
        <dependency>
            <fileName>jasperreports-3.7.4.jar</fileName>
            <filePath>/home/bcraig/Documents/Thesis/Analysis/reports/jasperreports/Source/jasperreports-3.7.4.jar</filePath>
            <md5>08EC1E87ADF29CA0744CB273D4E7FEC0</md5>
            <sha1>68D5EDBBE3B30EB8DCC37A60DB5EC0F80D8ABCE5</sha1>
            <evidenceCollected>
                <evidence>
                    <source>file</source>
                    <name>name</name>
                    <value>jasperreports-3.7.4</value>
                </evidence>
                <evidence>
                    <source>jar</source>
                    <name>package</name>
                    <value>engine</value>
                </evidence>
                <evidence>
                    <source>jar</source>
                    <name>package</name>
                    <value>jasperreports</value>
                </evidence>
                <evidence>
                    <source>jar</source>
                    <name>package</name>
                    <value>net</value>
                </evidence>
                <evidence>
                    <source>jar</source>
                    <name>package</name>
                    <value>sf</value>
                </evidence>
            </evidenceCollected>
        </dependency>
        <dependency>
            <fileName>jasperreports-javaflow-3.7.4.jar</fileName>
            <filePath>/home/bcraig/Documents/Thesis/Analysis/reports/jasperreports/Source/jasperreports-javaflow-3.7.4.jar</filePath>
            <md5>9CE820BC4F1B8423A9C9E2262B40A8C8</md5>
            <sha1>C1876E6F965EA978D9F7343774A6F136D8FD72FE</sha1>
            <evidenceCollected>
                <evidence>
                    <source>file</source>
                    <name>name</name>
                    <value>jasperreports-javaflow-3.7.4</value>
                </evidence>
                <evidence>
                    <source>jar</source>
                    <name>package</name>
                    <value>engine</value>
                </evidence>
                <evidence>
                    <source>jar</source>
                    <name>package</name>
                    <value>jasperreports</value>
                </evidence>
                <evidence>
                    <source>jar</source>
                    <name>package</name>
                    <value>net</value>
                </evidence>
                <evidence>
                    <source>jar</source>
                    <name>package</name>
                    <value>sf</value>
                </evidence>
            </evidenceCollected>
        </dependency>
        <dependency>
            <fileName>jasperreports-fonts-3.7.4.jar</fileName>
            <filePath>/home/bcraig/Documents/Thesis/Analysis/reports/jasperreports/Source/jasperreports-fonts-3.7.4.jar</filePath>
            <md5>82D55BBB5616FF1A81C8B3EEF06C151B</md5>
            <sha1>799A4DF01370E7B678002810BB08CDFB03BD3C10</sha1>
            <evidenceCollected>
                <evidence>
                    <source>file</source>
                    <name>name</name>
                    <value>jasperreports-fonts-3.7.4</value>
                </evidence>
            </evidenceCollected>
        </dependency>
        <dependency>
            <fileName>jasperreports-applet-3.7.4.jar</fileName>
            <filePath>/home/bcraig/Documents/Thesis/Analysis/reports/jasperreports/Source/jasperreports-applet-3.7.4.jar</filePath>
            <md5>152D79B1601725ED1242BDDF57329E19</md5>
            <sha1>87F382200D4BBD639D36B4A8D9549B9F59EA8D6E</sha1>
            <evidenceCollected>
                <evidence>
                    <source>file</source>
                    <name>name</name>
                    <value>jasperreports-applet-3.7.4</value>
                </evidence>
                <evidence>
                    <source>jar</source>
                    <name>package</name>
                    <value>engine</value>
                </evidence>
                <evidence>
                    <source>jar</source>
                    <name>package</name>
                    <value>jasperreports</value>
                </evidence>
                <evidence>
                    <source>jar</source>
                    <name>package</name>
                    <value>net</value>
                </evidence>
                <evidence>
                    <source>jar</source>
                    <name>package</name>
                    <value>sf</value>
                </evidence>
            </evidenceCollected>
        </dependency>
    </dependencies>
</analysis>