<?xml version="1.0"?>
<analysis xmlns="https://www.owasp.org/index.php/OWASP_Dependency_Check">
    <projectInfo>
        <name>jgrapht</name>
        <reportDate>Feb 8, 2014 11:57:48 AM</reportDate>
        <credits>This report contains data retrieved from the National Vulnerability Database: http://nvd.nist.gov</credits>
    </projectInfo>
    <dependencies>
        <dependency>
            <fileName>jgrapht-jdk1.6.jar</fileName>
            <filePath>/home/bcraig/Documents/Thesis/Analysis/reports/jgrapht/Source/jgrapht-jdk1.6.jar</filePath>
            <md5>C3AEB488E781173C705294C48248F79D</md5>
            <sha1>5BF27C4007EE8E28BD63469799A05F587AE1D82C</sha1>
            <evidenceCollected>
                <evidence>
                    <source>file</source>
                    <name>name</name>
                    <value>jgrapht-jdk1.6</value>
                </evidence>
                <evidence>
                    <source>jar</source>
                    <name>package</name>
                    <value>jgrapht</value>
                </evidence>
                <evidence>
                    <source>jar</source>
                    <name>package name</name>
                    <value>graph</value>
                </evidence>
                <evidence>
                    <source>jar</source>
                    <name>package name</name>
                    <value>jgrapht</value>
                </evidence>
                <evidence>
                    <source>Manifest</source>
                    <name>specification-title</name>
                    <value>jgrapht</value>
                </evidence>
            </evidenceCollected>
        </dependency>
    </dependencies>
</analysis>