<?xml version="1.0"?>
<analysis xmlns="https://www.owasp.org/index.php/OWASP_Dependency_Check">
    <projectInfo>
        <name>jgraph</name>
        <reportDate>Feb 8, 2014 11:57:15 AM</reportDate>
        <credits>This report contains data retrieved from the National Vulnerability Database: http://nvd.nist.gov</credits>
    </projectInfo>
    <dependencies>
        <dependency>
            <fileName>jgraph-latest-bsd-src.jar</fileName>
            <filePath>/home/bcraig/Documents/Thesis/Analysis/reports/jgraph/Source/jgraph-latest-bsd-src.jar</filePath>
            <md5>16B0E3AF6C5AC3E776D9C95E9A1F54FE</md5>
            <sha1>A9CE3832113B9AE67B5B119449140FCACAFA6979</sha1>
            <evidenceCollected>
                <evidence>
                    <source>file</source>
                    <name>name</name>
                    <value>jgraph-latest-bsd-src</value>
                </evidence>
            </evidenceCollected>
        </dependency>
        <dependency>
            <fileName>jgraph.jar</fileName>
            <filePath>/home/bcraig/Documents/Thesis/Analysis/reports/jgraph/Source/jgraph.jar</filePath>
            <md5>7A654F579658A1422BEB3F937E76FFA0</md5>
            <sha1>577A30B3C2CF7DECBB68471F5C96BFA1647B98DD</sha1>
            <evidenceCollected>
                <evidence>
                    <source>file</source>
                    <name>name</name>
                    <value>jgraph</value>
                </evidence>
                <evidence>
                    <source>jar</source>
                    <name>package</name>
                    <value>jgraph</value>
                </evidence>
            </evidenceCollected>
        </dependency>
        <dependency>
            <fileName>jgraph-latest-bsd.jar</fileName>
            <filePath>/home/bcraig/Documents/Thesis/Analysis/reports/jgraph/Source/jgraph-latest-bsd.jar</filePath>
            <md5>C2A119302B05A776CA149949B9FC5F0B</md5>
            <sha1>E3E459B98B7AA8CFC096347A45579BAD4DDB77A3</sha1>
            <evidenceCollected>
                <evidence>
                    <source>file</source>
                    <name>name</name>
                    <value>jgraph-latest-bsd</value>
                </evidence>
            </evidenceCollected>
        </dependency>
    </dependencies>
</analysis>