<?xml version="1.0"?>
<analysis xmlns="https://www.owasp.org/index.php/OWASP_Dependency_Check">
    <projectInfo>
        <name>jgraphpad</name>
        <reportDate>Feb 8, 2014 11:57:31 AM</reportDate>
        <credits>This report contains data retrieved from the National Vulnerability Database: http://nvd.nist.gov</credits>
    </projectInfo>
    <dependencies>
        <dependency>
            <fileName>jgraphpad.jar</fileName>
            <filePath>/home/bcraig/Documents/Thesis/Analysis/reports/jgraphpad/Source/jgraphpad.jar</filePath>
            <md5>48B78054EEC3A61F5B70B6E80C51687D</md5>
            <sha1>E3AAC62772E7C0683315B58732098D1EEC679807</sha1>
            <evidenceCollected>
                <evidence>
                    <source>file</source>
                    <name>name</name>
                    <value>jgraphpad</value>
                </evidence>
                <evidence>
                    <source>jar</source>
                    <name>package</name>
                    <value>jgraph</value>
                </evidence>
            </evidenceCollected>
        </dependency>
        <dependency>
            <fileName>jgraphpad_lazy.jar</fileName>
            <filePath>/home/bcraig/Documents/Thesis/Analysis/reports/jgraphpad/Source/jgraphpad_lazy.jar</filePath>
            <md5>32559DD392264A781E367CFC26F943F7</md5>
            <sha1>3B77778F6B54E9D3BAF471A790472BE5576F0278</sha1>
            <evidenceCollected>
                <evidence>
                    <source>file</source>
                    <name>name</name>
                    <value>jgraphpad_lazy</value>
                </evidence>
                <evidence>
                    <source>jar</source>
                    <name>package</name>
                    <value>actionsbase</value>
                </evidence>
                <evidence>
                    <source>jar</source>
                    <name>package</name>
                    <value>jgraph</value>
                </evidence>
                <evidence>
                    <source>jar</source>
                    <name>package</name>
                    <value>lazy</value>
                </evidence>
                <evidence>
                    <source>jar</source>
                    <name>package</name>
                    <value>pad</value>
                </evidence>
            </evidenceCollected>
        </dependency>
    </dependencies>
</analysis>