<?xml version="1.0"?>
<analysis xmlns="https://www.owasp.org/index.php/OWASP_Dependency_Check">
    <projectInfo>
        <name>jung</name>
        <reportDate>Feb 8, 2014 12:03:38 PM</reportDate>
        <credits>This report contains data retrieved from the National Vulnerability Database: http://nvd.nist.gov</credits>
    </projectInfo>
    <dependencies>
        <dependency>
            <fileName>jung-visualization-2.0.1.jar</fileName>
            <filePath>/home/bcraig/Documents/Thesis/Analysis/reports/jung/Source/jung-visualization-2.0.1.jar</filePath>
            <md5>1F2C1A907908DE415178A4E06F47A920</md5>
            <sha1>5BB42406CE7D4791EC9782F23C9EEACCB3D64CC1</sha1>
            <description>
  Core visualization support for the jung2 project
  </description>
            <evidenceCollected>
                <evidence>
                    <source>file</source>
                    <name>name</name>
                    <value>jung-visualization-2.0.1</value>
                </evidence>
                <evidence>
                    <source>jar</source>
                    <name>package</name>
                    <value>edu</value>
                </evidence>
                <evidence>
                    <source>jar</source>
                    <name>package</name>
                    <value>ics</value>
                </evidence>
                <evidence>
                    <source>jar</source>
                    <name>package</name>
                    <value>jung</value>
                </evidence>
                <evidence>
                    <source>jar</source>
                    <name>package</name>
                    <value>uci</value>
                </evidence>
                <evidence>
                    <source>jar</source>
                    <name>package name</name>
                    <value>jung</value>
                </evidence>
                <evidence>
                    <source>pom</source>
                    <name>artifactid</name>
                    <value>jung-visualization</value>
                </evidence>
                <evidence>
                    <source>pom</source>
                    <name>artifactid</name>
                    <value>jung-visualization</value>
                </evidence>
                <evidence>
                    <source>pom</source>
                    <name>description</name>
                    <value>Core visualization support for the jung2 project</value>
                </evidence>
                <evidence>
                    <source>pom</source>
                    <name>name</name>
                    <value>jung-visualization</value>
                </evidence>
            </evidenceCollected>
        </dependency>
        <dependency>
            <fileName>jung-graph-impl-2.0.1.jar</fileName>
            <filePath>/home/bcraig/Documents/Thesis/Analysis/reports/jung/Source/jung-graph-impl-2.0.1.jar</filePath>
            <md5>256AD79C79236602E596D35D38EE59F0</md5>
            <sha1>FC8ADFE53E93A3133CDBB7EED942DD91C7099352</sha1>
            <description>
  Graph implementations for the jung2 project
  </description>
            <evidenceCollected>
                <evidence>
                    <source>file</source>
                    <name>name</name>
                    <value>jung-graph-impl-2.0.1</value>
                </evidence>
                <evidence>
                    <source>jar</source>
                    <name>package</name>
                    <value>edu</value>
                </evidence>
                <evidence>
                    <source>jar</source>
                    <name>package</name>
                    <value>ics</value>
                </evidence>
                <evidence>
                    <source>jar</source>
                    <name>package</name>
                    <value>jung</value>
                </evidence>
                <evidence>
                    <source>jar</source>
                    <name>package</name>
                    <value>uci</value>
                </evidence>
                <evidence>
                    <source>jar</source>
                    <name>package name</name>
                    <value>jung</value>
                </evidence>
                <evidence>
                    <source>pom</source>
                    <name>artifactid</name>
                    <value>jung-graph-impl</value>
                </evidence>
                <evidence>
                    <source>pom</source>
                    <name>artifactid</name>
                    <value>jung-graph-impl</value>
                </evidence>
                <evidence>
                    <source>pom</source>
                    <name>description</name>
                    <value>Graph implementations for the jung2 project</value>
                </evidence>
                <evidence>
                    <source>pom</source>
                    <name>name</name>
                    <value>jung-graph-impl</value>
                </evidence>
            </evidenceCollected>
        </dependency>
        <dependency>
            <fileName>jung-samples-2.0.1.jar</fileName>
            <filePath>/home/bcraig/Documents/Thesis/Analysis/reports/jung/Source/jung-samples-2.0.1.jar</filePath>
            <md5>11E16B367A2BE65AF4DE1C8103FBB08C</md5>
            <sha1>D498F48DDCC30BFC8752A451785556FCD91C24E7</sha1>
            <description>
  Sample programs using jung2. Nearly all jung2 capabilities are demonstrated here.
  Please study the source code for these examples prior to asking how to do something.
  </description>
            <evidenceCollected>
                <evidence>
                    <source>file</source>
                    <name>name</name>
                    <value>jung-samples-2.0.1</value>
                </evidence>
                <evidence>
                    <source>jar</source>
                    <name>package</name>
                    <value>edu</value>
                </evidence>
                <evidence>
                    <source>jar</source>
                    <name>package</name>
                    <value>ics</value>
                </evidence>
                <evidence>
                    <source>jar</source>
                    <name>package</name>
                    <value>jung</value>
                </evidence>
                <evidence>
                    <source>jar</source>
                    <name>package</name>
                    <value>uci</value>
                </evidence>
                <evidence>
                    <source>jar</source>
                    <name>package name</name>
                    <value>jung</value>
                </evidence>
                <evidence>
                    <source>pom</source>
                    <name>artifactid</name>
                    <value>jung-samples</value>
                </evidence>
                <evidence>
                    <source>pom</source>
                    <name>artifactid</name>
                    <value>jung-samples</value>
                </evidence>
                <evidence>
                    <source>pom</source>
                    <name>description</name>
                    <value>Sample programs using jung2. Nearly all jung2 capabilities are demonstrated here.
  Please study the source code for these examples prior to asking how to do something.</value>
                </evidence>
                <evidence>
                    <source>pom</source>
                    <name>name</name>
                    <value>jung-samples</value>
                </evidence>
            </evidenceCollected>
        </dependency>
        <dependency>
            <fileName>jung-io-2.0.1.jar</fileName>
            <filePath>/home/bcraig/Documents/Thesis/Analysis/reports/jung/Source/jung-io-2.0.1.jar</filePath>
            <md5>DC2D21C73B9401E85823162222F4E1EA</md5>
            <sha1>4575F2E6BDFE5E8E3520C5C4E5A7B496E3F2980C</sha1>
            <description>
  IO support classes for jung2
  </description>
            <evidenceCollected>
                <evidence>
                    <source>file</source>
                    <name>name</name>
                    <value>jung-io-2.0.1</value>
                </evidence>
                <evidence>
                    <source>jar</source>
                    <name>package</name>
                    <value>edu</value>
                </evidence>
                <evidence>
                    <source>jar</source>
                    <name>package</name>
                    <value>ics</value>
                </evidence>
                <evidence>
                    <source>jar</source>
                    <name>package</name>
                    <value>jung</value>
                </evidence>
                <evidence>
                    <source>jar</source>
                    <name>package</name>
                    <value>uci</value>
                </evidence>
                <evidence>
                    <source>jar</source>
                    <name>package name</name>
                    <value>jung</value>
                </evidence>
                <evidence>
                    <source>pom</source>
                    <name>artifactid</name>
                    <value>jung-io</value>
                </evidence>
                <evidence>
                    <source>pom</source>
                    <name>artifactid</name>
                    <value>jung-io</value>
                </evidence>
                <evidence>
                    <source>pom</source>
                    <name>description</name>
                    <value>IO support classes for jung2</value>
                </evidence>
                <evidence>
                    <source>pom</source>
                    <name>name</name>
                    <value>jung-io</value>
                </evidence>
            </evidenceCollected>
        </dependency>
        <dependency>
            <fileName>jung-algorithms-2.0.1.jar</fileName>
            <filePath>/home/bcraig/Documents/Thesis/Analysis/reports/jung/Source/jung-algorithms-2.0.1.jar</filePath>
            <md5>BAD1643AE3D34658B2F6450B28C0D033</md5>
            <sha1>BDCBC51748D98ADF41DADB19E232219ECB25E05F</sha1>
            <description>
  Algorithms for the jung2 project
  </description>
            <evidenceCollected>
                <evidence>
                    <source>file</source>
                    <name>name</name>
                    <value>jung-algorithms-2.0.1</value>
                </evidence>
                <evidence>
                    <source>jar</source>
                    <name>package</name>
                    <value>edu</value>
                </evidence>
                <evidence>
                    <source>jar</source>
                    <name>package</name>
                    <value>ics</value>
                </evidence>
                <evidence>
                    <source>jar</source>
                    <name>package</name>
                    <value>jung</value>
                </evidence>
                <evidence>
                    <source>jar</source>
                    <name>package</name>
                    <value>uci</value>
                </evidence>
                <evidence>
                    <source>jar</source>
                    <name>package name</name>
                    <value>jung</value>
                </evidence>
                <evidence>
                    <source>pom</source>
                    <name>artifactid</name>
                    <value>jung-algorithms</value>
                </evidence>
                <evidence>
                    <source>pom</source>
                    <name>artifactid</name>
                    <value>jung-algorithms</value>
                </evidence>
                <evidence>
                    <source>pom</source>
                    <name>description</name>
                    <value>Algorithms for the jung2 project</value>
                </evidence>
                <evidence>
                    <source>pom</source>
                    <name>name</name>
                    <value>jung-algorithms</value>
                </evidence>
            </evidenceCollected>
        </dependency>
        <dependency>
            <fileName>jung-3d-demos-2.0.1.jar</fileName>
            <filePath>/home/bcraig/Documents/Thesis/Analysis/reports/jung/Source/jung-3d-demos-2.0.1.jar</filePath>
            <md5>741E003FB90BA41E932C7B1FBC1D8D08</md5>
            <sha1>6A4B97D4002A45CD5D2B0B478C05A3042C4C056E</sha1>
            <description>
  Demo programs for java3d based graph rendering project
  </description>
            <evidenceCollected>
                <evidence>
                    <source>file</source>
                    <name>name</name>
                    <value>jung-3d-demos-2.0.1</value>
                </evidence>
                <evidence>
                    <source>jar</source>
                    <name>package</name>
                    <value>edu</value>
                </evidence>
                <evidence>
                    <source>jar</source>
                    <name>package</name>
                    <value>ics</value>
                </evidence>
                <evidence>
                    <source>jar</source>
                    <name>package</name>
                    <value>jung</value>
                </evidence>
                <evidence>
                    <source>jar</source>
                    <name>package</name>
                    <value>uci</value>
                </evidence>
                <evidence>
                    <source>jar</source>
                    <name>package name</name>
                    <value>jung</value>
                </evidence>
                <evidence>
                    <source>pom</source>
                    <name>artifactid</name>
                    <value>jung-3d-demos</value>
                </evidence>
                <evidence>
                    <source>pom</source>
                    <name>artifactid</name>
                    <value>jung-3d-demos</value>
                </evidence>
                <evidence>
                    <source>pom</source>
                    <name>description</name>
                    <value>Demo programs for java3d based graph rendering project</value>
                </evidence>
                <evidence>
                    <source>pom</source>
                    <name>name</name>
                    <value>jung-3d-demos</value>
                </evidence>
            </evidenceCollected>
        </dependency>
        <dependency>
            <fileName>jung-api-2.0.1.jar</fileName>
            <filePath>/home/bcraig/Documents/Thesis/Analysis/reports/jung/Source/jung-api-2.0.1.jar</filePath>
            <md5>ABF20BFE3986493E6D84A029195CECBC</md5>
            <sha1>66CA3699CDBF17F9825085909B18E71813ECE7FE</sha1>
            <description>
  Graph interfaces used by the jung2 project
  </description>
            <evidenceCollected>
                <evidence>
                    <source>file</source>
                    <name>name</name>
                    <value>jung-api-2.0.1</value>
                </evidence>
                <evidence>
                    <source>jar</source>
                    <name>package</name>
                    <value>edu</value>
                </evidence>
                <evidence>
                    <source>jar</source>
                    <name>package</name>
                    <value>ics</value>
                </evidence>
                <evidence>
                    <source>jar</source>
                    <name>package</name>
                    <value>jung</value>
                </evidence>
                <evidence>
                    <source>jar</source>
                    <name>package</name>
                    <value>uci</value>
                </evidence>
                <evidence>
                    <source>jar</source>
                    <name>package name</name>
                    <value>jung</value>
                </evidence>
                <evidence>
                    <source>pom</source>
                    <name>artifactid</name>
                    <value>jung-api</value>
                </evidence>
                <evidence>
                    <source>pom</source>
                    <name>artifactid</name>
                    <value>jung-api</value>
                </evidence>
                <evidence>
                    <source>pom</source>
                    <name>description</name>
                    <value>Graph interfaces used by the jung2 project</value>
                </evidence>
                <evidence>
                    <source>pom</source>
                    <name>name</name>
                    <value>jung-api</value>
                </evidence>
            </evidenceCollected>
        </dependency>
        <dependency>
            <fileName>jung-jai-samples-2.0.1.jar</fileName>
            <filePath>/home/bcraig/Documents/Thesis/Analysis/reports/jung/Source/jung-jai-samples-2.0.1.jar</filePath>
            <md5>98AB97975BE24F5A96AEEC57088BBC08</md5>
            <sha1>144268BD95145E01556FC89244B183344FF105D9</sha1>
            <description>
  Demos for the jung-jai (Java Advanced Imaging) project
  </description>
            <evidenceCollected>
                <evidence>
                    <source>file</source>
                    <name>name</name>
                    <value>jung-jai-samples-2.0.1</value>
                </evidence>
                <evidence>
                    <source>jar</source>
                    <name>package</name>
                    <value>edu</value>
                </evidence>
                <evidence>
                    <source>jar</source>
                    <name>package</name>
                    <value>ics</value>
                </evidence>
                <evidence>
                    <source>jar</source>
                    <name>package</name>
                    <value>jung</value>
                </evidence>
                <evidence>
                    <source>jar</source>
                    <name>package</name>
                    <value>uci</value>
                </evidence>
                <evidence>
                    <source>jar</source>
                    <name>package name</name>
                    <value>jung</value>
                </evidence>
                <evidence>
                    <source>pom</source>
                    <name>artifactid</name>
                    <value>jung-jai-samples</value>
                </evidence>
                <evidence>
                    <source>pom</source>
                    <name>artifactid</name>
                    <value>jung-jai-samples</value>
                </evidence>
                <evidence>
                    <source>pom</source>
                    <name>description</name>
                    <value>Demos for the jung-jai (Java Advanced Imaging) project</value>
                </evidence>
                <evidence>
                    <source>pom</source>
                    <name>name</name>
                    <value>jung-jai-samples</value>
                </evidence>
            </evidenceCollected>
        </dependency>
        <dependency>
            <fileName>jung-jai-2.0.1.jar</fileName>
            <filePath>/home/bcraig/Documents/Thesis/Analysis/reports/jung/Source/jung-jai-2.0.1.jar</filePath>
            <md5>901BF47D5A6A058842801DB5E6EA0D7D</md5>
            <sha1>A50B320514200B2267ADF8549752EA7BCB95F42D</sha1>
            <description>
  Jung2 rendering project that uses Java Advanced Imaging (JAI) for non-affine transforms
  </description>
            <evidenceCollected>
                <evidence>
                    <source>file</source>
                    <name>name</name>
                    <value>jung-jai-2.0.1</value>
                </evidence>
                <evidence>
                    <source>jar</source>
                    <name>package</name>
                    <value>edu</value>
                </evidence>
                <evidence>
                    <source>jar</source>
                    <name>package</name>
                    <value>ics</value>
                </evidence>
                <evidence>
                    <source>jar</source>
                    <name>package</name>
                    <value>jung</value>
                </evidence>
                <evidence>
                    <source>jar</source>
                    <name>package</name>
                    <value>uci</value>
                </evidence>
                <evidence>
                    <source>jar</source>
                    <name>package name</name>
                    <value>jung</value>
                </evidence>
                <evidence>
                    <source>pom</source>
                    <name>artifactid</name>
                    <value>jung-jai</value>
                </evidence>
                <evidence>
                    <source>pom</source>
                    <name>artifactid</name>
                    <value>jung-jai</value>
                </evidence>
                <evidence>
                    <source>pom</source>
                    <name>description</name>
                    <value>Jung2 rendering project that uses Java Advanced Imaging (JAI) for non-affine transforms</value>
                </evidence>
                <evidence>
                    <source>pom</source>
                    <name>name</name>
                    <value>jung-jai</value>
                </evidence>
            </evidenceCollected>
        </dependency>
        <dependency>
            <fileName>jung-3d-2.0.1.jar</fileName>
            <filePath>/home/bcraig/Documents/Thesis/Analysis/reports/jung/Source/jung-3d-2.0.1.jar</filePath>
            <md5>94B43A58950ECF3B65617DD1BF1A4861</md5>
            <sha1>B31C9731728A42F70979F9875BCD22FD51D6671C</sha1>
            <description>
  Experimental java3d-based graph rendering project
  </description>
            <evidenceCollected>
                <evidence>
                    <source>file</source>
                    <name>name</name>
                    <value>jung-3d-2.0.1</value>
                </evidence>
                <evidence>
                    <source>jar</source>
                    <name>package</name>
                    <value>edu</value>
                </evidence>
                <evidence>
                    <source>jar</source>
                    <name>package</name>
                    <value>ics</value>
                </evidence>
                <evidence>
                    <source>jar</source>
                    <name>package</name>
                    <value>jung</value>
                </evidence>
                <evidence>
                    <source>jar</source>
                    <name>package</name>
                    <value>uci</value>
                </evidence>
                <evidence>
                    <source>jar</source>
                    <name>package name</name>
                    <value>jung</value>
                </evidence>
                <evidence>
                    <source>pom</source>
                    <name>artifactid</name>
                    <value>jung-3d</value>
                </evidence>
                <evidence>
                    <source>pom</source>
                    <name>artifactid</name>
                    <value>jung-3d</value>
                </evidence>
                <evidence>
                    <source>pom</source>
                    <name>description</name>
                    <value>Experimental java3d-based graph rendering project</value>
                </evidence>
                <evidence>
                    <source>pom</source>
                    <name>name</name>
                    <value>jung-3d</value>
                </evidence>
            </evidenceCollected>
        </dependency>
    </dependencies>
</analysis>