<?xml version="1.0"?>
<analysis xmlns="https://www.owasp.org/index.php/OWASP_Dependency_Check">
    <projectInfo>
        <name>mvnforum</name>
        <reportDate>Feb 8, 2014 12:06:18 PM</reportDate>
        <credits>This report contains data retrieved from the National Vulnerability Database: http://nvd.nist.gov</credits>
    </projectInfo>
    <dependencies>
        <dependency>
            <fileName>mvntools.jar</fileName>
            <filePath>/home/bcraig/Documents/Thesis/Analysis/reports/mvnforum/Source/mvntools.jar</filePath>
            <md5>501B1AFE52F1FD79143EBACE3E122DCF</md5>
            <sha1>D0EC101FFB189C95AF1B7DD7DA69C487F0EB85AA</sha1>
            <evidenceCollected>
                <evidence>
                    <source>file</source>
                    <name>name</name>
                    <value>mvntools</value>
                </evidence>
            </evidenceCollected>
        </dependency>
        <dependency>
            <fileName>mvnad.jar</fileName>
            <filePath>/home/bcraig/Documents/Thesis/Analysis/reports/mvnforum/Source/mvnad.jar</filePath>
            <md5>AFA2E34C20929ECC3C981E1F1CF2477F</md5>
            <sha1>B045DD33F605AF838B282DBDDF23F75A32FFCE69</sha1>
            <evidenceCollected>
                <evidence>
                    <source>file</source>
                    <name>name</name>
                    <value>mvnad</value>
                </evidence>
                <evidence>
                    <source>jar</source>
                    <name>package</name>
                    <value>mvnad</value>
                </evidence>
                <evidence>
                    <source>jar</source>
                    <name>package</name>
                    <value>mvnsoft</value>
                </evidence>
            </evidenceCollected>
        </dependency>
        <dependency>
            <fileName>mvnforum.jar</fileName>
            <filePath>/home/bcraig/Documents/Thesis/Analysis/reports/mvnforum/Source/mvnforum.jar</filePath>
            <md5>70FC31BAC28A5BE0FF6BECB43EDD9E51</md5>
            <sha1>34C9E46C0BC310861E4614CCE380E44BCBC3D4C7</sha1>
            <evidenceCollected>
                <evidence>
                    <source>file</source>
                    <name>name</name>
                    <value>mvnforum</value>
                </evidence>
                <evidence>
                    <source>jar</source>
                    <name>package</name>
                    <value>mvnforum</value>
                </evidence>
            </evidenceCollected>
            <identifiers>
                <identifier type="cpe">
                    <name>(cpe:/a:mvnforum:mvnforum:-)</name>
                </identifier>
            </identifiers>
        </dependency>
    </dependencies>
</analysis>