<?xml version="1.0"?>
<analysis xmlns="https://www.owasp.org/index.php/OWASP_Dependency_Check">
    <projectInfo>
        <name>nekohtml</name>
        <reportDate>Feb 8, 2014 12:07:26 PM</reportDate>
        <credits>This report contains data retrieved from the National Vulnerability Database: http://nvd.nist.gov</credits>
    </projectInfo>
    <dependencies>
        <dependency>
            <fileName>nekohtml.jar</fileName>
            <filePath>/home/bcraig/Documents/Thesis/Analysis/reports/nekohtml/Source/nekohtml.jar</filePath>
            <md5>FAFE5CA0F32566903D0878695CD5DA2E</md5>
            <sha1>7B0D9BBDF5C73D6A67F474AAB3F8BD1232EEA1FC</sha1>
            <evidenceCollected>
                <evidence>
                    <source>file</source>
                    <name>name</name>
                    <value>nekohtml</value>
                </evidence>
                <evidence>
                    <source>jar</source>
                    <name>package</name>
                    <value>cyberneko</value>
                </evidence>
                <evidence>
                    <source>jar</source>
                    <name>package</name>
                    <value>html</value>
                </evidence>
            </evidenceCollected>
        </dependency>
        <dependency>
            <fileName>nekohtmlSamples.jar</fileName>
            <filePath>/home/bcraig/Documents/Thesis/Analysis/reports/nekohtml/Source/nekohtmlSamples.jar</filePath>
            <md5>EABB7FD46E0D663F806E197489F6402F</md5>
            <sha1>830BD1E96550AFD806D1A66D9B1AABE96D00550D</sha1>
            <evidenceCollected>
                <evidence>
                    <source>file</source>
                    <name>name</name>
                    <value>nekohtmlSamples</value>
                </evidence>
                <evidence>
                    <source>jar</source>
                    <name>package</name>
                    <value>sample</value>
                </evidence>
            </evidenceCollected>
        </dependency>
    </dependencies>
</analysis>