<?xml version="1.0"?>
<analysis xmlns="https://www.owasp.org/index.php/OWASP_Dependency_Check">
    <projectInfo>
        <name>pmd</name>
        <reportDate>Feb 8, 2014 12:10:15 PM</reportDate>
        <credits>This report contains data retrieved from the National Vulnerability Database: http://nvd.nist.gov</credits>
    </projectInfo>
    <dependencies>
        <dependency>
            <fileName>pmd14-4.2.5.jar</fileName>
            <filePath>/home/bcraig/Documents/Thesis/Analysis/reports/pmd/Source/pmd14-4.2.5.jar</filePath>
            <md5>9B811D3EAE4AB42BC5A21914B4658685</md5>
            <sha1>50789716021ABDA39C1A27527A32C40313E5DE84</sha1>
            <evidenceCollected>
                <evidence>
                    <source>file</source>
                    <name>name</name>
                    <value>pmd14-4.2.5</value>
                </evidence>
                <evidence>
                    <source>jar</source>
                    <name>package</name>
                    <value>net</value>
                </evidence>
                <evidence>
                    <source>jar</source>
                    <name>package</name>
                    <value>pmd</value>
                </evidence>
                <evidence>
                    <source>jar</source>
                    <name>package</name>
                    <value>sourceforge</value>
                </evidence>
            </evidenceCollected>
        </dependency>
        <dependency>
            <fileName>pmd-src-4.2.5.jar</fileName>
            <filePath>/home/bcraig/Documents/Thesis/Analysis/reports/pmd/Source/pmd-src-4.2.5.jar</filePath>
            <md5>A4E6F10FA598BCF24999D84BB7F7B23E</md5>
            <sha1>6AAEA1E2BC0E3BA4ECC551C1E4BD235C837202B7</sha1>
            <evidenceCollected>
                <evidence>
                    <source>file</source>
                    <name>name</name>
                    <value>pmd-src-4.2.5</value>
                </evidence>
            </evidenceCollected>
        </dependency>
        <dependency>
            <fileName>pmd-4.2.5.jar</fileName>
            <filePath>/home/bcraig/Documents/Thesis/Analysis/reports/pmd/Source/pmd-4.2.5.jar</filePath>
            <md5>71AE82354C0D0CAD12604CD01AF6585E</md5>
            <sha1>03F9B5AB710C32D03348061056DFB4D2272332B4</sha1>
            <evidenceCollected>
                <evidence>
                    <source>file</source>
                    <name>name</name>
                    <value>pmd-4.2.5</value>
                </evidence>
                <evidence>
                    <source>jar</source>
                    <name>package</name>
                    <value>net</value>
                </evidence>
                <evidence>
                    <source>jar</source>
                    <name>package</name>
                    <value>pmd</value>
                </evidence>
                <evidence>
                    <source>jar</source>
                    <name>package</name>
                    <value>sourceforge</value>
                </evidence>
            </evidenceCollected>
        </dependency>
        <dependency>
            <fileName>pmd14-test-4.2.5.jar</fileName>
            <filePath>/home/bcraig/Documents/Thesis/Analysis/reports/pmd/Source/pmd14-test-4.2.5.jar</filePath>
            <md5>DE3596519ED15469723F34A82B321638</md5>
            <sha1>68BF0D47892BCFC6A860360EC8B960066A9C6D86</sha1>
            <evidenceCollected>
                <evidence>
                    <source>file</source>
                    <name>name</name>
                    <value>pmd14-test-4.2.5</value>
                </evidence>
                <evidence>
                    <source>jar</source>
                    <name>package</name>
                    <value>net</value>
                </evidence>
                <evidence>
                    <source>jar</source>
                    <name>package</name>
                    <value>pmd</value>
                </evidence>
                <evidence>
                    <source>jar</source>
                    <name>package</name>
                    <value>sourceforge</value>
                </evidence>
                <evidence>
                    <source>jar</source>
                    <name>package</name>
                    <value>test</value>
                </evidence>
            </evidenceCollected>
        </dependency>
    </dependencies>
</analysis>