<?xml version="1.0"?>
<analysis xmlns="https://www.owasp.org/index.php/OWASP_Dependency_Check">
    <projectInfo>
        <name>proguard</name>
        <reportDate>Feb 8, 2014 12:11:08 PM</reportDate>
        <credits>This report contains data retrieved from the National Vulnerability Database: http://nvd.nist.gov</credits>
    </projectInfo>
    <dependencies>
        <dependency>
            <fileName>proguardgui.jar</fileName>
            <filePath>/home/bcraig/Documents/Thesis/Analysis/reports/proguard/Source/proguardgui.jar</filePath>
            <md5>F692DC06F0642536DCEF458DE1BF9475</md5>
            <sha1>773A1812402505E5CCDFFE1B80D6B2BF739FD295</sha1>
            <evidenceCollected>
                <evidence>
                    <source>file</source>
                    <name>name</name>
                    <value>proguardgui</value>
                </evidence>
                <evidence>
                    <source>jar</source>
                    <name>package</name>
                    <value>gui</value>
                </evidence>
                <evidence>
                    <source>jar</source>
                    <name>package</name>
                    <value>proguard</value>
                </evidence>
            </evidenceCollected>
        </dependency>
        <dependency>
            <fileName>proguard.jar</fileName>
            <filePath>/home/bcraig/Documents/Thesis/Analysis/reports/proguard/Source/proguard.jar</filePath>
            <md5>7511E732D936DDA7396B4D6DA3647572</md5>
            <sha1>2FA63B089FD7AE9B58EEFBB8CAD6867E5AB2C34C</sha1>
            <evidenceCollected>
                <evidence>
                    <source>file</source>
                    <name>name</name>
                    <value>proguard</value>
                </evidence>
                <evidence>
                    <source>jar</source>
                    <name>package</name>
                    <value>proguard</value>
                </evidence>
            </evidenceCollected>
        </dependency>
    </dependencies>
</analysis>