<?xml version="1.0"?>
<analysis xmlns="https://www.owasp.org/index.php/OWASP_Dependency_Check">
    <projectInfo>
        <name>quickserver</name>
        <reportDate>Feb 8, 2014 12:11:50 PM</reportDate>
        <credits>This report contains data retrieved from the National Vulnerability Database: http://nvd.nist.gov</credits>
    </projectInfo>
    <dependencies>
        <dependency>
            <fileName>QSAdminGUI.jar</fileName>
            <filePath>/home/bcraig/Documents/Thesis/Analysis/reports/quickserver/Source/QSAdminGUI.jar</filePath>
            <md5>A9C0E2BCA5E41B759B3AAE4A58DF92A4</md5>
            <sha1>84E92B79C9553611BD9E1A375320D3EC6A8EFE92</sha1>
            <evidenceCollected>
                <evidence>
                    <source>file</source>
                    <name>name</name>
                    <value>QSAdminGUI</value>
                </evidence>
                <evidence>
                    <source>jar</source>
                    <name>package</name>
                    <value>gui</value>
                </evidence>
                <evidence>
                    <source>jar</source>
                    <name>package</name>
                    <value>net</value>
                </evidence>
                <evidence>
                    <source>jar</source>
                    <name>package</name>
                    <value>qsadmin</value>
                </evidence>
                <evidence>
                    <source>jar</source>
                    <name>package</name>
                    <value>quickserver</value>
                </evidence>
                <evidence>
                    <source>jar</source>
                    <name>package name</name>
                    <value>quickserver</value>
                </evidence>
                <evidence>
                    <source>Manifest</source>
                    <name>library-author</name>
                    <value>Akshathkumar Shetty</value>
                </evidence>
                <evidence>
                    <source>Manifest</source>
                    <name>library-author-email</name>
                    <value>akshath@quickserver.org</value>
                </evidence>
                <evidence>
                    <source>Manifest</source>
                    <name>library-homepage</name>
                    <value>http://www.quickserver.org</value>
                </evidence>
                <evidence>
                    <source>Manifest</source>
                    <name>specification-title</name>
                    <value>QuickServer</value>
                </evidence>
            </evidenceCollected>
        </dependency>
        <dependency>
            <fileName>QuickServer.jar</fileName>
            <filePath>/home/bcraig/Documents/Thesis/Analysis/reports/quickserver/Source/QuickServer.jar</filePath>
            <md5>347170003D6B7CB506A121E0CE29CCD2</md5>
            <sha1>246FB8ACF254C0D440005475BB1676220471B9BC</sha1>
            <evidenceCollected>
                <evidence>
                    <source>file</source>
                    <name>name</name>
                    <value>QuickServer</value>
                </evidence>
                <evidence>
                    <source>jar</source>
                    <name>package</name>
                    <value>quickserver</value>
                </evidence>
                <evidence>
                    <source>jar</source>
                    <name>package name</name>
                    <value>quickserver</value>
                </evidence>
                <evidence>
                    <source>jar</source>
                    <name>package name</name>
                    <value>server</value>
                </evidence>
                <evidence>
                    <source>Manifest</source>
                    <name>library-author</name>
                    <value>Akshathkumar Shetty</value>
                </evidence>
                <evidence>
                    <source>Manifest</source>
                    <name>library-author-email</name>
                    <value>akshath@quickserver.org</value>
                </evidence>
                <evidence>
                    <source>Manifest</source>
                    <name>library-homepage</name>
                    <value>http://www.quickserver.org</value>
                </evidence>
                <evidence>
                    <source>Manifest</source>
                    <name>specification-title</name>
                    <value>QuickServer</value>
                </evidence>
            </evidenceCollected>
        </dependency>
    </dependencies>
</analysis>