<?xml version="1.0"?>
<analysis xmlns="https://www.owasp.org/index.php/OWASP_Dependency_Check">
    <projectInfo>
        <name>sablecc</name>
        <reportDate>Feb 8, 2014 12:13:25 PM</reportDate>
        <credits>This report contains data retrieved from the National Vulnerability Database: http://nvd.nist.gov</credits>
    </projectInfo>
    <dependencies>
        <dependency>
            <fileName>sablecc.jar</fileName>
            <filePath>/home/bcraig/Documents/Thesis/Analysis/reports/sablecc/Source/sablecc.jar</filePath>
            <md5>045D14B0BB0A78C186DE481E4EA01072</md5>
            <sha1>8291BA8183557B7904DE4B0A995F6DD69D4798D8</sha1>
            <evidenceCollected>
                <evidence>
                    <source>file</source>
                    <name>name</name>
                    <value>sablecc</value>
                </evidence>
                <evidence>
                    <source>jar</source>
                    <name>package</name>
                    <value>node</value>
                </evidence>
                <evidence>
                    <source>jar</source>
                    <name>package</name>
                    <value>sablecc</value>
                </evidence>
            </evidenceCollected>
        </dependency>
    </dependencies>
</analysis>