<?xml version="1.0"?>
<analysis xmlns="https://www.owasp.org/index.php/OWASP_Dependency_Check">
    <projectInfo>
        <name>springframework</name>
        <reportDate>Feb 8, 2014 12:14:08 PM</reportDate>
        <credits>This report contains data retrieved from the National Vulnerability Database: http://nvd.nist.gov</credits>
    </projectInfo>
    <dependencies>
        <dependency>
            <fileName>org.springframework.context-sources-3.0.5.RELEASE.jar</fileName>
            <filePath>/home/bcraig/Documents/Thesis/Analysis/reports/springframework/Source/org.springframework.context-sources-3.0.5.RELEASE.jar</filePath>
            <md5>6AB80AEEE40E0A0D4245061545EBEB92</md5>
            <sha1>B1F911A36626DC3E134A63FBA5F724D5B29C9589</sha1>
            <evidenceCollected>
                <evidence>
                    <source>file</source>
                    <name>name</name>
                    <value>org.springframework.context-sources-3.0.5.RELEASE</value>
                </evidence>
            </evidenceCollected>
        </dependency>
        <dependency>
            <fileName>org.springframework.jdbc-sources-3.0.5.RELEASE.jar</fileName>
            <filePath>/home/bcraig/Documents/Thesis/Analysis/reports/springframework/Source/org.springframework.jdbc-sources-3.0.5.RELEASE.jar</filePath>
            <md5>369779E1806F7D4647B4A5D6D003A4A6</md5>
            <sha1>C8AC8FF6F389F6D249F51ED0A266FD811537AF9F</sha1>
            <evidenceCollected>
                <evidence>
                    <source>file</source>
                    <name>name</name>
                    <value>org.springframework.jdbc-sources-3.0.5.RELEASE</value>
                </evidence>
            </evidenceCollected>
        </dependency>
        <dependency>
            <fileName>org.springframework.asm-sources-3.0.5.RELEASE.jar</fileName>
            <filePath>/home/bcraig/Documents/Thesis/Analysis/reports/springframework/Source/org.springframework.asm-sources-3.0.5.RELEASE.jar</filePath>
            <md5>A8D98844536CD7F2AB7DA42F52249234</md5>
            <sha1>A7AF48D717C27D3E24C3B91F2EE7DB071580BC5C</sha1>
            <evidenceCollected>
                <evidence>
                    <source>file</source>
                    <name>name</name>
                    <value>org.springframework.asm-sources-3.0.5.RELEASE</value>
                </evidence>
            </evidenceCollected>
        </dependency>
        <dependency>
            <fileName>org.springframework.web.servlet-sources-3.0.5.RELEASE.jar</fileName>
            <filePath>/home/bcraig/Documents/Thesis/Analysis/reports/springframework/Source/org.springframework.web.servlet-sources-3.0.5.RELEASE.jar</filePath>
            <md5>598DC9D599A999191A6D860046373865</md5>
            <sha1>5E2A2355C16938144E50D8981E47832BBCDCEE8D</sha1>
            <evidenceCollected>
                <evidence>
                    <source>file</source>
                    <name>name</name>
                    <value>org.springframework.web.servlet-sources-3.0.5.RELEASE</value>
                </evidence>
            </evidenceCollected>
        </dependency>
        <dependency>
            <fileName>org.springframework.test-sources-3.0.5.RELEASE.jar</fileName>
            <filePath>/home/bcraig/Documents/Thesis/Analysis/reports/springframework/Source/org.springframework.test-sources-3.0.5.RELEASE.jar</filePath>
            <md5>0A2A5FE76E0FD8C8940FE0C59C739669</md5>
            <sha1>1D4BEA4059BC8711933BC322B09875DC3CD3C1C3</sha1>
            <evidenceCollected>
                <evidence>
                    <source>file</source>
                    <name>name</name>
                    <value>org.springframework.test-sources-3.0.5.RELEASE</value>
                </evidence>
            </evidenceCollected>
        </dependency>
        <dependency>
            <fileName>org.springframework.core-3.0.5.RELEASE.jar</fileName>
            <filePath>/home/bcraig/Documents/Thesis/Analysis/reports/springframework/Source/org.springframework.core-3.0.5.RELEASE.jar</filePath>
            <md5>D05FF86057E3E4EC2040C9DCCF732628</md5>
            <sha1>1633E94943D57746EF76910489F1CD71FE667E04</sha1>
            <relatedDependencies>
                <relatedDependency>
                    <filePath>/home/bcraig/Documents/Thesis/Analysis/reports/springframework/Source/org.springframework.aop-3.0.5.RELEASE.jar</filePath>
                    <sha1>0C7A17803CC10512E26E285073639543F0C7C764</sha1>
                    <md5>75503E47C416F8C82B9C7A289CCB9B70</md5>
                </relatedDependency>
                <relatedDependency>
                    <filePath>/home/bcraig/Documents/Thesis/Analysis/reports/springframework/Source/org.springframework.asm-3.0.5.RELEASE.jar</filePath>
                    <sha1>07F22A0E9F325E6565B4EA56B479AD76311D146B</sha1>
                    <md5>956EA9F1937E4CB9247AE381B5D40B4E</md5>
                </relatedDependency>
                <relatedDependency>
                    <filePath>/home/bcraig/Documents/Thesis/Analysis/reports/springframework/Source/org.springframework.aspects-3.0.5.RELEASE.jar</filePath>
                    <sha1>13F585A0EE2575778975EEA0568EC6947E255E41</sha1>
                    <md5>707EC11FA6274F46F5632034670D2397</md5>
                </relatedDependency>
                <relatedDependency>
                    <filePath>/home/bcraig/Documents/Thesis/Analysis/reports/springframework/Source/org.springframework.beans-3.0.5.RELEASE.jar</filePath>
                    <sha1>4B352A9C3B427294E264CA4D460D07417CA9350E</sha1>
                    <md5>660F5655A2DF8AF34520E22C989DA762</md5>
                </relatedDependency>
                <relatedDependency>
                    <filePath>/home/bcraig/Documents/Thesis/Analysis/reports/springframework/Source/org.springframework.context-3.0.5.RELEASE.jar</filePath>
                    <sha1>6B05E397566CC7750D2D25F81A7441FE1AEECB75</sha1>
                    <md5>32765C98EABD1F85A54328E3C4D1A999</md5>
                </relatedDependency>
                <relatedDependency>
                    <filePath>/home/bcraig/Documents/Thesis/Analysis/reports/springframework/Source/org.springframework.context.support-3.0.5.RELEASE.jar</filePath>
                    <sha1>D954C447BF274048BD5A6B7ED575F15CD0924FD0</sha1>
                    <md5>D040BCA1093310D50B8AE59DF21E7BF6</md5>
                </relatedDependency>
                <relatedDependency>
                    <filePath>/home/bcraig/Documents/Thesis/Analysis/reports/springframework/Source/org.springframework.expression-3.0.5.RELEASE.jar</filePath>
                    <sha1>5B8E53877CB58C94F15A0D8172DA3569F4B4F3FB</sha1>
                    <md5>0A572187D1B6DD916508D834A880497B</md5>
                </relatedDependency>
                <relatedDependency>
                    <filePath>/home/bcraig/Documents/Thesis/Analysis/reports/springframework/Source/org.springframework.instrument-3.0.5.RELEASE.jar</filePath>
                    <sha1>E21D62306C949CC68B7BD0127862F363C9041C0A</sha1>
                    <md5>CC431966AB69FAB555FB616F7CF58CB6</md5>
                </relatedDependency>
                <relatedDependency>
                    <filePath>/home/bcraig/Documents/Thesis/Analysis/reports/springframework/Source/org.springframework.instrument.tomcat-3.0.5.RELEASE.jar</filePath>
                    <sha1>4ACAC65E02D875152DD4EE3C67B65397C7D0A647</sha1>
                    <md5>902C09CA4B4A2A5D90E40853765A8409</md5>
                </relatedDependency>
                <relatedDependency>
                    <filePath>/home/bcraig/Documents/Thesis/Analysis/reports/springframework/Source/org.springframework.jdbc-3.0.5.RELEASE.jar</filePath>
                    <sha1>2AF0BAD1D8D681ED2E014B684287ACC448AB30CB</sha1>
                    <md5>0EDA90118A76F38678936538D2191BAD</md5>
                </relatedDependency>
                <relatedDependency>
                    <filePath>/home/bcraig/Documents/Thesis/Analysis/reports/springframework/Source/org.springframework.jms-3.0.5.RELEASE.jar</filePath>
                    <sha1>5A880FD07605747E5A641F78FD8039A761C5865E</sha1>
                    <md5>181FAF34F324EB6A8C2D56F61F184B99</md5>
                </relatedDependency>
                <relatedDependency>
                    <filePath>/home/bcraig/Documents/Thesis/Analysis/reports/springframework/Source/org.springframework.orm-3.0.5.RELEASE.jar</filePath>
                    <sha1>CFF2C955D1A510BAB6E1EB2D1CED309F6EC37CE9</sha1>
                    <md5>927E39F34D90069E37F7D8BE9CBA9A15</md5>
                </relatedDependency>
                <relatedDependency>
                    <filePath>/home/bcraig/Documents/Thesis/Analysis/reports/springframework/Source/org.springframework.oxm-3.0.5.RELEASE.jar</filePath>
                    <sha1>40F68D7E580D4A6154BAFF96C5A42A1945186D49</sha1>
                    <md5>6F3A1DFAC438EC977FA88DD7815D31E6</md5>
                </relatedDependency>
                <relatedDependency>
                    <filePath>/home/bcraig/Documents/Thesis/Analysis/reports/springframework/Source/org.springframework.test-3.0.5.RELEASE.jar</filePath>
                    <sha1>4540FBA71D41869A6ED5FB504317F2E702761690</sha1>
                    <md5>A3D4DE5F666DE142AA63E07866D0B979</md5>
                </relatedDependency>
                <relatedDependency>
                    <filePath>/home/bcraig/Documents/Thesis/Analysis/reports/springframework/Source/org.springframework.transaction-3.0.5.RELEASE.jar</filePath>
                    <sha1>91EB9BD9BAA61A62590A8093667107CB2C7C8184</sha1>
                    <md5>A392C9CA6AC71C9D91F9B03BE401E68F</md5>
                </relatedDependency>
            </relatedDependencies>
            <evidenceCollected>
                <evidence>
                    <source>file</source>
                    <name>name</name>
                    <value>3.0.5</value>
                </evidence>
                <evidence>
                    <source>file</source>
                    <name>name</name>
                    <value>org.springframework.core-3.0.5.RELEASE</value>
                </evidence>
                <evidence>
                    <source>file</source>
                    <name>name</name>
                    <value>org.springframework.core-3.0.5.RELEASE</value>
                </evidence>
                <evidence>
                    <source>hint analyzer</source>
                    <name>product</name>
                    <value>springsource_spring_framework</value>
                </evidence>
                <evidence>
                    <source>hint analyzer</source>
                    <name>vendor</name>
                    <value>SpringSource</value>
                </evidence>
                <evidence>
                    <source>hint analyzer</source>
                    <name>vendor</name>
                    <value>vmware</value>
                </evidence>
                <evidence>
                    <source>jar</source>
                    <name>package</name>
                    <value>core</value>
                </evidence>
                <evidence>
                    <source>jar</source>
                    <name>package</name>
                    <value>springframework</value>
                </evidence>
                <evidence>
                    <source>jar</source>
                    <name>package name</name>
                    <value>core</value>
                </evidence>
                <evidence>
                    <source>jar</source>
                    <name>package name</name>
                    <value>springframework</value>
                </evidence>
                <evidence>
                    <source>Manifest</source>
                    <name>Bundle-Name</name>
                    <value>Spring Core</value>
                </evidence>
                <evidence>
                    <source>Manifest</source>
                    <name>bundle-symbolicname</name>
                    <value>org.springframework.core</value>
                </evidence>
                <evidence>
                    <source>Manifest</source>
                    <name>Bundle-Vendor</name>
                    <value>SpringSource</value>
                </evidence>
                <evidence>
                    <source>Manifest</source>
                    <name>Bundle-Version</name>
                    <value>3.0.5.RELEASE</value>
                </evidence>
                <evidence>
                    <source>Manifest</source>
                    <name>Implementation-Title</name>
                    <value>org.springframework.core</value>
                </evidence>
                <evidence>
                    <source>Manifest</source>
                    <name>Implementation-Version</name>
                    <value>3.0.5.RELEASE</value>
                </evidence>
            </evidenceCollected>
            <identifiers>
                <identifier type="cpe">
                    <name>(cpe:/a:springsource:spring_framework:3.0.5)</name>
                    <url>http://web.nvd.nist.gov/view/vuln/search?cpe=cpe%3A%2Fa%3Aspringsource%3Aspring_framework%3A3.0.5</url>
                </identifier>
                <identifier type="cpe">
                    <name>(cpe:/a:vmware:springsource_spring_framework:3.0.5)</name>
                    <url>http://web.nvd.nist.gov/view/vuln/search?cpe=cpe%3A%2Fa%3Avmware%3Aspringsource_spring_framework%3A3.0.5</url>
                </identifier>
            </identifiers>
            <vulnerabilities>
                <vulnerability>
                    <name>CVE-2013-7315</name>
                    <cvssScore>6.8</cvssScore>
                    <severity>Medium</severity>
                    <cwe>CWE-264 Permissions, Privileges, and Access Controls</cwe>
                    <description>The Spring MVC in Spring Framework before 3.2.4 and 4.0.0.M1 through 4.0.0.M2 does not disable external entity resolution for the StAX XMLInputFactory, which allows context-dependent attackers to read arbitrary files, cause a denial of service, and conduct CSRF attacks via crafted XML with JAXB, aka an XML External Entity (XXE) issue, and a different vulnerability than CVE-2013-4152.  NOTE: this issue was SPLIT from CVE-2013-4152 due to different affected versions.</description>
                    <references>
                        <reference>
                            <source>BUGTRAQ</source>
                            <url>http://seclists.org/bugtraq/2013/Aug/154</url>
                            <name>20130822 CVE-2013-4152 XML External Entity (XXE) injection in Spring Framework</name>
                        </reference>
                        <reference>
                            <source>CONFIRM</source>
                            <url>http://www.gopivotal.com/security/cve-2013-4152</url>
                            <name>http://www.gopivotal.com/security/cve-2013-4152</name>
                        </reference>
                        <reference>
                            <source>CONFIRM</source>
                            <url>https://jira.springsource.org/browse/SPR-10806</url>
                            <name>https://jira.springsource.org/browse/SPR-10806</name>
                        </reference>
                        <reference>
                            <source>DEBIAN</source>
                            <url>http://www.debian.org/security/2014/dsa-2842</url>
                            <name>DSA-2842</name>
                        </reference>
                        <reference>
                            <source>FULLDISC</source>
                            <url>http://seclists.org/fulldisclosure/2013/Nov/14</url>
                            <name>20131102 XXE Injection in Spring Framework</name>
                        </reference>
                    </references>
                    <vulnerableSoftware>
                        <software>cpe:/a:springsource:spring_framework:3.0.0</software>
                        <software>cpe:/a:springsource:spring_framework:3.0.0:m1</software>
                        <software>cpe:/a:springsource:spring_framework:3.0.0:m2</software>
                        <software>cpe:/a:springsource:spring_framework:3.0.0:m3</software>
                        <software>cpe:/a:springsource:spring_framework:3.0.0:m4</software>
                        <software>cpe:/a:springsource:spring_framework:3.0.0:rc1</software>
                        <software>cpe:/a:springsource:spring_framework:3.0.0:rc2</software>
                        <software>cpe:/a:springsource:spring_framework:3.0.0:rc3</software>
                        <software>cpe:/a:springsource:spring_framework:3.0.0.m1</software>
                        <software>cpe:/a:springsource:spring_framework:3.0.0.m2</software>
                        <software>cpe:/a:springsource:spring_framework:3.0.1</software>
                        <software>cpe:/a:springsource:spring_framework:3.0.2</software>
                        <software>cpe:/a:springsource:spring_framework:3.0.3</software>
                        <software>cpe:/a:springsource:spring_framework:3.0.4</software>
                        <software>cpe:/a:springsource:spring_framework:3.0.5</software>
                        <software>cpe:/a:springsource:spring_framework:3.0.6</software>
                        <software>cpe:/a:springsource:spring_framework:3.0.7</software>
                        <software>cpe:/a:springsource:spring_framework:3.1.0</software>
                        <software>cpe:/a:springsource:spring_framework:3.1.1</software>
                        <software>cpe:/a:springsource:spring_framework:3.1.2</software>
                        <software>cpe:/a:springsource:spring_framework:3.1.3</software>
                        <software>cpe:/a:springsource:spring_framework:3.1.4</software>
                        <software>cpe:/a:springsource:spring_framework:3.2.0</software>
                        <software>cpe:/a:springsource:spring_framework:3.2.1</software>
                        <software>cpe:/a:springsource:spring_framework:3.2.2</software>
                        <software allPreviousVersion="true">cpe:/a:springsource:spring_framework:3.2.3</software>
                        <software>cpe:/a:springsource:spring_framework:4.0.0:m1</software>
                        <software>cpe:/a:springsource:spring_framework:4.0.0:m2</software>
                    </vulnerableSoftware>
                </vulnerability>
                <vulnerability>
                    <name>CVE-2013-6429</name>
                    <cvssScore>6.8</cvssScore>
                    <severity>Medium</severity>
                    <cwe>CWE-352</cwe>
                    <description>The SourceHttpMessageConverter in Spring MVC in Spring Framework before 3.2.5 and 4.0.0.M1 through 4.0.0.RC1 does not disable external entity resolution, which allows remote attackers to read arbitrary files, cause a denial of service, and conduct CSRF attacks via crafted XML, aka an XML External Entity (XXE) issue, and a different vulnerability than CVE-2013-4152 and CVE-2013-7315.</description>
                    <references>
                        <reference>
                            <source>BUGTRAQ</source>
                            <url>http://www.securityfocus.com/archive/1/archive/1/530770/100/0/threaded</url>
                            <name>20140114 CVE-2013-6429 Fix for XML External Entity (XXE) injection (CVE-2013-4152) in Spring Framework was incomplete</name>
                        </reference>
                        <reference>
                            <source>CONFIRM</source>
                            <url>http://www.gopivotal.com/security/cve-2013-6429</url>
                            <name>http://www.gopivotal.com/security/cve-2013-6429</name>
                        </reference>
                        <reference>
                            <source>CONFIRM</source>
                            <url>https://jira.springsource.org/browse/SPR-11078?page=com.atlassian.jira.plugin.system.issuetabpanels:worklog-tabpanel</url>
                            <name>https://jira.springsource.org/browse/SPR-11078?page=com.atlassian.jira.plugin.system.issuetabpanels:worklog-tabpanel</name>
                        </reference>
                    </references>
                    <vulnerableSoftware>
                        <software>cpe:/a:springsource:spring_framework:1.1.0</software>
                        <software>cpe:/a:springsource:spring_framework:2.0</software>
                        <software>cpe:/a:springsource:spring_framework:2.0:m1</software>
                        <software>cpe:/a:springsource:spring_framework:2.0:m2</software>
                        <software>cpe:/a:springsource:spring_framework:2.0:m3</software>
                        <software>cpe:/a:springsource:spring_framework:2.0:m4</software>
                        <software>cpe:/a:springsource:spring_framework:2.0:m5</software>
                        <software>cpe:/a:springsource:spring_framework:2.0:rc1</software>
                        <software>cpe:/a:springsource:spring_framework:2.0:rc2</software>
                        <software>cpe:/a:springsource:spring_framework:2.0:rc3</software>
                        <software>cpe:/a:springsource:spring_framework:2.0:rc4</software>
                        <software>cpe:/a:springsource:spring_framework:2.0.1</software>
                        <software>cpe:/a:springsource:spring_framework:2.0.2</software>
                        <software>cpe:/a:springsource:spring_framework:2.0.3</software>
                        <software>cpe:/a:springsource:spring_framework:2.0.4</software>
                        <software>cpe:/a:springsource:spring_framework:2.0.5</software>
                        <software>cpe:/a:springsource:spring_framework:2.1:m1</software>
                        <software>cpe:/a:springsource:spring_framework:2.1:m2</software>
                        <software>cpe:/a:springsource:spring_framework:2.1:m3</software>
                        <software>cpe:/a:springsource:spring_framework:2.1:m4</software>
                        <software>cpe:/a:springsource:spring_framework:2.5.0</software>
                        <software>cpe:/a:springsource:spring_framework:2.5.0:rc1</software>
                        <software>cpe:/a:springsource:spring_framework:2.5.0:rc2</software>
                        <software>cpe:/a:springsource:spring_framework:2.5.1</software>
                        <software>cpe:/a:springsource:spring_framework:2.5.2</software>
                        <software>cpe:/a:springsource:spring_framework:2.5.3</software>
                        <software>cpe:/a:springsource:spring_framework:2.5.4</software>
                        <software>cpe:/a:springsource:spring_framework:2.5.5</software>
                        <software>cpe:/a:springsource:spring_framework:2.5.6</software>
                        <software>cpe:/a:springsource:spring_framework:2.5.7</software>
                        <software>cpe:/a:springsource:spring_framework:2.5.7_sr01</software>
                        <software>cpe:/a:springsource:spring_framework:3.0.0</software>
                        <software>cpe:/a:springsource:spring_framework:3.0.0:m1</software>
                        <software>cpe:/a:springsource:spring_framework:3.0.0:m2</software>
                        <software>cpe:/a:springsource:spring_framework:3.0.0:m3</software>
                        <software>cpe:/a:springsource:spring_framework:3.0.0:m4</software>
                        <software>cpe:/a:springsource:spring_framework:3.0.0:rc1</software>
                        <software>cpe:/a:springsource:spring_framework:3.0.0:rc2</software>
                        <software>cpe:/a:springsource:spring_framework:3.0.0:rc3</software>
                        <software>cpe:/a:springsource:spring_framework:3.0.0.m1</software>
                        <software>cpe:/a:springsource:spring_framework:3.0.0.m2</software>
                        <software>cpe:/a:springsource:spring_framework:3.0.1</software>
                        <software>cpe:/a:springsource:spring_framework:3.0.2</software>
                        <software>cpe:/a:springsource:spring_framework:3.0.3</software>
                        <software>cpe:/a:springsource:spring_framework:3.0.4</software>
                        <software>cpe:/a:springsource:spring_framework:3.0.5</software>
                        <software>cpe:/a:springsource:spring_framework:3.0.6</software>
                        <software>cpe:/a:springsource:spring_framework:3.0.7</software>
                        <software>cpe:/a:springsource:spring_framework:3.1.0</software>
                        <software>cpe:/a:springsource:spring_framework:3.1.1</software>
                        <software>cpe:/a:springsource:spring_framework:3.1.2</software>
                        <software>cpe:/a:springsource:spring_framework:3.1.3</software>
                        <software>cpe:/a:springsource:spring_framework:3.1.4</software>
                        <software>cpe:/a:springsource:spring_framework:3.2.0</software>
                        <software>cpe:/a:springsource:spring_framework:3.2.1</software>
                        <software>cpe:/a:springsource:spring_framework:3.2.2</software>
                        <software>cpe:/a:springsource:spring_framework:3.2.3</software>
                        <software allPreviousVersion="true">cpe:/a:springsource:spring_framework:3.2.4</software>
                        <software>cpe:/a:springsource:spring_framework:4.0.0:m1</software>
                        <software>cpe:/a:springsource:spring_framework:4.0.0:m2</software>
                        <software>cpe:/a:springsource:spring_framework:4.0.0:rc1</software>
                    </vulnerableSoftware>
                </vulnerability>
                <vulnerability>
                    <name>CVE-2013-4152</name>
                    <cvssScore>6.8</cvssScore>
                    <severity>Medium</severity>
                    <cwe>CWE-264 Permissions, Privileges, and Access Controls</cwe>
                    <description>The Spring OXM wrapper in Spring Framework before 3.2.4 and 4.0.0.M1, when using the JAXB marshaller, does not disable entity resolution, which allows context-dependent attackers to read arbitrary files, cause a denial of service, and conduct CSRF attacks via an XML external entity declaration in conjunction with an entity reference in a (1) DOMSource, (2) StAXSource, (3) SAXSource, or (4) StreamSource, aka an XML External Entity (XXE) issue.</description>
                    <references>
                        <reference>
                            <source>BUGTRAQ</source>
                            <url>http://seclists.org/bugtraq/2013/Aug/154</url>
                            <name>20130822 CVE-2013-4152 XML External Entity (XXE) injection in Spring Framework</name>
                        </reference>
                        <reference>
                            <source>CONFIRM</source>
                            <url>http://www.gopivotal.com/security/cve-2013-4152</url>
                            <name>http://www.gopivotal.com/security/cve-2013-4152</name>
                        </reference>
                        <reference>
                            <source>CONFIRM</source>
                            <url>https://github.com/spring-projects/spring-framework/pull/317/files</url>
                            <name>https://github.com/spring-projects/spring-framework/pull/317/files</name>
                        </reference>
                        <reference>
                            <source>CONFIRM</source>
                            <url>https://jira.springsource.org/browse/SPR-10806</url>
                            <name>https://jira.springsource.org/browse/SPR-10806</name>
                        </reference>
                        <reference>
                            <source>DEBIAN</source>
                            <url>http://www.debian.org/security/2014/dsa-2842</url>
                            <name>DSA-2842</name>
                        </reference>
                        <reference>
                            <source>FULLDISC</source>
                            <url>http://seclists.org/fulldisclosure/2013/Nov/14</url>
                            <name>20131102 XXE Injection in Spring Framework</name>
                        </reference>
                        <reference>
                            <source>SECUNIA</source>
                            <url>http://secunia.com/advisories/56247</url>
                            <name>56247</name>
                        </reference>
                    </references>
                    <vulnerableSoftware>
                        <software>cpe:/a:springsource:spring_framework:3.0.0</software>
                        <software>cpe:/a:springsource:spring_framework:3.0.0:m1</software>
                        <software>cpe:/a:springsource:spring_framework:3.0.0:m2</software>
                        <software>cpe:/a:springsource:spring_framework:3.0.0:m3</software>
                        <software>cpe:/a:springsource:spring_framework:3.0.0:m4</software>
                        <software>cpe:/a:springsource:spring_framework:3.0.0:rc1</software>
                        <software>cpe:/a:springsource:spring_framework:3.0.0:rc2</software>
                        <software>cpe:/a:springsource:spring_framework:3.0.0:rc3</software>
                        <software>cpe:/a:springsource:spring_framework:3.0.0.m1</software>
                        <software>cpe:/a:springsource:spring_framework:3.0.0.m2</software>
                        <software>cpe:/a:springsource:spring_framework:3.0.1</software>
                        <software>cpe:/a:springsource:spring_framework:3.0.2</software>
                        <software>cpe:/a:springsource:spring_framework:3.0.3</software>
                        <software>cpe:/a:springsource:spring_framework:3.0.4</software>
                        <software>cpe:/a:springsource:spring_framework:3.0.5</software>
                        <software>cpe:/a:springsource:spring_framework:3.0.6</software>
                        <software>cpe:/a:springsource:spring_framework:3.0.7</software>
                        <software>cpe:/a:springsource:spring_framework:3.1.0</software>
                        <software>cpe:/a:springsource:spring_framework:3.1.1</software>
                        <software>cpe:/a:springsource:spring_framework:3.1.2</software>
                        <software>cpe:/a:springsource:spring_framework:3.1.3</software>
                        <software>cpe:/a:springsource:spring_framework:3.1.4</software>
                        <software>cpe:/a:springsource:spring_framework:3.2.0</software>
                        <software>cpe:/a:springsource:spring_framework:3.2.1</software>
                        <software>cpe:/a:springsource:spring_framework:3.2.2</software>
                        <software allPreviousVersion="true">cpe:/a:springsource:spring_framework:3.2.3</software>
                        <software>cpe:/a:springsource:spring_framework:4.0.0:m1</software>
                    </vulnerableSoftware>
                </vulnerability>
                <vulnerability>
                    <name>CVE-2011-2894</name>
                    <cvssScore>6.8</cvssScore>
                    <severity>Medium</severity>
                    <cwe>CWE-264 Permissions, Privileges, and Access Controls</cwe>
                    <description>Spring Framework 3.0.0 through 3.0.5, Spring Security 3.0.0 through 3.0.5 and 2.0.0 through 2.0.6, and possibly other versions deserialize objects from untrusted sources, which allows remote attackers to bypass intended security restrictions and execute untrusted code by (1) serializing a java.lang.Proxy instance and using InvocationHandler, or (2) accessing internal AOP interfaces, as demonstrated using deserialization of a DefaultListableBeanFactory instance to execute arbitrary commands via the java.lang.Runtime class.</description>
                    <references>
                        <reference>
                            <source>BID</source>
                            <url>http://www.securityfocus.com/bid/49536</url>
                            <name>49536</name>
                        </reference>
                        <reference>
                            <source>BUGTRAQ</source>
                            <url>http://www.securityfocus.com/archive/1/archive/1/519593/100/0/threaded</url>
                            <name>20110909 CVE-2011-2894: Spring Framework and Spring Security serialization-based remoting vulnerabilities</name>
                        </reference>
                        <reference>
                            <source>CONFIRM</source>
                            <url>http://www.springsource.com/security/cve-2011-2894</url>
                            <name>http://www.springsource.com/security/cve-2011-2894</name>
                        </reference>
                        <reference>
                            <source>OSVDB</source>
                            <url>http://osvdb.org/75263</url>
                            <name>75263</name>
                        </reference>
                        <reference>
                            <source>REDHAT</source>
                            <url>http://www.redhat.com/support/errata/RHSA-2011-1334.html</url>
                            <name>RHSA-2011:1334</name>
                        </reference>
                        <reference>
                            <source>SREASON</source>
                            <url>http://securityreason.com/securityalert/8405</url>
                            <name>8405</name>
                        </reference>
                        <reference>
                            <source>XF</source>
                            <url>http://xforce.iss.net/xforce/xfdb/69687</url>
                            <name>spring-framework-object-sec-bypass(69687)</name>
                        </reference>
                    </references>
                    <vulnerableSoftware>
                        <software>cpe:/a:vmware:springsource_spring_framework:3.0.0</software>
                        <software>cpe:/a:vmware:springsource_spring_framework:3.0.0:m1</software>
                        <software>cpe:/a:vmware:springsource_spring_framework:3.0.0:m2</software>
                        <software>cpe:/a:vmware:springsource_spring_framework:3.0.0:m3</software>
                        <software>cpe:/a:vmware:springsource_spring_framework:3.0.0:m4</software>
                        <software>cpe:/a:vmware:springsource_spring_framework:3.0.0:rc1</software>
                        <software>cpe:/a:vmware:springsource_spring_framework:3.0.0:rc2</software>
                        <software>cpe:/a:vmware:springsource_spring_framework:3.0.0:rc3</software>
                        <software>cpe:/a:vmware:springsource_spring_framework:3.0.1</software>
                        <software>cpe:/a:vmware:springsource_spring_framework:3.0.2</software>
                        <software>cpe:/a:vmware:springsource_spring_framework:3.0.3</software>
                        <software>cpe:/a:vmware:springsource_spring_framework:3.0.4</software>
                        <software>cpe:/a:vmware:springsource_spring_framework:3.0.5</software>
                        <software>cpe:/a:vmware:springsource_spring_security:2.0.0</software>
                        <software>cpe:/a:vmware:springsource_spring_security:2.0.1</software>
                        <software>cpe:/a:vmware:springsource_spring_security:2.0.2</software>
                        <software>cpe:/a:vmware:springsource_spring_security:2.0.3</software>
                        <software>cpe:/a:vmware:springsource_spring_security:2.0.4</software>
                        <software>cpe:/a:vmware:springsource_spring_security:2.0.5</software>
                        <software>cpe:/a:vmware:springsource_spring_security:2.0.6</software>
                        <software>cpe:/a:vmware:springsource_spring_security:3.0.0</software>
                        <software>cpe:/a:vmware:springsource_spring_security:3.0.1</software>
                        <software>cpe:/a:vmware:springsource_spring_security:3.0.2</software>
                        <software>cpe:/a:vmware:springsource_spring_security:3.0.3</software>
                        <software>cpe:/a:vmware:springsource_spring_security:3.0.4</software>
                        <software>cpe:/a:vmware:springsource_spring_security:3.0.5</software>
                    </vulnerableSoftware>
                </vulnerability>
                <vulnerability>
                    <name>CVE-2011-2730</name>
                    <cvssScore>7.5</cvssScore>
                    <severity>High</severity>
                    <cwe>CWE-16 Configuration</cwe>
                    <description>VMware SpringSource Spring Framework before 2.5.6.SEC03, 2.5.7.SR023, and 3.x before 3.0.6, when a container supports Expression Language (EL), evaluates EL expressions in tags twice, which allows remote attackers to obtain sensitive information via a (1) name attribute in a (a) spring:hasBindErrors tag; (2) path attribute in a (b) spring:bind or (c) spring:nestedpath tag; (3) arguments, (4) code, (5) text, (6) var, (7) scope, or (8) message attribute in a (d) spring:message or (e) spring:theme tag; or (9) var, (10) scope, or (11) value attribute in a (f) spring:transform tag, aka &quot;Expression Language Injection.&quot;</description>
                    <references>
                        <reference>
                            <source>CONFIRM</source>
                            <url>http://support.springsource.com/security/cve-2011-2730</url>
                            <name>http://support.springsource.com/security/cve-2011-2730</name>
                        </reference>
                        <reference>
                            <source>DEBIAN</source>
                            <url>http://www.debian.org/security/2012/dsa-2504</url>
                            <name>DSA-2504</name>
                        </reference>
                        <reference>
                            <source>MISC</source>
                            <url>http://bugs.debian.org/cgi-bin/bugreport.cgi?bug=677814</url>
                            <name>http://bugs.debian.org/cgi-bin/bugreport.cgi?bug=677814</name>
                        </reference>
                        <reference>
                            <source>MISC</source>
                            <url>https://docs.google.com/document/d/1dc1xxO8UMFaGLOwgkykYdghGWm_2Gn0iCrxFsympqcE/edit</url>
                            <name>https://docs.google.com/document/d/1dc1xxO8UMFaGLOwgkykYdghGWm_2Gn0iCrxFsympqcE/edit</name>
                        </reference>
                        <reference>
                            <source>REDHAT</source>
                            <url>http://rhn.redhat.com/errata/RHSA-2013-0191.html</url>
                            <name>RHSA-2013:0191</name>
                        </reference>
                        <reference>
                            <source>REDHAT</source>
                            <url>http://rhn.redhat.com/errata/RHSA-2013-0192.html</url>
                            <name>RHSA-2013:0192</name>
                        </reference>
                        <reference>
                            <source>REDHAT</source>
                            <url>http://rhn.redhat.com/errata/RHSA-2013-0193.html</url>
                            <name>RHSA-2013:0193</name>
                        </reference>
                        <reference>
                            <source>REDHAT</source>
                            <url>http://rhn.redhat.com/errata/RHSA-2013-0194.html</url>
                            <name>RHSA-2013:0194</name>
                        </reference>
                        <reference>
                            <source>REDHAT</source>
                            <url>http://rhn.redhat.com/errata/RHSA-2013-0195.html</url>
                            <name>RHSA-2013:0195</name>
                        </reference>
                        <reference>
                            <source>REDHAT</source>
                            <url>http://rhn.redhat.com/errata/RHSA-2013-0196.html</url>
                            <name>RHSA-2013:0196</name>
                        </reference>
                        <reference>
                            <source>REDHAT</source>
                            <url>http://rhn.redhat.com/errata/RHSA-2013-0197.html</url>
                            <name>RHSA-2013:0197</name>
                        </reference>
                        <reference>
                            <source>REDHAT</source>
                            <url>http://rhn.redhat.com/errata/RHSA-2013-0198.html</url>
                            <name>RHSA-2013:0198</name>
                        </reference>
                        <reference>
                            <source>REDHAT</source>
                            <url>http://rhn.redhat.com/errata/RHSA-2013-0221.html</url>
                            <name>RHSA-2013:0221</name>
                        </reference>
                        <reference>
                            <source>SECTRACK</source>
                            <url>http://www.securitytracker.com/id/1029151</url>
                            <name>1029151</name>
                        </reference>
                        <reference>
                            <source>SECUNIA</source>
                            <url>http://secunia.com/advisories/51984</url>
                            <name>51984</name>
                        </reference>
                        <reference>
                            <source>SECUNIA</source>
                            <url>http://secunia.com/advisories/52054</url>
                            <name>52054</name>
                        </reference>
                        <reference>
                            <source>SECUNIA</source>
                            <url>http://secunia.com/advisories/55155</url>
                            <name>55155</name>
                        </reference>
                    </references>
                    <vulnerableSoftware>
                        <software>cpe:/a:springsource:spring_framework:2.5.0</software>
                        <software>cpe:/a:springsource:spring_framework:2.5.0:rc1</software>
                        <software>cpe:/a:springsource:spring_framework:2.5.0:rc2</software>
                        <software>cpe:/a:springsource:spring_framework:2.5.1</software>
                        <software>cpe:/a:springsource:spring_framework:2.5.2</software>
                        <software>cpe:/a:springsource:spring_framework:2.5.3</software>
                        <software>cpe:/a:springsource:spring_framework:2.5.4</software>
                        <software>cpe:/a:springsource:spring_framework:2.5.5</software>
                        <software>cpe:/a:springsource:spring_framework:2.5.6</software>
                        <software>cpe:/a:springsource:spring_framework:2.5.7</software>
                        <software allPreviousVersion="true">cpe:/a:springsource:spring_framework:2.5.7_sr01</software>
                        <software>cpe:/a:springsource:spring_framework:3.0.0</software>
                        <software>cpe:/a:springsource:spring_framework:3.0.1</software>
                        <software>cpe:/a:springsource:spring_framework:3.0.2</software>
                        <software>cpe:/a:springsource:spring_framework:3.0.3</software>
                        <software>cpe:/a:springsource:spring_framework:3.0.4</software>
                        <software allPreviousVersion="true">cpe:/a:springsource:spring_framework:3.0.5</software>
                    </vulnerableSoftware>
                </vulnerability>
            </vulnerabilities>
        </dependency>
        <dependency>
            <fileName>org.springframework.oxm-sources-3.0.5.RELEASE.jar</fileName>
            <filePath>/home/bcraig/Documents/Thesis/Analysis/reports/springframework/Source/org.springframework.oxm-sources-3.0.5.RELEASE.jar</filePath>
            <md5>B3EE19868A618F05C7D8ADE066B814FC</md5>
            <sha1>0BBDCA07F276CA8BBD82A56D85E2EE848F22C640</sha1>
            <evidenceCollected>
                <evidence>
                    <source>file</source>
                    <name>name</name>
                    <value>org.springframework.oxm-sources-3.0.5.RELEASE</value>
                </evidence>
            </evidenceCollected>
        </dependency>
        <dependency>
            <fileName>org.springframework.build.aws.ivy.jar</fileName>
            <filePath>/home/bcraig/Documents/Thesis/Analysis/reports/springframework/Source/org.springframework.build.aws.ivy.jar</filePath>
            <md5>444D0E6C2E6346738EE39F5192007FF9</md5>
            <sha1>D67338F8ED16B5DCD4D8A354E1265E8151FD29A4</sha1>
            <evidenceCollected>
                <evidence>
                    <source>file</source>
                    <name>name</name>
                    <value>org.springframework.build.aws.ivy</value>
                </evidence>
                <evidence>
                    <source>jar</source>
                    <name>package</name>
                    <value>aws</value>
                </evidence>
                <evidence>
                    <source>jar</source>
                    <name>package</name>
                    <value>ivy</value>
                </evidence>
                <evidence>
                    <source>jar</source>
                    <name>package</name>
                    <value>springframework</value>
                </evidence>
            </evidenceCollected>
        </dependency>
        <dependency>
            <fileName>org.springframework.web.struts-3.0.5.RELEASE.jar</fileName>
            <filePath>/home/bcraig/Documents/Thesis/Analysis/reports/springframework/Source/org.springframework.web.struts-3.0.5.RELEASE.jar</filePath>
            <md5>97099BB90A9897359F3B7DAC167655EC</md5>
            <sha1>6BB3E63293DDF183DC8CB6D0210E109807A27A5A</sha1>
            <evidenceCollected>
                <evidence>
                    <source>file</source>
                    <name>name</name>
                    <value>org.springframework.web.struts-3.0.5.RELEASE</value>
                </evidence>
                <evidence>
                    <source>hint analyzer</source>
                    <name>product</name>
                    <value>springsource_spring_framework</value>
                </evidence>
                <evidence>
                    <source>hint analyzer</source>
                    <name>vendor</name>
                    <value>vmware</value>
                </evidence>
                <evidence>
                    <source>jar</source>
                    <name>package</name>
                    <value>springframework</value>
                </evidence>
                <evidence>
                    <source>jar</source>
                    <name>package</name>
                    <value>struts</value>
                </evidence>
                <evidence>
                    <source>jar</source>
                    <name>package</name>
                    <value>web</value>
                </evidence>
                <evidence>
                    <source>jar</source>
                    <name>package name</name>
                    <value>springframework</value>
                </evidence>
                <evidence>
                    <source>jar</source>
                    <name>package name</name>
                    <value>struts</value>
                </evidence>
                <evidence>
                    <source>jar</source>
                    <name>package name</name>
                    <value>web</value>
                </evidence>
                <evidence>
                    <source>Manifest</source>
                    <name>Bundle-Name</name>
                    <value>Spring Web Struts</value>
                </evidence>
                <evidence>
                    <source>Manifest</source>
                    <name>bundle-symbolicname</name>
                    <value>org.springframework.web.struts</value>
                </evidence>
                <evidence>
                    <source>Manifest</source>
                    <name>Bundle-Vendor</name>
                    <value>SpringSource</value>
                </evidence>
                <evidence>
                    <source>Manifest</source>
                    <name>Implementation-Title</name>
                    <value>org.springframework.web.struts</value>
                </evidence>
            </evidenceCollected>
        </dependency>
        <dependency>
            <fileName>org.springframework.web-3.0.5.RELEASE.jar</fileName>
            <filePath>/home/bcraig/Documents/Thesis/Analysis/reports/springframework/Source/org.springframework.web-3.0.5.RELEASE.jar</filePath>
            <md5>C49FBF1401117F2A7DE32A0E29309600</md5>
            <sha1>D5C550739C4C0CB7CA527EF46C9AED72FB215EEE</sha1>
            <evidenceCollected>
                <evidence>
                    <source>file</source>
                    <name>name</name>
                    <value>org.springframework.web-3.0.5.RELEASE</value>
                </evidence>
                <evidence>
                    <source>hint analyzer</source>
                    <name>product</name>
                    <value>springsource_spring_framework</value>
                </evidence>
                <evidence>
                    <source>hint analyzer</source>
                    <name>vendor</name>
                    <value>vmware</value>
                </evidence>
                <evidence>
                    <source>jar</source>
                    <name>package</name>
                    <value>springframework</value>
                </evidence>
                <evidence>
                    <source>jar</source>
                    <name>package</name>
                    <value>web</value>
                </evidence>
                <evidence>
                    <source>jar</source>
                    <name>package name</name>
                    <value>springframework</value>
                </evidence>
                <evidence>
                    <source>jar</source>
                    <name>package name</name>
                    <value>web</value>
                </evidence>
                <evidence>
                    <source>Manifest</source>
                    <name>Bundle-Name</name>
                    <value>Spring Web</value>
                </evidence>
                <evidence>
                    <source>Manifest</source>
                    <name>bundle-symbolicname</name>
                    <value>org.springframework.web</value>
                </evidence>
                <evidence>
                    <source>Manifest</source>
                    <name>Bundle-Vendor</name>
                    <value>SpringSource</value>
                </evidence>
                <evidence>
                    <source>Manifest</source>
                    <name>Implementation-Title</name>
                    <value>org.springframework.web</value>
                </evidence>
            </evidenceCollected>
        </dependency>
        <dependency>
            <fileName>org.springframework.aop-sources-3.0.5.RELEASE.jar</fileName>
            <filePath>/home/bcraig/Documents/Thesis/Analysis/reports/springframework/Source/org.springframework.aop-sources-3.0.5.RELEASE.jar</filePath>
            <md5>6223C34D29A2BEABB5BCE63717F40D89</md5>
            <sha1>B3CB2378715A780ADD6FECF9D316FB899C153ADB</sha1>
            <evidenceCollected>
                <evidence>
                    <source>file</source>
                    <name>name</name>
                    <value>org.springframework.aop-sources-3.0.5.RELEASE</value>
                </evidence>
            </evidenceCollected>
        </dependency>
        <dependency>
            <fileName>org.springframework.context.support-sources-3.0.5.RELEASE.jar</fileName>
            <filePath>/home/bcraig/Documents/Thesis/Analysis/reports/springframework/Source/org.springframework.context.support-sources-3.0.5.RELEASE.jar</filePath>
            <md5>EC7C6F35EB77137C4955544B54332FE3</md5>
            <sha1>D468EACA37360A905914CD05614D63DF04C95181</sha1>
            <evidenceCollected>
                <evidence>
                    <source>file</source>
                    <name>name</name>
                    <value>org.springframework.context.support-sources-3.0.5.RELEASE</value>
                </evidence>
            </evidenceCollected>
        </dependency>
        <dependency>
            <fileName>org.springframework.web.portlet-3.0.5.RELEASE.jar</fileName>
            <filePath>/home/bcraig/Documents/Thesis/Analysis/reports/springframework/Source/org.springframework.web.portlet-3.0.5.RELEASE.jar</filePath>
            <md5>12603E8B426D125B9DE505C981FDDC05</md5>
            <sha1>857EFBA2BC91FF330BD43EA1C6430E04EAE1F3B5</sha1>
            <evidenceCollected>
                <evidence>
                    <source>file</source>
                    <name>name</name>
                    <value>org.springframework.web.portlet-3.0.5.RELEASE</value>
                </evidence>
                <evidence>
                    <source>hint analyzer</source>
                    <name>product</name>
                    <value>springsource_spring_framework</value>
                </evidence>
                <evidence>
                    <source>hint analyzer</source>
                    <name>vendor</name>
                    <value>vmware</value>
                </evidence>
                <evidence>
                    <source>jar</source>
                    <name>package</name>
                    <value>portlet</value>
                </evidence>
                <evidence>
                    <source>jar</source>
                    <name>package</name>
                    <value>springframework</value>
                </evidence>
                <evidence>
                    <source>jar</source>
                    <name>package</name>
                    <value>web</value>
                </evidence>
                <evidence>
                    <source>jar</source>
                    <name>package name</name>
                    <value>portlet</value>
                </evidence>
                <evidence>
                    <source>jar</source>
                    <name>package name</name>
                    <value>springframework</value>
                </evidence>
                <evidence>
                    <source>jar</source>
                    <name>package name</name>
                    <value>web</value>
                </evidence>
                <evidence>
                    <source>Manifest</source>
                    <name>Bundle-Name</name>
                    <value>Spring Web Portlet</value>
                </evidence>
                <evidence>
                    <source>Manifest</source>
                    <name>bundle-symbolicname</name>
                    <value>org.springframework.web.portlet</value>
                </evidence>
                <evidence>
                    <source>Manifest</source>
                    <name>Bundle-Vendor</name>
                    <value>SpringSource</value>
                </evidence>
                <evidence>
                    <source>Manifest</source>
                    <name>Implementation-Title</name>
                    <value>org.springframework.web.portlet</value>
                </evidence>
            </evidenceCollected>
        </dependency>
        <dependency>
            <fileName>org.springframework.web-sources-3.0.5.RELEASE.jar</fileName>
            <filePath>/home/bcraig/Documents/Thesis/Analysis/reports/springframework/Source/org.springframework.web-sources-3.0.5.RELEASE.jar</filePath>
            <md5>E8C6CA4BA6C31C42FEF94316C3BA22D2</md5>
            <sha1>E30965CACAB00533698E0B8835DEAF274266D6C7</sha1>
            <evidenceCollected>
                <evidence>
                    <source>file</source>
                    <name>name</name>
                    <value>org.springframework.web-sources-3.0.5.RELEASE</value>
                </evidence>
            </evidenceCollected>
        </dependency>
        <dependency>
            <fileName>org.springframework.web.servlet-3.0.5.RELEASE.jar</fileName>
            <filePath>/home/bcraig/Documents/Thesis/Analysis/reports/springframework/Source/org.springframework.web.servlet-3.0.5.RELEASE.jar</filePath>
            <md5>BEABFE1AA9A3167568BEEA9B92A2F0FC</md5>
            <sha1>8B1C7176EDB4A7E5381FFC5A398A5E2E8ED88909</sha1>
            <evidenceCollected>
                <evidence>
                    <source>file</source>
                    <name>name</name>
                    <value>org.springframework.web.servlet-3.0.5.RELEASE</value>
                </evidence>
                <evidence>
                    <source>hint analyzer</source>
                    <name>product</name>
                    <value>springsource_spring_framework</value>
                </evidence>
                <evidence>
                    <source>hint analyzer</source>
                    <name>vendor</name>
                    <value>vmware</value>
                </evidence>
                <evidence>
                    <source>jar</source>
                    <name>package</name>
                    <value>servlet</value>
                </evidence>
                <evidence>
                    <source>jar</source>
                    <name>package</name>
                    <value>springframework</value>
                </evidence>
                <evidence>
                    <source>jar</source>
                    <name>package</name>
                    <value>web</value>
                </evidence>
                <evidence>
                    <source>jar</source>
                    <name>package name</name>
                    <value>servlet</value>
                </evidence>
                <evidence>
                    <source>jar</source>
                    <name>package name</name>
                    <value>springframework</value>
                </evidence>
                <evidence>
                    <source>jar</source>
                    <name>package name</name>
                    <value>web</value>
                </evidence>
                <evidence>
                    <source>Manifest</source>
                    <name>Bundle-Name</name>
                    <value>Spring Web Servlet</value>
                </evidence>
                <evidence>
                    <source>Manifest</source>
                    <name>bundle-symbolicname</name>
                    <value>org.springframework.web.servlet</value>
                </evidence>
                <evidence>
                    <source>Manifest</source>
                    <name>Bundle-Vendor</name>
                    <value>SpringSource</value>
                </evidence>
                <evidence>
                    <source>Manifest</source>
                    <name>Implementation-Title</name>
                    <value>org.springframework.web.servlet</value>
                </evidence>
            </evidenceCollected>
        </dependency>
        <dependency>
            <fileName>org.springframework.aspects-sources-3.0.5.RELEASE.jar</fileName>
            <filePath>/home/bcraig/Documents/Thesis/Analysis/reports/springframework/Source/org.springframework.aspects-sources-3.0.5.RELEASE.jar</filePath>
            <md5>6638F79F277C05A2A62757D1CBA65C99</md5>
            <sha1>61AA42855B79736034FFBAC7D614F348F59F72EB</sha1>
            <evidenceCollected>
                <evidence>
                    <source>file</source>
                    <name>name</name>
                    <value>org.springframework.aspects-sources-3.0.5.RELEASE</value>
                </evidence>
            </evidenceCollected>
        </dependency>
        <dependency>
            <fileName>org.springframework.jms-sources-3.0.5.RELEASE.jar</fileName>
            <filePath>/home/bcraig/Documents/Thesis/Analysis/reports/springframework/Source/org.springframework.jms-sources-3.0.5.RELEASE.jar</filePath>
            <md5>B90937C5C014C19F887A22E3F2DC8725</md5>
            <sha1>542A3177F62F83DF1A02817E55F0033011F6BAED</sha1>
            <evidenceCollected>
                <evidence>
                    <source>file</source>
                    <name>name</name>
                    <value>org.springframework.jms-sources-3.0.5.RELEASE</value>
                </evidence>
            </evidenceCollected>
        </dependency>
        <dependency>
            <fileName>org.springframework.expression-sources-3.0.5.RELEASE.jar</fileName>
            <filePath>/home/bcraig/Documents/Thesis/Analysis/reports/springframework/Source/org.springframework.expression-sources-3.0.5.RELEASE.jar</filePath>
            <md5>61AE1BFEC2C11BE40C2F1956960A14D2</md5>
            <sha1>48ED82E050E351F5272C67A0C397C4E06F8A6A6D</sha1>
            <evidenceCollected>
                <evidence>
                    <source>file</source>
                    <name>name</name>
                    <value>org.springframework.expression-sources-3.0.5.RELEASE</value>
                </evidence>
            </evidenceCollected>
        </dependency>
        <dependency>
            <fileName>org.springframework.orm-sources-3.0.5.RELEASE.jar</fileName>
            <filePath>/home/bcraig/Documents/Thesis/Analysis/reports/springframework/Source/org.springframework.orm-sources-3.0.5.RELEASE.jar</filePath>
            <md5>359A9C37CE6309B213470C916B744ECF</md5>
            <sha1>7514E501C926FC793FB0214C7D4567021091E77D</sha1>
            <evidenceCollected>
                <evidence>
                    <source>file</source>
                    <name>name</name>
                    <value>org.springframework.orm-sources-3.0.5.RELEASE</value>
                </evidence>
            </evidenceCollected>
        </dependency>
        <dependency>
            <fileName>org.springframework.core-sources-3.0.5.RELEASE.jar</fileName>
            <filePath>/home/bcraig/Documents/Thesis/Analysis/reports/springframework/Source/org.springframework.core-sources-3.0.5.RELEASE.jar</filePath>
            <md5>427600007A72222CD1E71D11E2242881</md5>
            <sha1>5E85A2D0D58FE27604EB447170E877E408A28EAD</sha1>
            <evidenceCollected>
                <evidence>
                    <source>file</source>
                    <name>name</name>
                    <value>org.springframework.core-sources-3.0.5.RELEASE</value>
                </evidence>
            </evidenceCollected>
        </dependency>
        <dependency>
            <fileName>org.springframework.beans-sources-3.0.5.RELEASE.jar</fileName>
            <filePath>/home/bcraig/Documents/Thesis/Analysis/reports/springframework/Source/org.springframework.beans-sources-3.0.5.RELEASE.jar</filePath>
            <md5>6F1B7A99D1BC2A9E67889EE896F698E7</md5>
            <sha1>701DC97FBE8A80D3F1D5147F747A78F0332440EC</sha1>
            <evidenceCollected>
                <evidence>
                    <source>file</source>
                    <name>name</name>
                    <value>org.springframework.beans-sources-3.0.5.RELEASE</value>
                </evidence>
            </evidenceCollected>
        </dependency>
        <dependency>
            <fileName>org.springframework.web.struts-sources-3.0.5.RELEASE.jar</fileName>
            <filePath>/home/bcraig/Documents/Thesis/Analysis/reports/springframework/Source/org.springframework.web.struts-sources-3.0.5.RELEASE.jar</filePath>
            <md5>84A8850F6685FE7C2E01D9EBD5F749DD</md5>
            <sha1>EAA174FD8D649F3BD37F68ED282A9C9E7EEB0538</sha1>
            <evidenceCollected>
                <evidence>
                    <source>file</source>
                    <name>name</name>
                    <value>org.springframework.web.struts-sources-3.0.5.RELEASE</value>
                </evidence>
            </evidenceCollected>
        </dependency>
        <dependency>
            <fileName>org.springframework.instrument.tomcat-sources-3.0.5.RELEASE.jar</fileName>
            <filePath>/home/bcraig/Documents/Thesis/Analysis/reports/springframework/Source/org.springframework.instrument.tomcat-sources-3.0.5.RELEASE.jar</filePath>
            <md5>966130D1D698F44BE99B8E0123BD83C2</md5>
            <sha1>26D18E626407A0FA8B1D4A51B4F08AFAC87B771D</sha1>
            <evidenceCollected>
                <evidence>
                    <source>file</source>
                    <name>name</name>
                    <value>org.springframework.instrument.tomcat-sources-3.0.5.RELEASE</value>
                </evidence>
            </evidenceCollected>
        </dependency>
        <dependency>
            <fileName>org.springframework.transaction-sources-3.0.5.RELEASE.jar</fileName>
            <filePath>/home/bcraig/Documents/Thesis/Analysis/reports/springframework/Source/org.springframework.transaction-sources-3.0.5.RELEASE.jar</filePath>
            <md5>2501E1332529E22715F2426D69913DF5</md5>
            <sha1>20AA826B3884F6D0DDCE2E0FCA20B160F8CCF3F9</sha1>
            <evidenceCollected>
                <evidence>
                    <source>file</source>
                    <name>name</name>
                    <value>org.springframework.transaction-sources-3.0.5.RELEASE</value>
                </evidence>
            </evidenceCollected>
        </dependency>
        <dependency>
            <fileName>org.springframework.web.portlet-sources-3.0.5.RELEASE.jar</fileName>
            <filePath>/home/bcraig/Documents/Thesis/Analysis/reports/springframework/Source/org.springframework.web.portlet-sources-3.0.5.RELEASE.jar</filePath>
            <md5>1179BB8D3E7DEB977EA63CA9C6324A2C</md5>
            <sha1>E630FCCA1E5D6AF1A3024404043DCFB1591E6427</sha1>
            <evidenceCollected>
                <evidence>
                    <source>file</source>
                    <name>name</name>
                    <value>org.springframework.web.portlet-sources-3.0.5.RELEASE</value>
                </evidence>
            </evidenceCollected>
        </dependency>
        <dependency>
            <fileName>org.springframework.instrument-sources-3.0.5.RELEASE.jar</fileName>
            <filePath>/home/bcraig/Documents/Thesis/Analysis/reports/springframework/Source/org.springframework.instrument-sources-3.0.5.RELEASE.jar</filePath>
            <md5>451D3F86F6A9FBC03D90AB40374CF9A5</md5>
            <sha1>E7EBA47A639564A1D182E3C799E75B0F6FD2B6D3</sha1>
            <evidenceCollected>
                <evidence>
                    <source>file</source>
                    <name>name</name>
                    <value>org.springframework.instrument-sources-3.0.5.RELEASE</value>
                </evidence>
            </evidenceCollected>
        </dependency>
    </dependencies>
</analysis>