<?xml version="1.0"?>
<analysis xmlns="https://www.owasp.org/index.php/OWASP_Dependency_Check">
    <projectInfo>
        <name>tapestry</name>
        <reportDate>Feb 8, 2014 12:15:44 PM</reportDate>
        <credits>This report contains data retrieved from the National Vulnerability Database: http://nvd.nist.gov</credits>
    </projectInfo>
    <dependencies>
        <dependency>
            <fileName>tapestry-core-5.1.0.5.jar</fileName>
            <filePath>/home/bcraig/Documents/Thesis/Analysis/reports/tapestry/Source/tapestry-core-5.1.0.5.jar</filePath>
            <md5>5A3462EEF92B8218DE519FA516756B7D</md5>
            <sha1>1A567375F7BE65D12B7AF6D9C06576740AA64107</sha1>
            <description>
        Central module for Tapestry, containing interfaces to the Java
        Servlet API and all core services and components.
    </description>
            <evidenceCollected>
                <evidence>
                    <source>file</source>
                    <name>name</name>
                    <value>tapestry-core-5.1.0.5</value>
                </evidence>
                <evidence>
                    <source>jar</source>
                    <name>package</name>
                    <value>apache</value>
                </evidence>
                <evidence>
                    <source>jar</source>
                    <name>package</name>
                    <value>internal</value>
                </evidence>
                <evidence>
                    <source>jar</source>
                    <name>package</name>
                    <value>tapestry5</value>
                </evidence>
                <evidence>
                    <source>jar</source>
                    <name>package name</name>
                    <value>apache</value>
                </evidence>
                <evidence>
                    <source>jar</source>
                    <name>package name</name>
                    <value>component</value>
                </evidence>
                <evidence>
                    <source>jar</source>
                    <name>package name</name>
                    <value>components</value>
                </evidence>
                <evidence>
                    <source>jar</source>
                    <name>package name</name>
                    <value>core</value>
                </evidence>
                <evidence>
                    <source>jar</source>
                    <name>package name</name>
                    <value>service</value>
                </evidence>
                <evidence>
                    <source>jar</source>
                    <name>package name</name>
                    <value>services</value>
                </evidence>
                <evidence>
                    <source>pom</source>
                    <name>artifactid</name>
                    <value>tapestry-core</value>
                </evidence>
                <evidence>
                    <source>pom</source>
                    <name>artifactid</name>
                    <value>tapestry-core</value>
                </evidence>
                <evidence>
                    <source>pom</source>
                    <name>description</name>
                    <value>Central module for Tapestry, containing interfaces to the Java
        Servlet API and all core services and components.</value>
                </evidence>
                <evidence>
                    <source>pom</source>
                    <name>groupid</name>
                    <value>apache.tapestry</value>
                </evidence>
                <evidence>
                    <source>pom</source>
                    <name>groupid</name>
                    <value>apache.tapestry</value>
                </evidence>
                <evidence>
                    <source>pom</source>
                    <name>name</name>
                    <value>Tapestry Core Library</value>
                </evidence>
            </evidenceCollected>
        </dependency>
        <dependency>
            <fileName>tapestry-ioc-5.1.0.5.jar</fileName>
            <filePath>/home/bcraig/Documents/Thesis/Analysis/reports/tapestry/Source/tapestry-ioc-5.1.0.5.jar</filePath>
            <md5>C07178AC3D27D6F953F8063F0637426F</md5>
            <sha1>580C75CF042D3F1443643B34AD2115A21D9424AF</sha1>
            <description>
        A code-centric, high-performance, simple Inversion of Control
        container.
    </description>
            <evidenceCollected>
                <evidence>
                    <source>file</source>
                    <name>name</name>
                    <value>tapestry-ioc-5.1.0.5</value>
                </evidence>
                <evidence>
                    <source>jar</source>
                    <name>package</name>
                    <value>apache</value>
                </evidence>
                <evidence>
                    <source>jar</source>
                    <name>package</name>
                    <value>internal</value>
                </evidence>
                <evidence>
                    <source>jar</source>
                    <name>package</name>
                    <value>ioc</value>
                </evidence>
                <evidence>
                    <source>jar</source>
                    <name>package</name>
                    <value>tapestry5</value>
                </evidence>
                <evidence>
                    <source>jar</source>
                    <name>package name</name>
                    <value>apache</value>
                </evidence>
                <evidence>
                    <source>jar</source>
                    <name>package name</name>
                    <value>ioc</value>
                </evidence>
                <evidence>
                    <source>pom</source>
                    <name>artifactid</name>
                    <value>tapestry-ioc</value>
                </evidence>
                <evidence>
                    <source>pom</source>
                    <name>artifactid</name>
                    <value>tapestry-ioc</value>
                </evidence>
                <evidence>
                    <source>pom</source>
                    <name>description</name>
                    <value>A code-centric, high-performance, simple Inversion of Control
        container.</value>
                </evidence>
                <evidence>
                    <source>pom</source>
                    <name>groupid</name>
                    <value>apache.tapestry</value>
                </evidence>
                <evidence>
                    <source>pom</source>
                    <name>groupid</name>
                    <value>apache.tapestry</value>
                </evidence>
                <evidence>
                    <source>pom</source>
                    <name>name</name>
                    <value>Tapestry Inversion of Control Container</value>
                </evidence>
            </evidenceCollected>
        </dependency>
        <dependency>
            <fileName>tapestry-hibernate-core-5.1.0.5.jar</fileName>
            <filePath>/home/bcraig/Documents/Thesis/Analysis/reports/tapestry/Source/tapestry-hibernate-core-5.1.0.5.jar</filePath>
            <md5>774629781702EA5B67C4B09D44F8A203</md5>
            <sha1>233809863725DEC2017F931A9C78B7F72F29074F</sha1>
            <description>
        Basic Hibernate services for Tapestry, useable outside of a Tapestry web application
    </description>
            <evidenceCollected>
                <evidence>
                    <source>file</source>
                    <name>name</name>
                    <value>tapestry-hibernate-core-5.1.0.5</value>
                </evidence>
                <evidence>
                    <source>jar</source>
                    <name>package</name>
                    <value>apache</value>
                </evidence>
                <evidence>
                    <source>jar</source>
                    <name>package</name>
                    <value>hibernate</value>
                </evidence>
                <evidence>
                    <source>jar</source>
                    <name>package</name>
                    <value>tapestry5</value>
                </evidence>
                <evidence>
                    <source>jar</source>
                    <name>package name</name>
                    <value>apache</value>
                </evidence>
                <evidence>
                    <source>jar</source>
                    <name>package name</name>
                    <value>hibernate</value>
                </evidence>
                <evidence>
                    <source>pom</source>
                    <name>artifactid</name>
                    <value>tapestry-hibernate-core</value>
                </evidence>
                <evidence>
                    <source>pom</source>
                    <name>artifactid</name>
                    <value>tapestry-hibernate-core</value>
                </evidence>
                <evidence>
                    <source>pom</source>
                    <name>description</name>
                    <value>Basic Hibernate services for Tapestry, useable outside of a Tapestry web application</value>
                </evidence>
                <evidence>
                    <source>pom</source>
                    <name>groupid</name>
                    <value>apache.tapestry</value>
                </evidence>
                <evidence>
                    <source>pom</source>
                    <name>groupid</name>
                    <value>apache.tapestry</value>
                </evidence>
                <evidence>
                    <source>pom</source>
                    <name>name</name>
                    <value>Tapestry Hibernate Support</value>
                </evidence>
            </evidenceCollected>
        </dependency>
        <dependency>
            <fileName>tapestry-spring-5.1.0.5.jar</fileName>
            <filePath>/home/bcraig/Documents/Thesis/Analysis/reports/tapestry/Source/tapestry-spring-5.1.0.5.jar</filePath>
            <md5>C13A4D02727DACAC5C603EA136267F3E</md5>
            <sha1>DFEAA8B4C0C404C19CC40810B9447782481A4B24</sha1>
            <description>
        Provides integration of Tapestry with the Spring IoC container.
    </description>
            <evidenceCollected>
                <evidence>
                    <source>file</source>
                    <name>name</name>
                    <value>tapestry-spring-5.1.0.5</value>
                </evidence>
                <evidence>
                    <source>jar</source>
                    <name>package</name>
                    <value>apache</value>
                </evidence>
                <evidence>
                    <source>jar</source>
                    <name>package</name>
                    <value>internal</value>
                </evidence>
                <evidence>
                    <source>jar</source>
                    <name>package</name>
                    <value>spring</value>
                </evidence>
                <evidence>
                    <source>jar</source>
                    <name>package</name>
                    <value>tapestry5</value>
                </evidence>
                <evidence>
                    <source>jar</source>
                    <name>package name</name>
                    <value>apache</value>
                </evidence>
                <evidence>
                    <source>jar</source>
                    <name>package name</name>
                    <value>spring</value>
                </evidence>
                <evidence>
                    <source>pom</source>
                    <name>artifactid</name>
                    <value>tapestry-spring</value>
                </evidence>
                <evidence>
                    <source>pom</source>
                    <name>artifactid</name>
                    <value>tapestry-spring</value>
                </evidence>
                <evidence>
                    <source>pom</source>
                    <name>description</name>
                    <value>Provides integration of Tapestry with the Spring IoC container.</value>
                </evidence>
                <evidence>
                    <source>pom</source>
                    <name>groupid</name>
                    <value>apache.tapestry</value>
                </evidence>
                <evidence>
                    <source>pom</source>
                    <name>groupid</name>
                    <value>apache.tapestry</value>
                </evidence>
                <evidence>
                    <source>pom</source>
                    <name>name</name>
                    <value>Tapestry/Spring Integration Library</value>
                </evidence>
            </evidenceCollected>
        </dependency>
        <dependency>
            <fileName>tapestry-hibernate-5.1.0.5.jar</fileName>
            <filePath>/home/bcraig/Documents/Thesis/Analysis/reports/tapestry/Source/tapestry-hibernate-5.1.0.5.jar</filePath>
            <md5>3F83B41BA0633BC3F875EB89F09BC06C</md5>
            <sha1>7147B1EF457F6852A21D1FEE1FE1B13C02615C23</sha1>
            <description>
        Provides support for simple CRUD applications built on top of
        Tapestry and Hibernate
    </description>
            <evidenceCollected>
                <evidence>
                    <source>file</source>
                    <name>name</name>
                    <value>tapestry-hibernate-5.1.0.5</value>
                </evidence>
                <evidence>
                    <source>jar</source>
                    <name>package</name>
                    <value>apache</value>
                </evidence>
                <evidence>
                    <source>jar</source>
                    <name>package</name>
                    <value>hibernate</value>
                </evidence>
                <evidence>
                    <source>jar</source>
                    <name>package</name>
                    <value>internal</value>
                </evidence>
                <evidence>
                    <source>jar</source>
                    <name>package</name>
                    <value>tapestry5</value>
                </evidence>
                <evidence>
                    <source>jar</source>
                    <name>package name</name>
                    <value>apache</value>
                </evidence>
                <evidence>
                    <source>jar</source>
                    <name>package name</name>
                    <value>hibernate</value>
                </evidence>
                <evidence>
                    <source>pom</source>
                    <name>artifactid</name>
                    <value>tapestry-hibernate</value>
                </evidence>
                <evidence>
                    <source>pom</source>
                    <name>artifactid</name>
                    <value>tapestry-hibernate</value>
                </evidence>
                <evidence>
                    <source>pom</source>
                    <name>description</name>
                    <value>Provides support for simple CRUD applications built on top of
        Tapestry and Hibernate</value>
                </evidence>
                <evidence>
                    <source>pom</source>
                    <name>groupid</name>
                    <value>apache.tapestry</value>
                </evidence>
                <evidence>
                    <source>pom</source>
                    <name>groupid</name>
                    <value>apache.tapestry</value>
                </evidence>
                <evidence>
                    <source>pom</source>
                    <name>name</name>
                    <value>Tapestry/Hibernate Integration Library</value>
                </evidence>
            </evidenceCollected>
        </dependency>
        <dependency>
            <fileName>tapestry-test-5.1.0.5.jar</fileName>
            <filePath>/home/bcraig/Documents/Thesis/Analysis/reports/tapestry/Source/tapestry-test-5.1.0.5.jar</filePath>
            <md5>A8398B8BD82E20A021E26BAD360690E5</md5>
            <sha1>DEA3FF246609CF931B2AEB226CE4209FB3FC68A0</sha1>
            <description>Test utilities needed by Tapestry</description>
            <evidenceCollected>
                <evidence>
                    <source>file</source>
                    <name>name</name>
                    <value>5.1.0.5</value>
                </evidence>
                <evidence>
                    <source>file</source>
                    <name>name</name>
                    <value>tapestry-test-5.1.0.5</value>
                </evidence>
                <evidence>
                    <source>file</source>
                    <name>name</name>
                    <value>tapestry-test-5.1.0.5</value>
                </evidence>
                <evidence>
                    <source>jar</source>
                    <name>package</name>
                    <value>apache</value>
                </evidence>
                <evidence>
                    <source>jar</source>
                    <name>package</name>
                    <value>tapestry5</value>
                </evidence>
                <evidence>
                    <source>jar</source>
                    <name>package</name>
                    <value>test</value>
                </evidence>
                <evidence>
                    <source>jar</source>
                    <name>package name</name>
                    <value>apache</value>
                </evidence>
                <evidence>
                    <source>jar</source>
                    <name>package name</name>
                    <value>test</value>
                </evidence>
                <evidence>
                    <source>pom</source>
                    <name>artifactid</name>
                    <value>tapestry-test</value>
                </evidence>
                <evidence>
                    <source>pom</source>
                    <name>artifactid</name>
                    <value>tapestry-test</value>
                </evidence>
                <evidence>
                    <source>pom</source>
                    <name>description</name>
                    <value>Test utilities needed by Tapestry</value>
                </evidence>
                <evidence>
                    <source>pom</source>
                    <name>groupid</name>
                    <value>apache.tapestry</value>
                </evidence>
                <evidence>
                    <source>pom</source>
                    <name>groupid</name>
                    <value>apache.tapestry</value>
                </evidence>
                <evidence>
                    <source>pom</source>
                    <name>name</name>
                    <value>Tapestry Test Utilities</value>
                </evidence>
            </evidenceCollected>
            <identifiers>
                <identifier type="cpe">
                    <name>(cpe:/a:apache:apache_test:5.1.0.5)</name>
                </identifier>
            </identifiers>
        </dependency>
        <dependency>
            <fileName>tapestry-upload-5.1.0.5.jar</fileName>
            <filePath>/home/bcraig/Documents/Thesis/Analysis/reports/tapestry/Source/tapestry-upload-5.1.0.5.jar</filePath>
            <md5>D8B91C3A6CD351A5AD24521988199B2E</md5>
            <sha1>B45C80D80BA5E47202AF6FACDBE96DA4E666DD4F</sha1>
            <description>
        Provides a file upload component for Tapestry, based on Jakarta
        commons-fileupload.
    </description>
            <evidenceCollected>
                <evidence>
                    <source>file</source>
                    <name>name</name>
                    <value>5.1.0.5</value>
                </evidence>
                <evidence>
                    <source>file</source>
                    <name>name</name>
                    <value>tapestry-upload-5.1.0.5</value>
                </evidence>
                <evidence>
                    <source>file</source>
                    <name>name</name>
                    <value>tapestry-upload-5.1.0.5</value>
                </evidence>
                <evidence>
                    <source>jar</source>
                    <name>package</name>
                    <value>apache</value>
                </evidence>
                <evidence>
                    <source>jar</source>
                    <name>package</name>
                    <value>internal</value>
                </evidence>
                <evidence>
                    <source>jar</source>
                    <name>package</name>
                    <value>tapestry5</value>
                </evidence>
                <evidence>
                    <source>jar</source>
                    <name>package</name>
                    <value>upload</value>
                </evidence>
                <evidence>
                    <source>jar</source>
                    <name>package name</name>
                    <value>apache</value>
                </evidence>
                <evidence>
                    <source>jar</source>
                    <name>package name</name>
                    <value>upload</value>
                </evidence>
                <evidence>
                    <source>pom</source>
                    <name>artifactid</name>
                    <value>tapestry-upload</value>
                </evidence>
                <evidence>
                    <source>pom</source>
                    <name>artifactid</name>
                    <value>tapestry-upload</value>
                </evidence>
                <evidence>
                    <source>pom</source>
                    <name>description</name>
                    <value>Provides a file upload component for Tapestry, based on Jakarta
        commons-fileupload.</value>
                </evidence>
                <evidence>
                    <source>pom</source>
                    <name>groupid</name>
                    <value>apache.tapestry</value>
                </evidence>
                <evidence>
                    <source>pom</source>
                    <name>groupid</name>
                    <value>apache.tapestry</value>
                </evidence>
                <evidence>
                    <source>pom</source>
                    <name>name</name>
                    <value>Tapestry File Upload Component Library</value>
                </evidence>
            </evidenceCollected>
            <identifiers>
                <identifier type="cpe">
                    <name>(cpe:/a:apache:commons_fileupload:5.1.0.5)</name>
                </identifier>
            </identifiers>
        </dependency>
        <dependency>
            <fileName>tapestry5-annotations-5.1.0.5.jar</fileName>
            <filePath>/home/bcraig/Documents/Thesis/Analysis/reports/tapestry/Source/tapestry5-annotations-5.1.0.5.jar</filePath>
            <md5>A0AD7C113310B4477B0C8C51A97B3807</md5>
            <sha1>92844DD725A74F8C7C68209DA9EDBFECAB8BD5E5</sha1>
            <description>
        Annotations used with Tapestry applications.
    </description>
            <evidenceCollected>
                <evidence>
                    <source>file</source>
                    <name>name</name>
                    <value>tapestry5-annotations-5.1.0.5</value>
                </evidence>
                <evidence>
                    <source>jar</source>
                    <name>package</name>
                    <value>annotations</value>
                </evidence>
                <evidence>
                    <source>jar</source>
                    <name>package</name>
                    <value>apache</value>
                </evidence>
                <evidence>
                    <source>jar</source>
                    <name>package</name>
                    <value>ioc</value>
                </evidence>
                <evidence>
                    <source>jar</source>
                    <name>package</name>
                    <value>tapestry5</value>
                </evidence>
                <evidence>
                    <source>jar</source>
                    <name>package name</name>
                    <value>annotations</value>
                </evidence>
                <evidence>
                    <source>jar</source>
                    <name>package name</name>
                    <value>apache</value>
                </evidence>
                <evidence>
                    <source>jar</source>
                    <name>package name</name>
                    <value>tapestry5</value>
                </evidence>
                <evidence>
                    <source>pom</source>
                    <name>artifactid</name>
                    <value>tapestry5-annotations</value>
                </evidence>
                <evidence>
                    <source>pom</source>
                    <name>artifactid</name>
                    <value>tapestry5-annotations</value>
                </evidence>
                <evidence>
                    <source>pom</source>
                    <name>description</name>
                    <value>Annotations used with Tapestry applications.</value>
                </evidence>
                <evidence>
                    <source>pom</source>
                    <name>groupid</name>
                    <value>apache.tapestry</value>
                </evidence>
                <evidence>
                    <source>pom</source>
                    <name>groupid</name>
                    <value>apache.tapestry</value>
                </evidence>
                <evidence>
                    <source>pom</source>
                    <name>name</name>
                    <value>Tapestry Annotations</value>
                </evidence>
            </evidenceCollected>
        </dependency>
    </dependencies>
</analysis>