<?xml version="1.0"?>
<analysis xmlns="https://www.owasp.org/index.php/OWASP_Dependency_Check">
    <projectInfo>
        <name>velocity</name>
        <reportDate>Feb 8, 2014 12:16:57 PM</reportDate>
        <credits>This report contains data retrieved from the National Vulnerability Database: http://nvd.nist.gov</credits>
    </projectInfo>
    <dependencies>
        <dependency>
            <fileName>commons-collections-3.2.1.jar</fileName>
            <filePath>/home/bcraig/Documents/Thesis/Analysis/reports/velocity/3rdParty/commons-collections-3.2.1.jar</filePath>
            <md5>13BC641AFD7FD95E09B260F69C1E4C91</md5>
            <sha1>761EA405B9B37CED573D2DF0D1E3A4E0F9EDC668</sha1>
            <description>Types that extend and augment the Java Collections Framework.</description>
            <license>http://www.apache.org/licenses/LICENSE-2.0.txt</license>
            <evidenceCollected>
                <evidence>
                    <source>file</source>
                    <name>name</name>
                    <value>commons-collections-3.2.1</value>
                </evidence>
                <evidence>
                    <source>jar</source>
                    <name>package name</name>
                    <value>apache</value>
                </evidence>
                <evidence>
                    <source>jar</source>
                    <name>package name</name>
                    <value>collection</value>
                </evidence>
                <evidence>
                    <source>jar</source>
                    <name>package name</name>
                    <value>collections</value>
                </evidence>
                <evidence>
                    <source>jar</source>
                    <name>package name</name>
                    <value>commons</value>
                </evidence>
                <evidence>
                    <source>Manifest</source>
                    <name>bundle-docurl</name>
                    <value>http://commons.apache.org/collections/</value>
                </evidence>
                <evidence>
                    <source>Manifest</source>
                    <name>Bundle-Name</name>
                    <value>Commons Collections</value>
                </evidence>
                <evidence>
                    <source>Manifest</source>
                    <name>bundle-symbolicname</name>
                    <value>org.apache.commons.collections</value>
                </evidence>
                <evidence>
                    <source>Manifest</source>
                    <name>Bundle-Vendor</name>
                    <value>The Apache Software Foundation</value>
                </evidence>
                <evidence>
                    <source>Manifest</source>
                    <name>Implementation-Title</name>
                    <value>Commons Collections</value>
                </evidence>
                <evidence>
                    <source>Manifest</source>
                    <name>Implementation-Vendor</name>
                    <value>The Apache Software Foundation</value>
                </evidence>
                <evidence>
                    <source>Manifest</source>
                    <name>Implementation-Vendor-Id</name>
                    <value>org.apache</value>
                </evidence>
                <evidence>
                    <source>Manifest</source>
                    <name>specification-title</name>
                    <value>Commons Collections</value>
                </evidence>
                <evidence>
                    <source>Manifest</source>
                    <name>specification-vendor</name>
                    <value>The Apache Software Foundation</value>
                </evidence>
                <evidence>
                    <source>pom</source>
                    <name>artifactid</name>
                    <value>commons-collections</value>
                </evidence>
                <evidence>
                    <source>pom</source>
                    <name>artifactid</name>
                    <value>commons-collections</value>
                </evidence>
                <evidence>
                    <source>pom</source>
                    <name>description</name>
                    <value>Types that extend and augment the Java Collections Framework.</value>
                </evidence>
                <evidence>
                    <source>pom</source>
                    <name>groupid</name>
                    <value>commons-collections</value>
                </evidence>
                <evidence>
                    <source>pom</source>
                    <name>groupid</name>
                    <value>commons-collections</value>
                </evidence>
                <evidence>
                    <source>pom</source>
                    <name>name</name>
                    <value>Commons Collections</value>
                </evidence>
            </evidenceCollected>
        </dependency>
        <dependency>
            <fileName>maven-ant-tasks-2.0.9.jar</fileName>
            <filePath>/home/bcraig/Documents/Thesis/Analysis/reports/velocity/3rdParty/maven-ant-tasks-2.0.9.jar</filePath>
            <md5>056BCBA0C5FF9E954BBDFDEC1138063F</md5>
            <sha1>B539E357A1413E53AE429E4607310DB7851257D3</sha1>
            <description>
    Shared Library for the wagon-http, and wagon-http-lightweight wagon providers.
  </description>
            <evidenceCollected>
                <evidence>
                    <source>file</source>
                    <name>name</name>
                    <value>2.0.9</value>
                </evidence>
                <evidence>
                    <source>file</source>
                    <name>name</name>
                    <value>maven-ant-tasks-2.0.9</value>
                </evidence>
                <evidence>
                    <source>file</source>
                    <name>name</name>
                    <value>maven-ant-tasks-2.0.9</value>
                </evidence>
                <evidence>
                    <source>jar</source>
                    <name>package name</name>
                    <value>ant</value>
                </evidence>
                <evidence>
                    <source>jar</source>
                    <name>package name</name>
                    <value>apache</value>
                </evidence>
                <evidence>
                    <source>jar</source>
                    <name>package name</name>
                    <value>artifact</value>
                </evidence>
                <evidence>
                    <source>jar</source>
                    <name>package name</name>
                    <value>build</value>
                </evidence>
                <evidence>
                    <source>jar</source>
                    <name>package name</name>
                    <value>component</value>
                </evidence>
                <evidence>
                    <source>jar</source>
                    <name>package name</name>
                    <value>diagnostics</value>
                </evidence>
                <evidence>
                    <source>jar</source>
                    <name>package name</name>
                    <value>io</value>
                </evidence>
                <evidence>
                    <source>jar</source>
                    <name>package name</name>
                    <value>manager</value>
                </evidence>
                <evidence>
                    <source>jar</source>
                    <name>package name</name>
                    <value>maven</value>
                </evidence>
                <evidence>
                    <source>jar</source>
                    <name>package name</name>
                    <value>metadata</value>
                </evidence>
                <evidence>
                    <source>jar</source>
                    <name>package name</name>
                    <value>model</value>
                </evidence>
                <evidence>
                    <source>jar</source>
                    <name>package name</name>
                    <value>org</value>
                </evidence>
                <evidence>
                    <source>jar</source>
                    <name>package name</name>
                    <value>plexus</value>
                </evidence>
                <evidence>
                    <source>jar</source>
                    <name>package name</name>
                    <value>plugin</value>
                </evidence>
                <evidence>
                    <source>jar</source>
                    <name>package name</name>
                    <value>profile</value>
                </evidence>
                <evidence>
                    <source>jar</source>
                    <name>package name</name>
                    <value>project</value>
                </evidence>
                <evidence>
                    <source>jar</source>
                    <name>package name</name>
                    <value>protocol</value>
                </evidence>
                <evidence>
                    <source>jar</source>
                    <name>package name</name>
                    <value>providers</value>
                </evidence>
                <evidence>
                    <source>jar</source>
                    <name>package name</name>
                    <value>registry</value>
                </evidence>
                <evidence>
                    <source>jar</source>
                    <name>package name</name>
                    <value>repository</value>
                </evidence>
                <evidence>
                    <source>jar</source>
                    <name>package name</name>
                    <value>settings</value>
                </evidence>
                <evidence>
                    <source>jar</source>
                    <name>package name</name>
                    <value>shared</value>
                </evidence>
                <evidence>
                    <source>jar</source>
                    <name>package name</name>
                    <value>util</value>
                </evidence>
                <evidence>
                    <source>jar</source>
                    <name>package name</name>
                    <value>wagon</value>
                </evidence>
                <evidence>
                    <source>Manifest</source>
                    <name>Implementation-Title</name>
                    <value>Maven Ant Task</value>
                </evidence>
                <evidence>
                    <source>Manifest</source>
                    <name>Implementation-Vendor</name>
                    <value>The Apache Software Foundation</value>
                </evidence>
                <evidence>
                    <source>Manifest</source>
                    <name>Implementation-Vendor-Id</name>
                    <value>org.apache.maven</value>
                </evidence>
                <evidence>
                    <source>Manifest</source>
                    <name>Implementation-Version</name>
                    <value>2.0.9</value>
                </evidence>
                <evidence>
                    <source>Manifest</source>
                    <name>specification-title</name>
                    <value>Maven Ant Task</value>
                </evidence>
                <evidence>
                    <source>Manifest</source>
                    <name>specification-vendor</name>
                    <value>The Apache Software Foundation</value>
                </evidence>
                <evidence>
                    <source>Manifest</source>
                    <name>specification-version</name>
                    <value>2.0.9</value>
                </evidence>
                <evidence>
                    <source>pom</source>
                    <name>artifactid</name>
                    <value>maven-ant-tasks</value>
                </evidence>
                <evidence>
                    <source>pom</source>
                    <name>artifactid</name>
                    <value>maven-ant-tasks</value>
                </evidence>
                <evidence>
                    <source>pom</source>
                    <name>artifactid</name>
                    <value>maven-artifact</value>
                </evidence>
                <evidence>
                    <source>pom</source>
                    <name>artifactid</name>
                    <value>maven-artifact</value>
                </evidence>
                <evidence>
                    <source>pom</source>
                    <name>artifactid</name>
                    <value>maven-artifact-manager</value>
                </evidence>
                <evidence>
                    <source>pom</source>
                    <name>artifactid</name>
                    <value>maven-artifact-manager</value>
                </evidence>
                <evidence>
                    <source>pom</source>
                    <name>artifactid</name>
                    <value>maven-error-diagnostics</value>
                </evidence>
                <evidence>
                    <source>pom</source>
                    <name>artifactid</name>
                    <value>maven-error-diagnostics</value>
                </evidence>
                <evidence>
                    <source>pom</source>
                    <name>artifactid</name>
                    <value>maven-model</value>
                </evidence>
                <evidence>
                    <source>pom</source>
                    <name>artifactid</name>
                    <value>maven-model</value>
                </evidence>
                <evidence>
                    <source>pom</source>
                    <name>artifactid</name>
                    <value>maven-plugin-registry</value>
                </evidence>
                <evidence>
                    <source>pom</source>
                    <name>artifactid</name>
                    <value>maven-plugin-registry</value>
                </evidence>
                <evidence>
                    <source>pom</source>
                    <name>artifactid</name>
                    <value>maven-profile</value>
                </evidence>
                <evidence>
                    <source>pom</source>
                    <name>artifactid</name>
                    <value>maven-profile</value>
                </evidence>
                <evidence>
                    <source>pom</source>
                    <name>artifactid</name>
                    <value>maven-project</value>
                </evidence>
                <evidence>
                    <source>pom</source>
                    <name>artifactid</name>
                    <value>maven-project</value>
                </evidence>
                <evidence>
                    <source>pom</source>
                    <name>artifactid</name>
                    <value>maven-repository-metadata</value>
                </evidence>
                <evidence>
                    <source>pom</source>
                    <name>artifactid</name>
                    <value>maven-repository-metadata</value>
                </evidence>
                <evidence>
                    <source>pom</source>
                    <name>artifactid</name>
                    <value>maven-settings</value>
                </evidence>
                <evidence>
                    <source>pom</source>
                    <name>artifactid</name>
                    <value>maven-settings</value>
                </evidence>
                <evidence>
                    <source>pom</source>
                    <name>artifactid</name>
                    <value>plexus-container-default</value>
                </evidence>
                <evidence>
                    <source>pom</source>
                    <name>artifactid</name>
                    <value>plexus-container-default</value>
                </evidence>
                <evidence>
                    <source>pom</source>
                    <name>artifactid</name>
                    <value>plexus-utils</value>
                </evidence>
                <evidence>
                    <source>pom</source>
                    <name>artifactid</name>
                    <value>plexus-utils</value>
                </evidence>
                <evidence>
                    <source>pom</source>
                    <name>artifactid</name>
                    <value>wagon-file</value>
                </evidence>
                <evidence>
                    <source>pom</source>
                    <name>artifactid</name>
                    <value>wagon-file</value>
                </evidence>
                <evidence>
                    <source>pom</source>
                    <name>artifactid</name>
                    <value>wagon-http-lightweight</value>
                </evidence>
                <evidence>
                    <source>pom</source>
                    <name>artifactid</name>
                    <value>wagon-http-lightweight</value>
                </evidence>
                <evidence>
                    <source>pom</source>
                    <name>artifactid</name>
                    <value>wagon-http-shared</value>
                </evidence>
                <evidence>
                    <source>pom</source>
                    <name>artifactid</name>
                    <value>wagon-http-shared</value>
                </evidence>
                <evidence>
                    <source>pom</source>
                    <name>artifactid</name>
                    <value>wagon-provider-api</value>
                </evidence>
                <evidence>
                    <source>pom</source>
                    <name>artifactid</name>
                    <value>wagon-provider-api</value>
                </evidence>
                <evidence>
                    <source>pom</source>
                    <name>description</name>
                    <value>Shared Library for the wagon-http, and wagon-http-lightweight wagon providers.</value>
                </evidence>
                <evidence>
                    <source>pom</source>
                    <name>description</name>
                    <value>Wagon that gets and puts artifacts through http using standard Java library</value>
                </evidence>
                <evidence>
                    <source>pom</source>
                    <name>description</name>
                    <value>Wagon that gets and puts artifacts using file system protocol</value>
                </evidence>
                <evidence>
                    <source>pom</source>
                    <name>description</name>
                    <value>Maven Model</value>
                </evidence>
                <evidence>
                    <source>pom</source>
                    <name>description</name>
                    <value>Maven Plugin Mapping</value>
                </evidence>
                <evidence>
                    <source>pom</source>
                    <name>description</name>
                    <value>Maven Wagon API that defines the contract between different Wagon implementations</value>
                </evidence>
                <evidence>
                    <source>pom</source>
                    <name>description</name>
                    <value>Provides a manager component which will process a given Throwable instance through a set of diagnostic
    sub-components, and return a String message with user-friendly information about the error and possibly
    how to fix it.</value>
                </evidence>
                <evidence>
                    <source>pom</source>
                    <name>description</name>
                    <value>This library is used to not only read Maven project object model files, but to assemble inheritence
    and to retrieve remote models as required.</value>
                </evidence>
                <evidence>
                    <source>pom</source>
                    <name>groupid</name>
                    <value>apache.maven</value>
                </evidence>
                <evidence>
                    <source>pom</source>
                    <name>groupid</name>
                    <value>apache.maven</value>
                </evidence>
                <evidence>
                    <source>pom</source>
                    <name>name</name>
                    <value>Default Plexus Container</value>
                </evidence>
                <evidence>
                    <source>pom</source>
                    <name>name</name>
                    <value>Maven Ant Task</value>
                </evidence>
                <evidence>
                    <source>pom</source>
                    <name>name</name>
                    <value>Maven Artifact</value>
                </evidence>
                <evidence>
                    <source>pom</source>
                    <name>name</name>
                    <value>Maven Artifact Manager</value>
                </evidence>
                <evidence>
                    <source>pom</source>
                    <name>name</name>
                    <value>Maven Error Diagnostics</value>
                </evidence>
                <evidence>
                    <source>pom</source>
                    <name>name</name>
                    <value>Maven Local Settings Model</value>
                </evidence>
                <evidence>
                    <source>pom</source>
                    <name>name</name>
                    <value>Maven Model</value>
                </evidence>
                <evidence>
                    <source>pom</source>
                    <name>name</name>
                    <value>Maven Plugin Registry Model</value>
                </evidence>
                <evidence>
                    <source>pom</source>
                    <name>name</name>
                    <value>Maven Profile Model</value>
                </evidence>
                <evidence>
                    <source>pom</source>
                    <name>name</name>
                    <value>Maven Project Builder</value>
                </evidence>
                <evidence>
                    <source>pom</source>
                    <name>name</name>
                    <value>Maven Repository Metadata Model</value>
                </evidence>
                <evidence>
                    <source>pom</source>
                    <name>name</name>
                    <value>Maven Wagon API</value>
                </evidence>
                <evidence>
                    <source>pom</source>
                    <name>name</name>
                    <value>Maven Wagon File Provider</value>
                </evidence>
                <evidence>
                    <source>pom</source>
                    <name>name</name>
                    <value>Maven Wagon HTTP Shared Library</value>
                </evidence>
                <evidence>
                    <source>pom</source>
                    <name>name</name>
                    <value>Maven Wagon Lightweight HTTP Provider</value>
                </evidence>
                <evidence>
                    <source>pom</source>
                    <name>name</name>
                    <value>Plexus Common Utilities</value>
                </evidence>
                <evidence>
                    <source>pom</source>
                    <name>version</name>
                    <value>1.0-alpha-9-stable-1</value>
                </evidence>
                <evidence>
                    <source>pom</source>
                    <name>version</name>
                    <value>1.5.1</value>
                </evidence>
                <evidence>
                    <source>pom</source>
                    <name>version</name>
                    <value>2.0.9</value>
                </evidence>
            </evidenceCollected>
        </dependency>
        <dependency>
            <fileName>commons-logging-1.1.jar</fileName>
            <filePath>/home/bcraig/Documents/Thesis/Analysis/reports/velocity/3rdParty/commons-logging-1.1.jar</filePath>
            <md5>6B62417E77B000A87DE66EE3935EDBF5</md5>
            <sha1>BA24D5DE831911B684C92CD289ED5FF826271824</sha1>
            <evidenceCollected>
                <evidence>
                    <source>file</source>
                    <name>name</name>
                    <value>commons-logging-1.1</value>
                </evidence>
                <evidence>
                    <source>jar</source>
                    <name>package</name>
                    <value>apache</value>
                </evidence>
                <evidence>
                    <source>jar</source>
                    <name>package</name>
                    <value>commons</value>
                </evidence>
                <evidence>
                    <source>jar</source>
                    <name>package</name>
                    <value>impl</value>
                </evidence>
                <evidence>
                    <source>jar</source>
                    <name>package</name>
                    <value>logging</value>
                </evidence>
                <evidence>
                    <source>jar</source>
                    <name>package name</name>
                    <value>apache</value>
                </evidence>
                <evidence>
                    <source>jar</source>
                    <name>package name</name>
                    <value>commons</value>
                </evidence>
                <evidence>
                    <source>jar</source>
                    <name>package name</name>
                    <value>log</value>
                </evidence>
                <evidence>
                    <source>jar</source>
                    <name>package name</name>
                    <value>logging</value>
                </evidence>
                <evidence>
                    <source>Manifest</source>
                    <name>extension-name</name>
                    <value>org.apache.commons.logging</value>
                </evidence>
                <evidence>
                    <source>Manifest</source>
                    <name>Implementation-Title</name>
                    <value>Jakarta Commons Logging</value>
                </evidence>
                <evidence>
                    <source>Manifest</source>
                    <name>Implementation-Vendor</name>
                    <value>Apache Software Foundation</value>
                </evidence>
                <evidence>
                    <source>Manifest</source>
                    <name>Implementation-Vendor-Id</name>
                    <value>org.apache</value>
                </evidence>
                <evidence>
                    <source>Manifest</source>
                    <name>specification-title</name>
                    <value>Jakarta Commons Logging</value>
                </evidence>
                <evidence>
                    <source>Manifest</source>
                    <name>specification-vendor</name>
                    <value>Apache Software Foundation</value>
                </evidence>
            </evidenceCollected>
        </dependency>
        <dependency>
            <fileName>servletapi-2.3.jar</fileName>
            <filePath>/home/bcraig/Documents/Thesis/Analysis/reports/velocity/3rdParty/servletapi-2.3.jar</filePath>
            <md5>C097F777C6FD453277C6891B3BB4DC09</md5>
            <sha1>0137A24E9F62973F01F16DD23FC1B5A9964FD9EF</sha1>
            <evidenceCollected>
                <evidence>
                    <source>file</source>
                    <name>name</name>
                    <value>servletapi-2.3</value>
                </evidence>
                <evidence>
                    <source>jar</source>
                    <name>package</name>
                    <value>javax</value>
                </evidence>
                <evidence>
                    <source>jar</source>
                    <name>package</name>
                    <value>servlet</value>
                </evidence>
            </evidenceCollected>
        </dependency>
        <dependency>
            <fileName>test1.jar</fileName>
            <filePath>/home/bcraig/Documents/Thesis/Analysis/reports/velocity/3rdParty/test1.jar</filePath>
            <md5>CE9D2B66607A0F77AE4C3B515ED42192</md5>
            <sha1>C6443B549F03110F0CC1A25CB1FF2A6D375C44B3</sha1>
            <evidenceCollected>
                <evidence>
                    <source>file</source>
                    <name>name</name>
                    <value>test1</value>
                </evidence>
            </evidenceCollected>
        </dependency>
        <dependency>
            <fileName>test.jar</fileName>
            <filePath>/home/bcraig/Documents/Thesis/Analysis/reports/velocity/3rdParty/test.jar</filePath>
            <md5>BAC9A163678E1256E3F3FB55BBAC092F</md5>
            <sha1>EBD5CB0CB9CC1F69CFF767EBAA70FC557D5FDC2F</sha1>
            <evidenceCollected>
                <evidence>
                    <source>file</source>
                    <name>name</name>
                    <value>test</value>
                </evidence>
            </evidenceCollected>
        </dependency>
        <dependency>
            <fileName>junit-3.8.1.jar</fileName>
            <filePath>/home/bcraig/Documents/Thesis/Analysis/reports/velocity/3rdParty/junit-3.8.1.jar</filePath>
            <md5>1F40FB782A4F2CF78F161D32670F7A3A</md5>
            <sha1>99129F16442844F6A4A11AE22FBBEE40B14D774F</sha1>
            <evidenceCollected>
                <evidence>
                    <source>file</source>
                    <name>name</name>
                    <value>junit-3.8.1</value>
                </evidence>
                <evidence>
                    <source>jar</source>
                    <name>package</name>
                    <value>junit</value>
                </evidence>
            </evidenceCollected>
        </dependency>
        <dependency>
            <fileName>test2.jar</fileName>
            <filePath>/home/bcraig/Documents/Thesis/Analysis/reports/velocity/3rdParty/test2.jar</filePath>
            <md5>9A24F6BC396C4E9CA92D2EEDE997C2BD</md5>
            <sha1>DCAECB6FFC09DE1806CD0351B57390E6637BCF5F</sha1>
            <evidenceCollected>
                <evidence>
                    <source>file</source>
                    <name>name</name>
                    <value>test2</value>
                </evidence>
            </evidenceCollected>
        </dependency>
        <dependency>
            <fileName>log4j-1.2.12.jar</fileName>
            <filePath>/home/bcraig/Documents/Thesis/Analysis/reports/velocity/3rdParty/log4j-1.2.12.jar</filePath>
            <md5>223504F742ADDD3F631ED8BDF689F1C9</md5>
            <sha1>057B8740427EE6D7B0B60792751356CAD17DC0D9</sha1>
            <evidenceCollected>
                <evidence>
                    <source>file</source>
                    <name>name</name>
                    <value>log4j-1.2.12</value>
                </evidence>
                <evidence>
                    <source>jar</source>
                    <name>package</name>
                    <value>apache</value>
                </evidence>
                <evidence>
                    <source>jar</source>
                    <name>package</name>
                    <value>log4j</value>
                </evidence>
            </evidenceCollected>
        </dependency>
        <dependency>
            <fileName>jdom-1.0.jar</fileName>
            <filePath>/home/bcraig/Documents/Thesis/Analysis/reports/velocity/3rdParty/jdom-1.0.jar</filePath>
            <md5>0B8F97DE82FC9529B1028A77125CE4F8</md5>
            <sha1>A2AC1CD690AB4C80DEFE7F9BCE14D35934C35CEC</sha1>
            <evidenceCollected>
                <evidence>
                    <source>file</source>
                    <name>name</name>
                    <value>jdom-1.0</value>
                </evidence>
                <evidence>
                    <source>jar</source>
                    <name>package</name>
                    <value>jdom</value>
                </evidence>
            </evidenceCollected>
        </dependency>
        <dependency>
            <fileName>hsqldb-1.7.1.jar</fileName>
            <filePath>/home/bcraig/Documents/Thesis/Analysis/reports/velocity/3rdParty/hsqldb-1.7.1.jar</filePath>
            <md5>309129BD5D8DEDDE129D87BF31139688</md5>
            <sha1>8C8E1BDA9D0186431A804B7B36692FAF48D8914D</sha1>
            <evidenceCollected>
                <evidence>
                    <source>file</source>
                    <name>name</name>
                    <value>hsqldb-1.7.1</value>
                </evidence>
                <evidence>
                    <source>jar</source>
                    <name>package</name>
                    <value>hsqldb</value>
                </evidence>
            </evidenceCollected>
        </dependency>
        <dependency>
            <fileName>antlr-2.7.5.jar</fileName>
            <filePath>/home/bcraig/Documents/Thesis/Analysis/reports/velocity/3rdParty/antlr-2.7.5.jar</filePath>
            <md5>6D57DF718EFD2A03981C309CE3330A1F</md5>
            <sha1>6A658F16A827B3DEFF9CC25D2B9BBCF41E000335</sha1>
            <evidenceCollected>
                <evidence>
                    <source>file</source>
                    <name>name</name>
                    <value>antlr-2.7.5</value>
                </evidence>
                <evidence>
                    <source>jar</source>
                    <name>package</name>
                    <value>antlr</value>
                </evidence>
            </evidenceCollected>
        </dependency>
        <dependency>
            <fileName>oro-2.0.8.jar</fileName>
            <filePath>/home/bcraig/Documents/Thesis/Analysis/reports/velocity/3rdParty/oro-2.0.8.jar</filePath>
            <md5>42E940D5D2D822F4DC04C65053E630AB</md5>
            <sha1>5592374F834645C4AE250F4C9FBB314C9369D698</sha1>
            <evidenceCollected>
                <evidence>
                    <source>file</source>
                    <name>name</name>
                    <value>oro-2.0.8</value>
                </evidence>
                <evidence>
                    <source>jar</source>
                    <name>package</name>
                    <value>apache</value>
                </evidence>
                <evidence>
                    <source>jar</source>
                    <name>package</name>
                    <value>oro</value>
                </evidence>
                <evidence>
                    <source>jar</source>
                    <name>package</name>
                    <value>text</value>
                </evidence>
            </evidenceCollected>
        </dependency>
        <dependency>
            <fileName>commons-lang-2.4.jar</fileName>
            <filePath>/home/bcraig/Documents/Thesis/Analysis/reports/velocity/3rdParty/commons-lang-2.4.jar</filePath>
            <md5>237A8E845441BAD2E535C57D985C8204</md5>
            <sha1>16313E02A793435009F1E458FA4AF5D879F6FB11</sha1>
            <description>
        Commons Lang, a package of Java utility classes for the
        classes that are in java.lang&apos;s hierarchy, or are considered to be so
        standard as to justify existence in java.lang.
    </description>
            <license>http://www.apache.org/licenses/LICENSE-2.0.txt</license>
            <evidenceCollected>
                <evidence>
                    <source>file</source>
                    <name>name</name>
                    <value>commons-lang-2.4</value>
                </evidence>
                <evidence>
                    <source>jar</source>
                    <name>package name</name>
                    <value>apache</value>
                </evidence>
                <evidence>
                    <source>jar</source>
                    <name>package name</name>
                    <value>commons</value>
                </evidence>
                <evidence>
                    <source>jar</source>
                    <name>package name</name>
                    <value>lang</value>
                </evidence>
                <evidence>
                    <source>Manifest</source>
                    <name>bundle-docurl</name>
                    <value>http://commons.apache.org/lang/</value>
                </evidence>
                <evidence>
                    <source>Manifest</source>
                    <name>Bundle-Name</name>
                    <value>Commons Lang</value>
                </evidence>
                <evidence>
                    <source>Manifest</source>
                    <name>bundle-symbolicname</name>
                    <value>org.apache.commons.lang</value>
                </evidence>
                <evidence>
                    <source>Manifest</source>
                    <name>Bundle-Vendor</name>
                    <value>The Apache Software Foundation</value>
                </evidence>
                <evidence>
                    <source>Manifest</source>
                    <name>Implementation-Title</name>
                    <value>Commons Lang</value>
                </evidence>
                <evidence>
                    <source>Manifest</source>
                    <name>Implementation-Vendor</name>
                    <value>The Apache Software Foundation</value>
                </evidence>
                <evidence>
                    <source>Manifest</source>
                    <name>Implementation-Vendor-Id</name>
                    <value>org.apache</value>
                </evidence>
                <evidence>
                    <source>Manifest</source>
                    <name>specification-title</name>
                    <value>Commons Lang</value>
                </evidence>
                <evidence>
                    <source>Manifest</source>
                    <name>specification-vendor</name>
                    <value>The Apache Software Foundation</value>
                </evidence>
                <evidence>
                    <source>pom</source>
                    <name>artifactid</name>
                    <value>commons-lang</value>
                </evidence>
                <evidence>
                    <source>pom</source>
                    <name>artifactid</name>
                    <value>commons-lang</value>
                </evidence>
                <evidence>
                    <source>pom</source>
                    <name>description</name>
                    <value>Commons Lang, a package of Java utility classes for the
        classes that are in java.lang&apos;s hierarchy, or are considered to be so
        standard as to justify existence in java.lang.</value>
                </evidence>
                <evidence>
                    <source>pom</source>
                    <name>groupid</name>
                    <value>commons-lang</value>
                </evidence>
                <evidence>
                    <source>pom</source>
                    <name>groupid</name>
                    <value>commons-lang</value>
                </evidence>
                <evidence>
                    <source>pom</source>
                    <name>name</name>
                    <value>Commons Lang</value>
                </evidence>
            </evidenceCollected>
        </dependency>
        <dependency>
            <fileName>werken-xpath-0.9.4.jar</fileName>
            <filePath>/home/bcraig/Documents/Thesis/Analysis/reports/velocity/3rdParty/werken-xpath-0.9.4.jar</filePath>
            <md5>DD65E5D2E1D6C0B1967F46BEA857C5A2</md5>
            <sha1>F9C887951E0D38014C596B31A8719173B9FDA121</sha1>
            <evidenceCollected>
                <evidence>
                    <source>file</source>
                    <name>name</name>
                    <value>werken-xpath-0.9.4</value>
                </evidence>
                <evidence>
                    <source>jar</source>
                    <name>package</name>
                    <value>werken</value>
                </evidence>
                <evidence>
                    <source>jar</source>
                    <name>package</name>
                    <value>xpath</value>
                </evidence>
            </evidenceCollected>
        </dependency>
        <dependency>
            <fileName>avalon-logkit-2.1.jar</fileName>
            <filePath>/home/bcraig/Documents/Thesis/Analysis/reports/velocity/3rdParty/avalon-logkit-2.1.jar</filePath>
            <md5>B05B450FBBCFB5888ECAAE8439274CBC</md5>
            <sha1>79DE497D25C883FFBD6FA63E674DB22B6959A57B</sha1>
            <evidenceCollected>
                <evidence>
                    <source>file</source>
                    <name>name</name>
                    <value>avalon-logkit-2.1</value>
                </evidence>
                <evidence>
                    <source>jar</source>
                    <name>package</name>
                    <value>apache</value>
                </evidence>
                <evidence>
                    <source>jar</source>
                    <name>package</name>
                    <value>log</value>
                </evidence>
                <evidence>
                    <source>jar</source>
                    <name>package</name>
                    <value>output</value>
                </evidence>
                <evidence>
                    <source>jar</source>
                    <name>package name</name>
                    <value>apache</value>
                </evidence>
                <evidence>
                    <source>jar</source>
                    <name>package name</name>
                    <value>io</value>
                </evidence>
                <evidence>
                    <source>jar</source>
                    <name>package name</name>
                    <value>log</value>
                </evidence>
                <evidence>
                    <source>Manifest</source>
                    <name>extension-name</name>
                    <value>avalon-logkit</value>
                </evidence>
                <evidence>
                    <source>Manifest</source>
                    <name>Implementation-Title</name>
                    <value>org.apache</value>
                </evidence>
                <evidence>
                    <source>Manifest</source>
                    <name>Implementation-Vendor</name>
                    <value>The Apache Software Foundation</value>
                </evidence>
                <evidence>
                    <source>Manifest</source>
                    <name>specification-title</name>
                    <value>Excalibur&apos;s Logkit package</value>
                </evidence>
                <evidence>
                    <source>Manifest</source>
                    <name>specification-vendor</name>
                    <value>The Apache Software Foundation</value>
                </evidence>
            </evidenceCollected>
        </dependency>
    </dependencies>
</analysis>