<?xml version="1.0"?>
<analysis xmlns="https://www.owasp.org/index.php/OWASP_Dependency_Check">
    <projectInfo>
        <name>webmail</name>
        <reportDate>Feb 8, 2014 12:17:54 PM</reportDate>
        <credits>This report contains data retrieved from the National Vulnerability Database: http://nvd.nist.gov</credits>
    </projectInfo>
    <dependencies>
        <dependency>
            <fileName>xalan.jar</fileName>
            <filePath>/home/bcraig/Documents/Thesis/Analysis/reports/webmail/3rdParty/xalan.jar</filePath>
            <md5>77DF5F13FA5CCDE2C4B416E83A122324</md5>
            <sha1>2D3BE19A8C96EF8D5FED3141A35F7D23CD5F8927</sha1>
            <evidenceCollected>
                <evidence>
                    <source>file</source>
                    <name>name</name>
                    <value>xalan</value>
                </evidence>
                <evidence>
                    <source>jar</source>
                    <name>package</name>
                    <value>apache</value>
                </evidence>
            </evidenceCollected>
        </dependency>
        <dependency>
            <fileName>ant.jar</fileName>
            <filePath>/home/bcraig/Documents/Thesis/Analysis/reports/webmail/3rdParty/ant.jar</filePath>
            <md5>4DD8DFBA17F9567F5A4DCC4005C7D6A7</md5>
            <sha1>6B25D1D807D2944AE13743B370E5924B03F35024</sha1>
            <evidenceCollected>
                <evidence>
                    <source>file</source>
                    <name>name</name>
                    <value>ant</value>
                </evidence>
                <evidence>
                    <source>jar</source>
                    <name>package</name>
                    <value>ant</value>
                </evidence>
                <evidence>
                    <source>jar</source>
                    <name>package</name>
                    <value>apache</value>
                </evidence>
                <evidence>
                    <source>jar</source>
                    <name>package</name>
                    <value>taskdefs</value>
                </evidence>
                <evidence>
                    <source>jar</source>
                    <name>package</name>
                    <value>tools</value>
                </evidence>
            </evidenceCollected>
        </dependency>
        <dependency>
            <fileName>xml-apis.jar</fileName>
            <filePath>/home/bcraig/Documents/Thesis/Analysis/reports/webmail/3rdParty/xml-apis.jar</filePath>
            <md5>2E44E23EDC1F4ADCBCD86E1B52193C86</md5>
            <sha1>45EBEEE9F4ED9E0469FB70D3716FC773C3B44936</sha1>
            <evidenceCollected>
                <evidence>
                    <source>file</source>
                    <name>name</name>
                    <value>xml-apis</value>
                </evidence>
                <evidence>
                    <source>jar</source>
                    <name>package</name>
                    <value>dom</value>
                </evidence>
                <evidence>
                    <source>jar</source>
                    <name>package</name>
                    <value>w3c</value>
                </evidence>
            </evidenceCollected>
        </dependency>
        <dependency>
            <fileName>nekohtml.jar</fileName>
            <filePath>/home/bcraig/Documents/Thesis/Analysis/reports/webmail/3rdParty/nekohtml.jar</filePath>
            <md5>51E93A5577261777BE659A66F8128377</md5>
            <sha1>D9D2765357DD34E0C9BFB4368BDABF2069C5637D</sha1>
            <evidenceCollected>
                <evidence>
                    <source>file</source>
                    <name>name</name>
                    <value>nekohtml</value>
                </evidence>
                <evidence>
                    <source>jar</source>
                    <name>package</name>
                    <value>cyberneko</value>
                </evidence>
                <evidence>
                    <source>jar</source>
                    <name>package</name>
                    <value>html</value>
                </evidence>
            </evidenceCollected>
        </dependency>
        <dependency>
            <fileName>cos.jar</fileName>
            <filePath>/home/bcraig/Documents/Thesis/Analysis/reports/webmail/3rdParty/cos.jar</filePath>
            <md5>A0E00D3B6D24E6085BCEEA5384881903</md5>
            <sha1>4FA451FE3FAFC76207308A7888B8B76F2924327D</sha1>
            <evidenceCollected>
                <evidence>
                    <source>file</source>
                    <name>name</name>
                    <value>cos</value>
                </evidence>
                <evidence>
                    <source>jar</source>
                    <name>package</name>
                    <value>oreilly</value>
                </evidence>
                <evidence>
                    <source>jar</source>
                    <name>package</name>
                    <value>servlet</value>
                </evidence>
            </evidenceCollected>
        </dependency>
        <dependency>
            <fileName>mbox.jar</fileName>
            <filePath>/home/bcraig/Documents/Thesis/Analysis/reports/webmail/3rdParty/mbox.jar</filePath>
            <md5>53D48640BE3BFE94B54BEFB12863BC36</md5>
            <sha1>9EF193988C28730653A874A75172B2BD0B2CE9BD</sha1>
            <evidenceCollected>
                <evidence>
                    <source>file</source>
                    <name>name</name>
                    <value>mbox</value>
                </evidence>
                <evidence>
                    <source>jar</source>
                    <name>package</name>
                    <value>dog</value>
                </evidence>
                <evidence>
                    <source>jar</source>
                    <name>package</name>
                    <value>mail</value>
                </evidence>
                <evidence>
                    <source>jar</source>
                    <name>package</name>
                    <value>mbox</value>
                </evidence>
            </evidenceCollected>
        </dependency>
        <dependency>
            <fileName>fop.jar</fileName>
            <filePath>/home/bcraig/Documents/Thesis/Analysis/reports/webmail/3rdParty/fop.jar</filePath>
            <md5>53A43DA4160BB4D0D3DE6736872B7694</md5>
            <sha1>797DC6941710310EDA00F2EA0A793865E17F5E4E</sha1>
            <evidenceCollected>
                <evidence>
                    <source>file</source>
                    <name>name</name>
                    <value>fop</value>
                </evidence>
                <evidence>
                    <source>jar</source>
                    <name>package</name>
                    <value>apache</value>
                </evidence>
                <evidence>
                    <source>jar</source>
                    <name>package</name>
                    <value>fo</value>
                </evidence>
                <evidence>
                    <source>jar</source>
                    <name>package</name>
                    <value>fop</value>
                </evidence>
            </evidenceCollected>
        </dependency>
        <dependency>
            <fileName>xsltc.jar</fileName>
            <filePath>/home/bcraig/Documents/Thesis/Analysis/reports/webmail/3rdParty/xsltc.jar</filePath>
            <md5>0847FF7341E6B01B0D94997C0C9BAB9F</md5>
            <sha1>F129AB08494D82B1B89E90A4DED4C4A00C691E4F</sha1>
            <evidenceCollected>
                <evidence>
                    <source>file</source>
                    <name>name</name>
                    <value>xsltc</value>
                </evidence>
                <evidence>
                    <source>jar</source>
                    <name>package</name>
                    <value>apache</value>
                </evidence>
            </evidenceCollected>
        </dependency>
        <dependency>
            <fileName>jakarta-oro-2.0.6.jar</fileName>
            <filePath>/home/bcraig/Documents/Thesis/Analysis/reports/webmail/3rdParty/jakarta-oro-2.0.6.jar</filePath>
            <md5>3FF3744E097EA8FCF86B580B39D37778</md5>
            <sha1>87F4B1CA6CC201AD3F41300EF9C0ECC6EF54CD5D</sha1>
            <evidenceCollected>
                <evidence>
                    <source>file</source>
                    <name>name</name>
                    <value>jakarta-oro-2.0.6</value>
                </evidence>
                <evidence>
                    <source>jar</source>
                    <name>package</name>
                    <value>apache</value>
                </evidence>
                <evidence>
                    <source>jar</source>
                    <name>package</name>
                    <value>oro</value>
                </evidence>
                <evidence>
                    <source>jar</source>
                    <name>package</name>
                    <value>text</value>
                </evidence>
            </evidenceCollected>
        </dependency>
        <dependency>
            <fileName>javaOTP.jar</fileName>
            <filePath>/home/bcraig/Documents/Thesis/Analysis/reports/webmail/3rdParty/javaOTP.jar</filePath>
            <md5>B6BF04F92CE4AEE52253845F208ED22C</md5>
            <sha1>3D1C60837F06660FC9E2A2D08BC0BCAC17299505</sha1>
            <evidenceCollected>
                <evidence>
                    <source>file</source>
                    <name>name</name>
                    <value>javaOTP</value>
                </evidence>
                <evidence>
                    <source>jar</source>
                    <name>package</name>
                    <value>javaotp</value>
                </evidence>
                <evidence>
                    <source>jar</source>
                    <name>package</name>
                    <value>webengruven</value>
                </evidence>
            </evidenceCollected>
        </dependency>
        <dependency>
            <fileName>xercesImpl.jar</fileName>
            <filePath>/home/bcraig/Documents/Thesis/Analysis/reports/webmail/3rdParty/xercesImpl.jar</filePath>
            <md5>F29322F842E3C5281C7D2D3289D5F015</md5>
            <sha1>634C6AD7B8C71052CF72265A8793FC71DCB25214</sha1>
            <evidenceCollected>
                <evidence>
                    <source>file</source>
                    <name>name</name>
                    <value>xercesImpl</value>
                </evidence>
                <evidence>
                    <source>jar</source>
                    <name>package</name>
                    <value>apache</value>
                </evidence>
                <evidence>
                    <source>jar</source>
                    <name>package</name>
                    <value>xerces</value>
                </evidence>
            </evidenceCollected>
        </dependency>
        <dependency>
            <fileName>servlet-2.3.jar</fileName>
            <filePath>/home/bcraig/Documents/Thesis/Analysis/reports/webmail/3rdParty/servlet-2.3.jar</filePath>
            <md5>737AEEC4E355AE18BDD1C0D1E75BC52A</md5>
            <sha1>A95415233C20FE0420D3AF6C95FFF74988BA3E4A</sha1>
            <evidenceCollected>
                <evidence>
                    <source>file</source>
                    <name>name</name>
                    <value>servlet-2.3</value>
                </evidence>
                <evidence>
                    <source>jar</source>
                    <name>package</name>
                    <value>javax</value>
                </evidence>
                <evidence>
                    <source>jar</source>
                    <name>package</name>
                    <value>servlet</value>
                </evidence>
            </evidenceCollected>
        </dependency>
    </dependencies>
</analysis>