<?xml version="1.0"?>
<analysis xmlns="https://www.owasp.org/index.php/OWASP_Dependency_Check">
    <projectInfo>
        <name>xalan</name>
        <reportDate>Feb 8, 2014 12:18:36 PM</reportDate>
        <credits>This report contains data retrieved from the National Vulnerability Database: http://nvd.nist.gov</credits>
    </projectInfo>
    <dependencies>
        <dependency>
            <fileName>xsltcbrazil.jar</fileName>
            <filePath>/home/bcraig/Documents/Thesis/Analysis/reports/xalan/3rdParty/xsltcbrazil.jar</filePath>
            <md5>8EC5CADB15B24D83064AFE65EC0E739A</md5>
            <sha1>9510C94AFCE03927833DAEFBC10EAA528E8D9130</sha1>
            <evidenceCollected>
                <evidence>
                    <source>file</source>
                    <name>name</name>
                    <value>xsltcbrazil</value>
                </evidence>
                <evidence>
                    <source>jar</source>
                    <name>package</name>
                    <value>transformhandler</value>
                </evidence>
            </evidenceCollected>
        </dependency>
        <dependency>
            <fileName>JLex.jar</fileName>
            <filePath>/home/bcraig/Documents/Thesis/Analysis/reports/xalan/3rdParty/JLex.jar</filePath>
            <md5>3736F7D30E0449FA94E22BA718BF2B1B</md5>
            <sha1>A17E6CBF2871DA6FDCEE9BF2B4A81D4BAED1DA40</sha1>
            <evidenceCollected>
                <evidence>
                    <source>file</source>
                    <name>name</name>
                    <value>JLex</value>
                </evidence>
                <evidence>
                    <source>jar</source>
                    <name>package</name>
                    <value>jlex</value>
                </evidence>
            </evidenceCollected>
        </dependency>
        <dependency>
            <fileName>serializer.jar</fileName>
            <filePath>/home/bcraig/Documents/Thesis/Analysis/reports/xalan/3rdParty/serializer.jar</filePath>
            <md5>E66413AF3C2DF03C269F828B38DAEA06</md5>
            <sha1>23421410AC3AB6C67D1A4C18105EF97566610E8E</sha1>
            <evidenceCollected>
                <evidence>
                    <source>file</source>
                    <name>name</name>
                    <value>serializer</value>
                </evidence>
                <evidence>
                    <source>jar</source>
                    <name>package</name>
                    <value>apache</value>
                </evidence>
                <evidence>
                    <source>jar</source>
                    <name>package</name>
                    <value>serializer</value>
                </evidence>
                <evidence>
                    <source>jar</source>
                    <name>package</name>
                    <value>xml</value>
                </evidence>
            </evidenceCollected>
        </dependency>
        <dependency>
            <fileName>runtime.jar</fileName>
            <filePath>/home/bcraig/Documents/Thesis/Analysis/reports/xalan/3rdParty/runtime.jar</filePath>
            <md5>70B9A76ADE08F34D67B98C47EB6937D3</md5>
            <sha1>7EFFC3AFCB9B77687FBE67C1AABB4A2CBC19D11E</sha1>
            <evidenceCollected>
                <evidence>
                    <source>file</source>
                    <name>name</name>
                    <value>runtime</value>
                </evidence>
                <evidence>
                    <source>jar</source>
                    <name>package</name>
                    <value>java_cup</value>
                </evidence>
                <evidence>
                    <source>jar</source>
                    <name>package</name>
                    <value>runtime</value>
                </evidence>
            </evidenceCollected>
        </dependency>
        <dependency>
            <fileName>ant.jar</fileName>
            <filePath>/home/bcraig/Documents/Thesis/Analysis/reports/xalan/3rdParty/ant.jar</filePath>
            <md5>54D5B7B783FA0C282F6798FBE7384BC5</md5>
            <sha1>A50E3E050A6E78E0656EDC183435B9773F53CE78</sha1>
            <evidenceCollected>
                <evidence>
                    <source>file</source>
                    <name>name</name>
                    <value>ant</value>
                </evidence>
                <evidence>
                    <source>jar</source>
                    <name>package</name>
                    <value>ant</value>
                </evidence>
                <evidence>
                    <source>jar</source>
                    <name>package</name>
                    <value>apache</value>
                </evidence>
                <evidence>
                    <source>jar</source>
                    <name>package</name>
                    <value>taskdefs</value>
                </evidence>
                <evidence>
                    <source>jar</source>
                    <name>package</name>
                    <value>tools</value>
                </evidence>
            </evidenceCollected>
        </dependency>
        <dependency>
            <fileName>xml-apis.jar</fileName>
            <filePath>/home/bcraig/Documents/Thesis/Analysis/reports/xalan/3rdParty/xml-apis.jar</filePath>
            <md5>9AE9C29E4497FC35A3EADE1E6DD0BBEB</md5>
            <sha1>90B215F48FE42776C8C7F6E3509EC54E84FD65EF</sha1>
            <evidenceCollected>
                <evidence>
                    <source>file</source>
                    <name>name</name>
                    <value>xml-apis</value>
                </evidence>
                <evidence>
                    <source>jar</source>
                    <name>package</name>
                    <value>dom</value>
                </evidence>
                <evidence>
                    <source>jar</source>
                    <name>package</name>
                    <value>xml</value>
                </evidence>
            </evidenceCollected>
        </dependency>
        <dependency>
            <fileName>xsltcservlet.jar</fileName>
            <filePath>/home/bcraig/Documents/Thesis/Analysis/reports/xalan/3rdParty/xsltcservlet.jar</filePath>
            <md5>61516FFA6F68A71CEEE5893FDF3B54A1</md5>
            <sha1>E01B9B0CC3BFAF3A9614C5661789EE6ED9B7D176</sha1>
            <evidenceCollected>
                <evidence>
                    <source>file</source>
                    <name>name</name>
                    <value>xsltcservlet</value>
                </evidence>
            </evidenceCollected>
        </dependency>
        <dependency>
            <fileName>xsltcejb.jar</fileName>
            <filePath>/home/bcraig/Documents/Thesis/Analysis/reports/xalan/3rdParty/xsltcejb.jar</filePath>
            <md5>734F4341A76975D83075BBFA8176EED2</md5>
            <sha1>260C1988FAD59509F78369EDD6F63CA2A0F5CFBC</sha1>
            <evidenceCollected>
                <evidence>
                    <source>file</source>
                    <name>name</name>
                    <value>xsltcejb</value>
                </evidence>
            </evidenceCollected>
        </dependency>
        <dependency>
            <fileName>xsltc.jar</fileName>
            <filePath>/home/bcraig/Documents/Thesis/Analysis/reports/xalan/3rdParty/xsltc.jar</filePath>
            <md5>4ED7283A77DA2959309930B981C394E5</md5>
            <sha1>A6F58C9DD773C27ED64FF029272D3742CC085FC1</sha1>
            <evidenceCollected>
                <evidence>
                    <source>file</source>
                    <name>name</name>
                    <value>xsltc</value>
                </evidence>
                <evidence>
                    <source>jar</source>
                    <name>package</name>
                    <value>apache</value>
                </evidence>
            </evidenceCollected>
        </dependency>
        <dependency>
            <fileName>regexp.jar</fileName>
            <filePath>/home/bcraig/Documents/Thesis/Analysis/reports/xalan/3rdParty/regexp.jar</filePath>
            <md5>3B84ED4E6E5CEAF677200CA5784CDE8E</md5>
            <sha1>1EF2D52FC0C52AB09A213D1C61F9C4072597BA1A</sha1>
            <evidenceCollected>
                <evidence>
                    <source>file</source>
                    <name>name</name>
                    <value>regexp</value>
                </evidence>
                <evidence>
                    <source>jar</source>
                    <name>package</name>
                    <value>apache</value>
                </evidence>
                <evidence>
                    <source>jar</source>
                    <name>package</name>
                    <value>regexp</value>
                </evidence>
            </evidenceCollected>
        </dependency>
        <dependency>
            <fileName>BCEL.jar</fileName>
            <filePath>/home/bcraig/Documents/Thesis/Analysis/reports/xalan/3rdParty/BCEL.jar</filePath>
            <md5>540AE628D1BCFEE0FE0F424036284B04</md5>
            <sha1>481E5CB8136868086E168814BE86B4F89C39565A</sha1>
            <evidenceCollected>
                <evidence>
                    <source>file</source>
                    <name>name</name>
                    <value>BCEL</value>
                </evidence>
                <evidence>
                    <source>jar</source>
                    <name>package</name>
                    <value>apache</value>
                </evidence>
                <evidence>
                    <source>jar</source>
                    <name>package</name>
                    <value>bcel</value>
                </evidence>
                <evidence>
                    <source>jar</source>
                    <name>package</name>
                    <value>generic</value>
                </evidence>
            </evidenceCollected>
        </dependency>
        <dependency>
            <fileName>java_cup.jar</fileName>
            <filePath>/home/bcraig/Documents/Thesis/Analysis/reports/xalan/3rdParty/java_cup.jar</filePath>
            <md5>9AC5CE91FEB69C579BBC72FE743DF26F</md5>
            <sha1>C0A9AA75203D01422D3234958984BA7D82AA0C7F</sha1>
            <evidenceCollected>
                <evidence>
                    <source>file</source>
                    <name>name</name>
                    <value>java_cup</value>
                </evidence>
                <evidence>
                    <source>jar</source>
                    <name>package</name>
                    <value>java_cup</value>
                </evidence>
            </evidenceCollected>
        </dependency>
        <dependency>
            <fileName>xercesImpl.jar</fileName>
            <filePath>/home/bcraig/Documents/Thesis/Analysis/reports/xalan/3rdParty/xercesImpl.jar</filePath>
            <md5>33EC8D237CBACEEFFB2C2A7F52AFD79A</md5>
            <sha1>868C0792233FC78D8C9BAC29AC79ADE988301318</sha1>
            <evidenceCollected>
                <evidence>
                    <source>file</source>
                    <name>name</name>
                    <value>xercesImpl</value>
                </evidence>
                <evidence>
                    <source>jar</source>
                    <name>package</name>
                    <value>apache</value>
                </evidence>
                <evidence>
                    <source>jar</source>
                    <name>package</name>
                    <value>xerces</value>
                </evidence>
            </evidenceCollected>
        </dependency>
        <dependency>
            <fileName>xsltcapplet.jar</fileName>
            <filePath>/home/bcraig/Documents/Thesis/Analysis/reports/xalan/3rdParty/xsltcapplet.jar</filePath>
            <md5>1BEEDAD0EFFB3AC0A8C044CE752BEBBC</md5>
            <sha1>8E3E9849FF47C6BDE687EBCACB0F0A0A67AEDA93</sha1>
            <evidenceCollected>
                <evidence>
                    <source>file</source>
                    <name>name</name>
                    <value>xsltcapplet</value>
                </evidence>
            </evidenceCollected>
        </dependency>
    </dependencies>
</analysis>