<?xml version="1.0"?>
<analysis xmlns="https://www.owasp.org/index.php/OWASP_Dependency_Check">
    <projectInfo>
        <name>ant</name>
        <reportDate>Feb 18, 2014 1:46:01 PM</reportDate>
        <credits>This report contains data retrieved from the National Vulnerability Database: http://nvd.nist.gov</credits>
    </projectInfo>
    <dependencies>
        <dependency>
            <fileName>apassword.jar</fileName>
            <filePath>/home/bcraig/Documents/Thesis/Analysis/reports/ant/3rdParty/apassword.jar</filePath>
            <md5>D6F1FF9D983B7789716ECC80F9927183</md5>
            <sha1>D549F8E698BA1D8207A793514B5E3234CB483FF7</sha1>
            <evidenceCollected>
                <evidence>
                    <source>file</source>
                    <name>name</name>
                    <value>apassword</value>
                </evidence>
            </evidenceCollected>
        </dependency>
        <dependency>
            <fileName>nosign.jar</fileName>
            <filePath>/home/bcraig/Documents/Thesis/Analysis/reports/ant/3rdParty/nosign.jar</filePath>
            <md5>6A388A4FE2F46C050DFB702AE39425A5</md5>
            <sha1>763115FD588D4B7DEE1AE71FA5BAFD413B6378A3</sha1>
            <evidenceCollected>
                <evidence>
                    <source>file</source>
                    <name>name</name>
                    <value>nosign</value>
                </evidence>
            </evidenceCollected>
        </dependency>
        <dependency>
            <fileName>pass.jar</fileName>
            <filePath>/home/bcraig/Documents/Thesis/Analysis/reports/ant/3rdParty/pass.jar</filePath>
            <md5>6024F6B333ECFC2EA15E7083760FD6B3</md5>
            <sha1>D2B86B491BB889EB63A6E7DC5813114E261CF154</sha1>
            <evidenceCollected>
                <evidence>
                    <source>file</source>
                    <name>name</name>
                    <value>pass</value>
                </evidence>
            </evidenceCollected>
        </dependency>
    </dependencies>
</analysis>