<?xml version="1.0"?>
<analysis xmlns="https://www.owasp.org/index.php/OWASP_Dependency_Check">
    <projectInfo>
        <name>aoi</name>
        <reportDate>Feb 18, 2014 1:48:02 PM</reportDate>
        <credits>This report contains data retrieved from the National Vulnerability Database: http://nvd.nist.gov</credits>
    </projectInfo>
    <dependencies>
        <dependency>
            <fileName>ArtOfIllusion.jar</fileName>
            <filePath>/home/bcraig/Documents/Thesis/Analysis/reports/aoi/3rdParty/ArtOfIllusion.jar</filePath>
            <md5>7B6ECC430900632AB224E64CBB20A100</md5>
            <sha1>991A898F74E86A396332EA4EB6E8CCD76D12F54D</sha1>
            <evidenceCollected>
                <evidence>
                    <source>file</source>
                    <name>name</name>
                    <value>ArtOfIllusion</value>
                </evidence>
                <evidence>
                    <source>jar</source>
                    <name>package</name>
                    <value>artofillusion</value>
                </evidence>
            </evidenceCollected>
        </dependency>
        <dependency>
            <fileName>SPManager.jar</fileName>
            <filePath>/home/bcraig/Documents/Thesis/Analysis/reports/aoi/3rdParty/SPManager.jar</filePath>
            <md5>371F97DD47881239215A9F2BC9645499</md5>
            <sha1>D41B87D83B9AC43D86E9718742E7CC27B1799523</sha1>
            <evidenceCollected>
                <evidence>
                    <source>file</source>
                    <name>name</name>
                    <value>SPManager</value>
                </evidence>
                <evidence>
                    <source>jar</source>
                    <name>package</name>
                    <value>artofillusion</value>
                </evidence>
                <evidence>
                    <source>jar</source>
                    <name>package</name>
                    <value>spmanager</value>
                </evidence>
            </evidenceCollected>
        </dependency>
        <dependency>
            <fileName>pircbot.jar</fileName>
            <filePath>/home/bcraig/Documents/Thesis/Analysis/reports/aoi/3rdParty/pircbot.jar</filePath>
            <md5>078562836E9DCBCA8C75C1729B7DCC39</md5>
            <sha1>3F42A9452CB85CCE35ACCC1FF3C2BE56F1D25138</sha1>
            <evidenceCollected>
                <evidence>
                    <source>file</source>
                    <name>name</name>
                    <value>pircbot</value>
                </evidence>
                <evidence>
                    <source>jar</source>
                    <name>package</name>
                    <value>jibble</value>
                </evidence>
                <evidence>
                    <source>jar</source>
                    <name>package</name>
                    <value>pircbot</value>
                </evidence>
            </evidenceCollected>
        </dependency>
        <dependency>
            <fileName>jhelpaction.jar</fileName>
            <filePath>/home/bcraig/Documents/Thesis/Analysis/reports/aoi/3rdParty/jhelpaction.jar</filePath>
            <md5>B5FA74F3E1CD49C31F1FC033DCDA1B69</md5>
            <sha1>D75B4E73CA29D80E2FDE6915B35CB580E16497C7</sha1>
            <evidenceCollected>
                <evidence>
                    <source>file</source>
                    <name>name</name>
                    <value>jhelpaction</value>
                </evidence>
                <evidence>
                    <source>jar</source>
                    <name>package</name>
                    <value>component</value>
                </evidence>
                <evidence>
                    <source>jar</source>
                    <name>package</name>
                    <value>jstatcom</value>
                </evidence>
            </evidenceCollected>
        </dependency>
        <dependency>
            <fileName>Buoy.jar</fileName>
            <filePath>/home/bcraig/Documents/Thesis/Analysis/reports/aoi/3rdParty/Buoy.jar</filePath>
            <md5>C9089A5A8E039B825E8F7A3E1BF2B25E</md5>
            <sha1>C304695A2EA2539845CE4190652529A2AEFBED21</sha1>
            <evidenceCollected>
                <evidence>
                    <source>file</source>
                    <name>name</name>
                    <value>Buoy</value>
                </evidence>
                <evidence>
                    <source>jar</source>
                    <name>package</name>
                    <value>buoy</value>
                </evidence>
                <evidence>
                    <source>jar</source>
                    <name>package</name>
                    <value>widget</value>
                </evidence>
            </evidenceCollected>
        </dependency>
        <dependency>
            <fileName>jogl.jar</fileName>
            <filePath>/home/bcraig/Documents/Thesis/Analysis/reports/aoi/3rdParty/jogl.jar</filePath>
            <md5>D086484BB61E4C8D1E0E8C29BBD873F8</md5>
            <sha1>401AA04E640A9A98250B80D5A9747FE3E391FBD0</sha1>
            <evidenceCollected>
                <evidence>
                    <source>file</source>
                    <name>name</name>
                    <value>jogl</value>
                </evidence>
                <evidence>
                    <source>jar</source>
                    <name>package</name>
                    <value>impl</value>
                </evidence>
                <evidence>
                    <source>jar</source>
                    <name>package</name>
                    <value>opengl</value>
                </evidence>
                <evidence>
                    <source>jar</source>
                    <name>package</name>
                    <value>sun</value>
                </evidence>
                <evidence>
                    <source>jar</source>
                    <name>package name</name>
                    <value>gl</value>
                </evidence>
                <evidence>
                    <source>jar</source>
                    <name>package name</name>
                    <value>javax</value>
                </evidence>
                <evidence>
                    <source>jar</source>
                    <name>package name</name>
                    <value>media</value>
                </evidence>
                <evidence>
                    <source>jar</source>
                    <name>package name</name>
                    <value>opengl</value>
                </evidence>
                <evidence>
                    <source>jar</source>
                    <name>package name</name>
                    <value>sun</value>
                </evidence>
                <evidence>
                    <source>jar (hint)</source>
                    <name>package</name>
                    <value>oracle</value>
                </evidence>
                <evidence>
                    <source>jar (hint)</source>
                    <name>package name</name>
                    <value>oracle</value>
                </evidence>
                <evidence>
                    <source>Manifest</source>
                    <name>extension-name</name>
                    <value>javax.media.opengl</value>
                </evidence>
                <evidence>
                    <source>Manifest</source>
                    <name>Implementation-Title</name>
                    <value>Java Bindings for OpenGL Runtime Environment</value>
                </evidence>
                <evidence>
                    <source>Manifest</source>
                    <name>Implementation-Vendor</name>
                    <value>Sun Microsystems, Inc.</value>
                </evidence>
                <evidence>
                    <source>Manifest</source>
                    <name>Implementation-Vendor-Id</name>
                    <value>com.sun</value>
                </evidence>
                <evidence>
                    <source>Manifest</source>
                    <name>Implementation-Version</name>
                    <value>1.1.1</value>
                </evidence>
                <evidence>
                    <source>Manifest</source>
                    <name>specification-title</name>
                    <value>Java Bindings for OpenGL API Specification</value>
                </evidence>
                <evidence>
                    <source>Manifest</source>
                    <name>specification-vendor</name>
                    <value>Sun Microsystems, Inc.</value>
                </evidence>
                <evidence>
                    <source>Manifest</source>
                    <name>specification-version</name>
                    <value>1.1.1</value>
                </evidence>
            </evidenceCollected>
        </dependency>
        <dependency>
            <fileName>OSSpecific.jar</fileName>
            <filePath>/home/bcraig/Documents/Thesis/Analysis/reports/aoi/3rdParty/OSSpecific.jar</filePath>
            <md5>7E7CDD06EB5981DFF77CD51FE03829E2</md5>
            <sha1>BBA405ABDF9508204B93E9540F4A158D046E87E5</sha1>
            <evidenceCollected>
                <evidence>
                    <source>file</source>
                    <name>name</name>
                    <value>OSSpecific</value>
                </evidence>
                <evidence>
                    <source>jar</source>
                    <name>package</name>
                    <value>artofillusion</value>
                </evidence>
                <evidence>
                    <source>jar</source>
                    <name>package</name>
                    <value>osspecific</value>
                </evidence>
            </evidenceCollected>
        </dependency>
        <dependency>
            <fileName>Translators.jar</fileName>
            <filePath>/home/bcraig/Documents/Thesis/Analysis/reports/aoi/3rdParty/Translators.jar</filePath>
            <md5>DB1AA99BAB39E13BE24E8F8C99540609</md5>
            <sha1>B1B6D8CACD6004DF8B51E2B7F13EBDBBE6CFB43D</sha1>
            <evidenceCollected>
                <evidence>
                    <source>file</source>
                    <name>name</name>
                    <value>Translators</value>
                </evidence>
                <evidence>
                    <source>jar</source>
                    <name>package</name>
                    <value>artofillusion</value>
                </evidence>
                <evidence>
                    <source>jar</source>
                    <name>package</name>
                    <value>translators</value>
                </evidence>
            </evidenceCollected>
        </dependency>
        <dependency>
            <fileName>jhall.jar</fileName>
            <filePath>/home/bcraig/Documents/Thesis/Analysis/reports/aoi/3rdParty/jhall.jar</filePath>
            <md5>5747AB90AB328FB4EBD03CD0FCDA48DF</md5>
            <sha1>E2DF7010A5FE652442AC9DA9880F6B57E13284D4</sha1>
            <evidenceCollected>
                <evidence>
                    <source>file</source>
                    <name>name</name>
                    <value>jhall</value>
                </evidence>
                <evidence>
                    <source>jar</source>
                    <name>package</name>
                    <value>help</value>
                </evidence>
                <evidence>
                    <source>jar</source>
                    <name>package</name>
                    <value>javax</value>
                </evidence>
                <evidence>
                    <source>jar</source>
                    <name>package name</name>
                    <value>help</value>
                </evidence>
                <evidence>
                    <source>jar</source>
                    <name>package name</name>
                    <value>java</value>
                </evidence>
                <evidence>
                    <source>jar</source>
                    <name>package name</name>
                    <value>javax</value>
                </evidence>
                <evidence>
                    <source>jar</source>
                    <name>package name</name>
                    <value>sun</value>
                </evidence>
                <evidence>
                    <source>jar (hint)</source>
                    <name>package name</name>
                    <value>oracle</value>
                </evidence>
                <evidence>
                    <source>Manifest</source>
                    <name>extension-name</name>
                    <value>javax.help</value>
                </evidence>
                <evidence>
                    <source>Manifest</source>
                    <name>Implementation-Vendor</name>
                    <value>Sun Microsystems, Inc</value>
                </evidence>
                <evidence>
                    <source>Manifest</source>
                    <name>Implementation-Vendor-Id</name>
                    <value>com.sun</value>
                </evidence>
                <evidence>
                    <source>Manifest</source>
                    <name>Implementation-Version</name>
                    <value>2.0_02</value>
                </evidence>
                <evidence>
                    <source>Manifest</source>
                    <name>specification-vendor</name>
                    <value>Sun Microsystems, Inc</value>
                </evidence>
                <evidence>
                    <source>Manifest</source>
                    <name>specification-version</name>
                    <value>2.0</value>
                </evidence>
            </evidenceCollected>
        </dependency>
        <dependency>
            <fileName>helpgui-1.1b.jar</fileName>
            <filePath>/home/bcraig/Documents/Thesis/Analysis/reports/aoi/3rdParty/helpgui-1.1b.jar</filePath>
            <md5>5546D1121603703CED6F8DEB328ECE66</md5>
            <sha1>2CBFC9F3AA4A6FA43EE4C989AA9AF50A68D9F263</sha1>
            <evidenceCollected>
                <evidence>
                    <source>file</source>
                    <name>name</name>
                    <value>helpgui-1.1b</value>
                </evidence>
                <evidence>
                    <source>jar</source>
                    <name>package</name>
                    <value>helpgui</value>
                </evidence>
                <evidence>
                    <source>jar</source>
                    <name>package</name>
                    <value>net</value>
                </evidence>
                <evidence>
                    <source>jar</source>
                    <name>package</name>
                    <value>sourceforge</value>
                </evidence>
            </evidenceCollected>
        </dependency>
        <dependency>
            <fileName>classes.jar</fileName>
            <filePath>/home/bcraig/Documents/Thesis/Analysis/reports/aoi/3rdParty/classes.jar</filePath>
            <md5>9FEAE326BB005EC8E7CCD9DE9684BB87</md5>
            <sha1>83F9DB4030D5302CC9701A2BF3B85C7D9D4C1A3A</sha1>
            <evidenceCollected>
                <evidence>
                    <source>file</source>
                    <name>name</name>
                    <value>classes</value>
                </evidence>
                <evidence>
                    <source>jar</source>
                    <name>package</name>
                    <value>jpegencoder</value>
                </evidence>
            </evidenceCollected>
        </dependency>
        <dependency>
            <fileName>HelpPlugin.jar</fileName>
            <filePath>/home/bcraig/Documents/Thesis/Analysis/reports/aoi/3rdParty/HelpPlugin.jar</filePath>
            <md5>963BBEC0388A559F590B689487665CC1</md5>
            <sha1>FC45316A44F3B6B9E1C5C869E078597690528998</sha1>
            <evidenceCollected>
                <evidence>
                    <source>file</source>
                    <name>name</name>
                    <value>HelpPlugin</value>
                </evidence>
                <evidence>
                    <source>jar</source>
                    <name>package</name>
                    <value>chat</value>
                </evidence>
                <evidence>
                    <source>jar</source>
                    <name>package</name>
                    <value>nik777</value>
                </evidence>
            </evidenceCollected>
        </dependency>
        <dependency>
            <fileName>Buoyx.jar</fileName>
            <filePath>/home/bcraig/Documents/Thesis/Analysis/reports/aoi/3rdParty/Buoyx.jar</filePath>
            <md5>5129D497A11E7657C603C9DAB198CD91</md5>
            <sha1>196E89F6C207F2D17DDD2EB16ADC3C01B65C35DB</sha1>
            <evidenceCollected>
                <evidence>
                    <source>file</source>
                    <name>name</name>
                    <value>Buoyx</value>
                </evidence>
                <evidence>
                    <source>jar</source>
                    <name>package</name>
                    <value>buoyx</value>
                </evidence>
                <evidence>
                    <source>jar</source>
                    <name>package</name>
                    <value>docking</value>
                </evidence>
            </evidenceCollected>
        </dependency>
        <dependency>
            <fileName>beanshell.jar</fileName>
            <filePath>/home/bcraig/Documents/Thesis/Analysis/reports/aoi/3rdParty/beanshell.jar</filePath>
            <md5>A1C60AA83C9C9A6CB2391C1C1B85EB00</md5>
            <sha1>A05F0A0FEEFA8D8467AC80E16E7DE071489F0D9C</sha1>
            <evidenceCollected>
                <evidence>
                    <source>file</source>
                    <name>name</name>
                    <value>beanshell</value>
                </evidence>
                <evidence>
                    <source>jar</source>
                    <name>package</name>
                    <value>bsh</value>
                </evidence>
                <evidence>
                    <source>Manifest</source>
                    <name>Implementation-Vendor</name>
                    <value>Pat Niemeyer (pat@pat.net)</value>
                </evidence>
                <evidence>
                    <source>Manifest</source>
                    <name>specification-title</name>
                    <value>BeanShell</value>
                </evidence>
                <evidence>
                    <source>Manifest</source>
                    <name>specification-vendor</name>
                    <value>http://www.beanshell.org/</value>
                </evidence>
            </evidenceCollected>
        </dependency>
        <dependency>
            <fileName>PostInstall.jar</fileName>
            <filePath>/home/bcraig/Documents/Thesis/Analysis/reports/aoi/3rdParty/PostInstall.jar</filePath>
            <md5>7F6653F3FA20E5BA6EE49492893D690B</md5>
            <sha1>95C3B6D5407E9F43C52C2838F9CB3161EB5B206A</sha1>
            <evidenceCollected>
                <evidence>
                    <source>file</source>
                    <name>name</name>
                    <value>PostInstall</value>
                </evidence>
                <evidence>
                    <source>jar</source>
                    <name>package</name>
                    <value>artofillusion</value>
                </evidence>
                <evidence>
                    <source>jar</source>
                    <name>package</name>
                    <value>postinstall</value>
                </evidence>
                <evidence>
                    <source>jar</source>
                    <name>package</name>
                    <value>spmanager</value>
                </evidence>
            </evidenceCollected>
        </dependency>
        <dependency>
            <fileName>Renderers.jar</fileName>
            <filePath>/home/bcraig/Documents/Thesis/Analysis/reports/aoi/3rdParty/Renderers.jar</filePath>
            <md5>DBD98887D30E44AFAE8EE712C8223EB6</md5>
            <sha1>534D5C22FF1CDA8B54C6DDB08A2338AD38E1B19F</sha1>
            <evidenceCollected>
                <evidence>
                    <source>file</source>
                    <name>name</name>
                    <value>Renderers</value>
                </evidence>
                <evidence>
                    <source>jar</source>
                    <name>package</name>
                    <value>artofillusion</value>
                </evidence>
                <evidence>
                    <source>jar</source>
                    <name>package</name>
                    <value>raytracer</value>
                </evidence>
            </evidenceCollected>
        </dependency>
        <dependency>
            <fileName>Tools.jar</fileName>
            <filePath>/home/bcraig/Documents/Thesis/Analysis/reports/aoi/3rdParty/Tools.jar</filePath>
            <md5>F0B674A3EEB357282A4187059044BDD6</md5>
            <sha1>CEFCA83FD1B2837B248A0B387A86CB9A00ABCBA4</sha1>
            <evidenceCollected>
                <evidence>
                    <source>file</source>
                    <name>name</name>
                    <value>Tools</value>
                </evidence>
                <evidence>
                    <source>jar</source>
                    <name>package</name>
                    <value>artofillusion</value>
                </evidence>
                <evidence>
                    <source>jar</source>
                    <name>package</name>
                    <value>tools</value>
                </evidence>
            </evidenceCollected>
        </dependency>
    </dependencies>
</analysis>