<?xml version="1.0"?>
<analysis xmlns="https://www.owasp.org/index.php/OWASP_Dependency_Check">
    <projectInfo>
        <name>batik</name>
        <reportDate>Feb 18, 2014 1:53:08 PM</reportDate>
        <credits>This report contains data retrieved from the National Vulnerability Database: http://nvd.nist.gov</credits>
    </projectInfo>
    <dependencies>
        <dependency>
            <fileName>xml-apis-ext.jar</fileName>
            <filePath>/home/bcraig/Documents/Thesis/Analysis/reports/batik/3rdParty/xml-apis-ext.jar</filePath>
            <md5>BCB07D3B8D2397DB7A3013B6465D347B</md5>
            <sha1>41A8B86B358E87F3F13CF46069721719105AFF66</sha1>
            <evidenceCollected>
                <evidence>
                    <source>file</source>
                    <name>name</name>
                    <value>xml-apis-ext</value>
                </evidence>
                <evidence>
                    <source>jar</source>
                    <name>package</name>
                    <value>dom</value>
                </evidence>
                <evidence>
                    <source>jar</source>
                    <name>package</name>
                    <value>svg</value>
                </evidence>
                <evidence>
                    <source>jar</source>
                    <name>package</name>
                    <value>w3c</value>
                </evidence>
            </evidenceCollected>
        </dependency>
        <dependency>
            <fileName>JarCheckPermissionsDenied.jar</fileName>
            <filePath>/home/bcraig/Documents/Thesis/Analysis/reports/batik/3rdParty/JarCheckPermissionsDenied.jar</filePath>
            <md5>672EF8FC2D31B17B46B79DC3696A8F06</md5>
            <sha1>1D05677F72DB8FA2D7E28D2EF857ADB9B117F726</sha1>
            <evidenceCollected>
                <evidence>
                    <source>file</source>
                    <name>name</name>
                    <value>JarCheckPermissionsDenied</value>
                </evidence>
                <evidence>
                    <source>jar</source>
                    <name>package</name>
                    <value>apache</value>
                </evidence>
                <evidence>
                    <source>jar</source>
                    <name>package</name>
                    <value>batik</value>
                </evidence>
                <evidence>
                    <source>jar</source>
                    <name>package</name>
                    <value>bridge</value>
                </evidence>
            </evidenceCollected>
        </dependency>
        <dependency>
            <fileName>xalan-2.6.0.jar</fileName>
            <filePath>/home/bcraig/Documents/Thesis/Analysis/reports/batik/3rdParty/xalan-2.6.0.jar</filePath>
            <md5>8FE8E62B586E19FD4378CBDD154DCF96</md5>
            <sha1>80F72D07B661D1E1A685D17619FC4B95BD34AA78</sha1>
            <evidenceCollected>
                <evidence>
                    <source>file</source>
                    <name>name</name>
                    <value>xalan-2.6.0</value>
                </evidence>
                <evidence>
                    <source>jar</source>
                    <name>package</name>
                    <value>apache</value>
                </evidence>
            </evidenceCollected>
        </dependency>
        <dependency>
            <fileName>ant-launcher-1.6.5.jar</fileName>
            <filePath>/home/bcraig/Documents/Thesis/Analysis/reports/batik/3rdParty/ant-launcher-1.6.5.jar</filePath>
            <md5>2FAE8D3E81DCC51B8874A9916EB64CB2</md5>
            <sha1>B06FD72D7CABD5EC39CEA153A21FA5CEA5D37F71</sha1>
            <evidenceCollected>
                <evidence>
                    <source>file</source>
                    <name>name</name>
                    <value>ant-launcher-1.6.5</value>
                </evidence>
                <evidence>
                    <source>jar</source>
                    <name>package</name>
                    <value>ant</value>
                </evidence>
                <evidence>
                    <source>jar</source>
                    <name>package</name>
                    <value>apache</value>
                </evidence>
                <evidence>
                    <source>jar</source>
                    <name>package</name>
                    <value>launch</value>
                </evidence>
                <evidence>
                    <source>jar</source>
                    <name>package</name>
                    <value>tools</value>
                </evidence>
            </evidenceCollected>
        </dependency>
        <dependency>
            <fileName>pdf-transcoder.jar</fileName>
            <filePath>/home/bcraig/Documents/Thesis/Analysis/reports/batik/3rdParty/pdf-transcoder.jar</filePath>
            <md5>43A6EF2246D90909244F73238D3FA6B2</md5>
            <sha1>41D206EE233C3A653FB22BE74128F637A5EC262F</sha1>
            <evidenceCollected>
                <evidence>
                    <source>file</source>
                    <name>name</name>
                    <value>pdf-transcoder</value>
                </evidence>
                <evidence>
                    <source>jar</source>
                    <name>package</name>
                    <value>apache</value>
                </evidence>
                <evidence>
                    <source>jar</source>
                    <name>package</name>
                    <value>fop</value>
                </evidence>
                <evidence>
                    <source>jar</source>
                    <name>package name</name>
                    <value>apache</value>
                </evidence>
                <evidence>
                    <source>jar</source>
                    <name>package name</name>
                    <value>fo</value>
                </evidence>
                <evidence>
                    <source>jar</source>
                    <name>package name</name>
                    <value>fop</value>
                </evidence>
                <evidence>
                    <source>jar</source>
                    <name>package name</name>
                    <value>io</value>
                </evidence>
                <evidence>
                    <source>jar</source>
                    <name>package name</name>
                    <value>xmlgraphics</value>
                </evidence>
                <evidence>
                    <source>Manifest</source>
                    <name>build-id</name>
                    <value>20071114-105327-EST (cam [Linux 2.6.22.8 i386, Java 1.3.1_19-b03])</value>
                </evidence>
                <evidence>
                    <source>Manifest</source>
                    <name>Implementation-Title</name>
                    <value>FOP Transcoder Package</value>
                </evidence>
                <evidence>
                    <source>Manifest</source>
                    <name>Implementation-Vendor</name>
                    <value>The Apache Software Foundation (http://xmlgraphics.apache.org/fop/)</value>
                </evidence>
            </evidenceCollected>
        </dependency>
        <dependency>
            <fileName>xml-apis.jar</fileName>
            <filePath>/home/bcraig/Documents/Thesis/Analysis/reports/batik/3rdParty/xml-apis.jar</filePath>
            <md5>9AE9C29E4497FC35A3EADE1E6DD0BBEB</md5>
            <sha1>90B215F48FE42776C8C7F6E3509EC54E84FD65EF</sha1>
            <evidenceCollected>
                <evidence>
                    <source>file</source>
                    <name>name</name>
                    <value>xml-apis</value>
                </evidence>
                <evidence>
                    <source>jar</source>
                    <name>package</name>
                    <value>dom</value>
                </evidence>
                <evidence>
                    <source>jar</source>
                    <name>package</name>
                    <value>xml</value>
                </evidence>
            </evidenceCollected>
        </dependency>
        <dependency>
            <fileName>IWasLoadedToo.jar</fileName>
            <filePath>/home/bcraig/Documents/Thesis/Analysis/reports/batik/3rdParty/IWasLoadedToo.jar</filePath>
            <md5>D90E04A3022F295CB0C2B1EF66ECB550</md5>
            <sha1>8252A39A3FAFF9D36F7FEB051424899C7641C038</sha1>
            <evidenceCollected>
                <evidence>
                    <source>file</source>
                    <name>name</name>
                    <value>IWasLoadedToo</value>
                </evidence>
                <evidence>
                    <source>jar</source>
                    <name>package</name>
                    <value>apache</value>
                </evidence>
                <evidence>
                    <source>jar</source>
                    <name>package</name>
                    <value>batik</value>
                </evidence>
                <evidence>
                    <source>jar</source>
                    <name>package</name>
                    <value>bridge</value>
                </evidence>
                <evidence>
                    <source>jar</source>
                    <name>package</name>
                    <value>iwasloadedtoo</value>
                </evidence>
            </evidenceCollected>
        </dependency>
        <dependency>
            <fileName>xml-apis-dom3.jar</fileName>
            <filePath>/home/bcraig/Documents/Thesis/Analysis/reports/batik/3rdParty/xml-apis-dom3.jar</filePath>
            <md5>135426EC5E366D74DD3D8D42D3B9E8B8</md5>
            <sha1>0B029684586FE54A2EE0D302B136D665D70FD527</sha1>
            <evidenceCollected>
                <evidence>
                    <source>file</source>
                    <name>name</name>
                    <value>xml-apis-dom3</value>
                </evidence>
                <evidence>
                    <source>jar</source>
                    <name>package</name>
                    <value>dom</value>
                </evidence>
                <evidence>
                    <source>jar</source>
                    <name>package</name>
                    <value>w3c</value>
                </evidence>
            </evidenceCollected>
        </dependency>
        <dependency>
            <fileName>JarCheckPermissionsGranted.jar</fileName>
            <filePath>/home/bcraig/Documents/Thesis/Analysis/reports/batik/3rdParty/JarCheckPermissionsGranted.jar</filePath>
            <md5>CF48C3E41F19CD1160CFAEA78D0358C2</md5>
            <sha1>4F9676277F1DFDBC6D5FA1D7DD53AF54CAB384A6</sha1>
            <evidenceCollected>
                <evidence>
                    <source>file</source>
                    <name>name</name>
                    <value>JarCheckPermissionsGranted</value>
                </evidence>
                <evidence>
                    <source>jar</source>
                    <name>package</name>
                    <value>apache</value>
                </evidence>
                <evidence>
                    <source>jar</source>
                    <name>package</name>
                    <value>batik</value>
                </evidence>
                <evidence>
                    <source>jar</source>
                    <name>package</name>
                    <value>bridge</value>
                </evidence>
            </evidenceCollected>
        </dependency>
        <dependency>
            <fileName>crimson-1.1.3.jar</fileName>
            <filePath>/home/bcraig/Documents/Thesis/Analysis/reports/batik/3rdParty/crimson-1.1.3.jar</filePath>
            <md5>BAD5C2EA1434205C6644F8C0E87CB210</md5>
            <sha1>31E3DAC9777ABFEC809AD9315F8B5D283CD46C40</sha1>
            <evidenceCollected>
                <evidence>
                    <source>file</source>
                    <name>name</name>
                    <value>crimson-1.1.3</value>
                </evidence>
                <evidence>
                    <source>jar</source>
                    <name>package</name>
                    <value>apache</value>
                </evidence>
                <evidence>
                    <source>jar</source>
                    <name>package</name>
                    <value>crimson</value>
                </evidence>
            </evidenceCollected>
        </dependency>
        <dependency>
            <fileName>xerces_2_5_0.jar</fileName>
            <filePath>/home/bcraig/Documents/Thesis/Analysis/reports/batik/3rdParty/xerces_2_5_0.jar</filePath>
            <md5>F4D85EF049178595124B71CFA1621EFB</md5>
            <sha1>ACF6C3AE70D32FE025B3D0A6C7F87BB2E6062473</sha1>
            <evidenceCollected>
                <evidence>
                    <source>file</source>
                    <name>name</name>
                    <value>xerces_2_5_0</value>
                </evidence>
                <evidence>
                    <source>jar</source>
                    <name>package</name>
                    <value>apache</value>
                </evidence>
                <evidence>
                    <source>jar</source>
                    <name>package</name>
                    <value>xerces</value>
                </evidence>
            </evidenceCollected>
        </dependency>
        <dependency>
            <fileName>IWasLoaded.jar</fileName>
            <filePath>/home/bcraig/Documents/Thesis/Analysis/reports/batik/3rdParty/IWasLoaded.jar</filePath>
            <md5>39B7DE0BEE453CECFB4A22882ADA06BE</md5>
            <sha1>82AF497271363A69EC36409EE89BAC55E17F9385</sha1>
            <evidenceCollected>
                <evidence>
                    <source>file</source>
                    <name>name</name>
                    <value>IWasLoaded</value>
                </evidence>
                <evidence>
                    <source>jar</source>
                    <name>package</name>
                    <value>apache</value>
                </evidence>
                <evidence>
                    <source>jar</source>
                    <name>package</name>
                    <value>batik</value>
                </evidence>
                <evidence>
                    <source>jar</source>
                    <name>package</name>
                    <value>bridge</value>
                </evidence>
            </evidenceCollected>
        </dependency>
        <dependency>
            <fileName>js.jar</fileName>
            <filePath>/home/bcraig/Documents/Thesis/Analysis/reports/batik/3rdParty/js.jar</filePath>
            <md5>0EAB2C31BE0102C0828D0F60C4F14494</md5>
            <sha1>688EB1BF13B7A54491FCB3405068FC5092589884</sha1>
            <evidenceCollected>
                <evidence>
                    <source>file</source>
                    <name>name</name>
                    <value>js</value>
                </evidence>
                <evidence>
                    <source>jar</source>
                    <name>package</name>
                    <value>javascript</value>
                </evidence>
                <evidence>
                    <source>jar</source>
                    <name>package</name>
                    <value>mozilla</value>
                </evidence>
            </evidenceCollected>
        </dependency>
        <dependency>
            <fileName>ant-1.6.5.jar</fileName>
            <filePath>/home/bcraig/Documents/Thesis/Analysis/reports/batik/3rdParty/ant-1.6.5.jar</filePath>
            <md5>C5C499F1EEF9367C657E89BB881C69AA</md5>
            <sha1>7D18FAF23DF1A5C3A43613952E0E8A182664564B</sha1>
            <evidenceCollected>
                <evidence>
                    <source>file</source>
                    <name>name</name>
                    <value>ant-1.6.5</value>
                </evidence>
                <evidence>
                    <source>jar</source>
                    <name>package</name>
                    <value>ant</value>
                </evidence>
                <evidence>
                    <source>jar</source>
                    <name>package</name>
                    <value>apache</value>
                </evidence>
                <evidence>
                    <source>jar</source>
                    <name>package</name>
                    <value>tools</value>
                </evidence>
            </evidenceCollected>
        </dependency>
    </dependencies>
</analysis>