<?xml version="1.0"?>
<analysis xmlns="https://www.owasp.org/index.php/OWASP_Dependency_Check">
    <projectInfo>
        <name>castor</name>
        <reportDate>Feb 18, 2014 1:54:07 PM</reportDate>
        <credits>This report contains data retrieved from the National Vulnerability Database: http://nvd.nist.gov</credits>
    </projectInfo>
    <dependencies>
        <dependency>
            <fileName>ldapjdk_4.1.jar</fileName>
            <filePath>/home/bcraig/Documents/Thesis/Analysis/reports/castor/3rdParty/ldapjdk_4.1.jar</filePath>
            <md5>8723807D24D5749FC2E39532A980CDDA</md5>
            <sha1>09C0573067785C719580E909269C581F77C0B634</sha1>
            <evidenceCollected>
                <evidence>
                    <source>file</source>
                    <name>name</name>
                    <value>ldapjdk_4.1</value>
                </evidence>
                <evidence>
                    <source>jar</source>
                    <name>package</name>
                    <value>ldap</value>
                </evidence>
                <evidence>
                    <source>jar</source>
                    <name>package</name>
                    <value>netscape</value>
                </evidence>
            </evidenceCollected>
        </dependency>
        <dependency>
            <fileName>commons-logging-1.1.jar</fileName>
            <filePath>/home/bcraig/Documents/Thesis/Analysis/reports/castor/3rdParty/commons-logging-1.1.jar</filePath>
            <md5>6B62417E77B000A87DE66EE3935EDBF5</md5>
            <sha1>BA24D5DE831911B684C92CD289ED5FF826271824</sha1>
            <evidenceCollected>
                <evidence>
                    <source>file</source>
                    <name>name</name>
                    <value>commons-logging-1.1</value>
                </evidence>
                <evidence>
                    <source>jar</source>
                    <name>package</name>
                    <value>apache</value>
                </evidence>
                <evidence>
                    <source>jar</source>
                    <name>package</name>
                    <value>commons</value>
                </evidence>
                <evidence>
                    <source>jar</source>
                    <name>package</name>
                    <value>impl</value>
                </evidence>
                <evidence>
                    <source>jar</source>
                    <name>package</name>
                    <value>logging</value>
                </evidence>
                <evidence>
                    <source>jar</source>
                    <name>package name</name>
                    <value>apache</value>
                </evidence>
                <evidence>
                    <source>jar</source>
                    <name>package name</name>
                    <value>commons</value>
                </evidence>
                <evidence>
                    <source>jar</source>
                    <name>package name</name>
                    <value>log</value>
                </evidence>
                <evidence>
                    <source>jar</source>
                    <name>package name</name>
                    <value>logging</value>
                </evidence>
                <evidence>
                    <source>Manifest</source>
                    <name>extension-name</name>
                    <value>org.apache.commons.logging</value>
                </evidence>
                <evidence>
                    <source>Manifest</source>
                    <name>Implementation-Title</name>
                    <value>Jakarta Commons Logging</value>
                </evidence>
                <evidence>
                    <source>Manifest</source>
                    <name>Implementation-Vendor</name>
                    <value>Apache Software Foundation</value>
                </evidence>
                <evidence>
                    <source>Manifest</source>
                    <name>Implementation-Vendor-Id</name>
                    <value>org.apache</value>
                </evidence>
                <evidence>
                    <source>Manifest</source>
                    <name>specification-title</name>
                    <value>Jakarta Commons Logging</value>
                </evidence>
                <evidence>
                    <source>Manifest</source>
                    <name>specification-vendor</name>
                    <value>Apache Software Foundation</value>
                </evidence>
            </evidenceCollected>
        </dependency>
        <dependency>
            <fileName>cglib-full-2.0.2.jar</fileName>
            <filePath>/home/bcraig/Documents/Thesis/Analysis/reports/castor/3rdParty/cglib-full-2.0.2.jar</filePath>
            <md5>A7885B8A7E3E64861E52E30B92839118</md5>
            <sha1>085860B4A5987092EA1F993E41AB89E8FC5C7928</sha1>
            <evidenceCollected>
                <evidence>
                    <source>file</source>
                    <name>name</name>
                    <value>cglib-full-2.0.2</value>
                </evidence>
                <evidence>
                    <source>jar</source>
                    <name>package</name>
                    <value>cglib</value>
                </evidence>
                <evidence>
                    <source>jar</source>
                    <name>package</name>
                    <value>net</value>
                </evidence>
                <evidence>
                    <source>jar</source>
                    <name>package</name>
                    <value>sf</value>
                </evidence>
            </evidenceCollected>
        </dependency>
        <dependency>
            <fileName>jakarta-oro-2.0.5.jar</fileName>
            <filePath>/home/bcraig/Documents/Thesis/Analysis/reports/castor/3rdParty/jakarta-oro-2.0.5.jar</filePath>
            <md5>7BE42D65D2A2F05538888476F1AC7465</md5>
            <sha1>B0A671CA3FB8B9C4A6742BE7BE67AF2537452805</sha1>
            <evidenceCollected>
                <evidence>
                    <source>file</source>
                    <name>name</name>
                    <value>jakarta-oro-2.0.5</value>
                </evidence>
                <evidence>
                    <source>jar</source>
                    <name>package</name>
                    <value>apache</value>
                </evidence>
                <evidence>
                    <source>jar</source>
                    <name>package</name>
                    <value>oro</value>
                </evidence>
                <evidence>
                    <source>jar</source>
                    <name>package</name>
                    <value>text</value>
                </evidence>
            </evidenceCollected>
        </dependency>
        <dependency>
            <fileName>junit-4.5.jar</fileName>
            <filePath>/home/bcraig/Documents/Thesis/Analysis/reports/castor/3rdParty/junit-4.5.jar</filePath>
            <md5>896973B9728A697494024163343C8112</md5>
            <sha1>7059D3D3BEDC1FCA9B33CDE8503095B3576A0BBA</sha1>
            <evidenceCollected>
                <evidence>
                    <source>file</source>
                    <name>name</name>
                    <value>junit-4.5</value>
                </evidence>
                <evidence>
                    <source>jar</source>
                    <name>package</name>
                    <value>junit</value>
                </evidence>
            </evidenceCollected>
        </dependency>
        <dependency>
            <fileName>jta1.0.1.jar</fileName>
            <filePath>/home/bcraig/Documents/Thesis/Analysis/reports/castor/3rdParty/jta1.0.1.jar</filePath>
            <md5>7AC8C682CDCE21D41F4F101BD5DF6FCF</md5>
            <sha1>FF35A37E3A01DA394BBF10E88981E649AFC9CEB1</sha1>
            <evidenceCollected>
                <evidence>
                    <source>file</source>
                    <name>name</name>
                    <value>jta1.0.1</value>
                </evidence>
                <evidence>
                    <source>jar</source>
                    <name>package</name>
                    <value>javax</value>
                </evidence>
                <evidence>
                    <source>jar</source>
                    <name>package</name>
                    <value>transaction</value>
                </evidence>
                <evidence>
                    <source>jar</source>
                    <name>package name</name>
                    <value>transaction</value>
                </evidence>
                <evidence>
                    <source>Manifest</source>
                    <name>Implementation-Title</name>
                    <value>Java Transaction API (JTA)</value>
                </evidence>
                <evidence>
                    <source>Manifest</source>
                    <name>Implementation-Vendor</name>
                    <value>Sun Microsystems, Inc.</value>
                </evidence>
                <evidence>
                    <source>Manifest</source>
                    <name>specification-title</name>
                    <value>Java Transaction API (JTA)</value>
                </evidence>
                <evidence>
                    <source>Manifest</source>
                    <name>specification-vendor</name>
                    <value>Sun Microsystems, Inc.</value>
                </evidence>
            </evidenceCollected>
        </dependency>
        <dependency>
            <fileName>jndi_1.2.1.jar</fileName>
            <filePath>/home/bcraig/Documents/Thesis/Analysis/reports/castor/3rdParty/jndi_1.2.1.jar</filePath>
            <md5>AA7A3C262BDDCA84341FBA3DC9A8349E</md5>
            <sha1>8E42335141EB16AE1AEFF9B132118ACC1A9DAB66</sha1>
            <evidenceCollected>
                <evidence>
                    <source>file</source>
                    <name>name</name>
                    <value>jndi_1.2.1</value>
                </evidence>
                <evidence>
                    <source>jar</source>
                    <name>package</name>
                    <value>javax</value>
                </evidence>
                <evidence>
                    <source>jar</source>
                    <name>package</name>
                    <value>naming</value>
                </evidence>
            </evidenceCollected>
        </dependency>
        <dependency>
            <fileName>jtf-0.1.jar</fileName>
            <filePath>/home/bcraig/Documents/Thesis/Analysis/reports/castor/3rdParty/jtf-0.1.jar</filePath>
            <md5>5B1CD820C1025EA4D2D5BB25710B5D2B</md5>
            <sha1>A84B264B0D29FF369F77F928A9BD816C8BA2E6E7</sha1>
            <evidenceCollected>
                <evidence>
                    <source>file</source>
                    <name>name</name>
                    <value>jtf-0.1</value>
                </evidence>
                <evidence>
                    <source>jar</source>
                    <name>package</name>
                    <value>exolab</value>
                </evidence>
                <evidence>
                    <source>jar</source>
                    <name>package</name>
                    <value>jtf</value>
                </evidence>
                <evidence>
                    <source>Manifest</source>
                    <name>Implementation-Title</name>
                    <value>Java Test Framework</value>
                </evidence>
                <evidence>
                    <source>Manifest</source>
                    <name>Implementation-Vendor</name>
                    <value>Comware Australia Pty. Ltd.</value>
                </evidence>
                <evidence>
                    <source>Manifest</source>
                    <name>specification-title</name>
                    <value>Java Test Framework</value>
                </evidence>
                <evidence>
                    <source>Manifest</source>
                    <name>specification-vendor</name>
                    <value>Comware Australia Pty. Ltd.</value>
                </evidence>
            </evidenceCollected>
        </dependency>
        <dependency>
            <fileName>persistence-api-1.0.jar</fileName>
            <filePath>/home/bcraig/Documents/Thesis/Analysis/reports/castor/3rdParty/persistence-api-1.0.jar</filePath>
            <md5>AEB56AD8210370D0CD5C0E995EB0D16C</md5>
            <sha1>5725F57873E05E068803E2BF9D5A8EA3740FFEC5</sha1>
            <evidenceCollected>
                <evidence>
                    <source>file</source>
                    <name>name</name>
                    <value>persistence-api-1.0</value>
                </evidence>
                <evidence>
                    <source>jar</source>
                    <name>package</name>
                    <value>javax</value>
                </evidence>
                <evidence>
                    <source>jar</source>
                    <name>package</name>
                    <value>persistence</value>
                </evidence>
                <evidence>
                    <source>jar</source>
                    <name>package name</name>
                    <value>javax</value>
                </evidence>
                <evidence>
                    <source>jar</source>
                    <name>package name</name>
                    <value>persistence</value>
                </evidence>
                <evidence>
                    <source>Manifest</source>
                    <name>extension-name</name>
                    <value>javax.persistence</value>
                </evidence>
                <evidence>
                    <source>Manifest</source>
                    <name>Implementation-Vendor</name>
                    <value>Sun Microsystems, Inc., Oracle Corp.</value>
                </evidence>
                <evidence>
                    <source>Manifest</source>
                    <name>Implementation-Vendor-Id</name>
                    <value>javax.persistence</value>
                </evidence>
                <evidence>
                    <source>Manifest</source>
                    <name>specification-title</name>
                    <value>Java Platform, Persistence  Specification</value>
                </evidence>
                <evidence>
                    <source>Manifest</source>
                    <name>specification-vendor</name>
                    <value>Sun Microsystems, Inc., Oracle Corp.</value>
                </evidence>
            </evidenceCollected>
        </dependency>
        <dependency>
            <fileName>jakarta-regexp-1.1.jar</fileName>
            <filePath>/home/bcraig/Documents/Thesis/Analysis/reports/castor/3rdParty/jakarta-regexp-1.1.jar</filePath>
            <md5>7B57D8A8EB7B1993906EC25105BB4DF2</md5>
            <sha1>DFD7F6DD15DA139C16BE68184C5EEC87ADB56DED</sha1>
            <evidenceCollected>
                <evidence>
                    <source>file</source>
                    <name>name</name>
                    <value>jakarta-regexp-1.1</value>
                </evidence>
                <evidence>
                    <source>jar</source>
                    <name>package</name>
                    <value>apache</value>
                </evidence>
                <evidence>
                    <source>jar</source>
                    <name>package</name>
                    <value>regexp</value>
                </evidence>
            </evidenceCollected>
        </dependency>
        <dependency>
            <fileName>multithreadedtc-1.01.jar</fileName>
            <filePath>/home/bcraig/Documents/Thesis/Analysis/reports/castor/3rdParty/multithreadedtc-1.01.jar</filePath>
            <md5>A486D4680EDF8C2202A4D0C668D7F05F</md5>
            <sha1>43FBC1110D7E43CF79E415EF32036975AD85944C</sha1>
            <evidenceCollected>
                <evidence>
                    <source>file</source>
                    <name>name</name>
                    <value>multithreadedtc-1.01</value>
                </evidence>
                <evidence>
                    <source>jar</source>
                    <name>package</name>
                    <value>cs</value>
                </evidence>
                <evidence>
                    <source>jar</source>
                    <name>package</name>
                    <value>edu</value>
                </evidence>
                <evidence>
                    <source>jar</source>
                    <name>package</name>
                    <value>mtc</value>
                </evidence>
                <evidence>
                    <source>jar</source>
                    <name>package</name>
                    <value>umd</value>
                </evidence>
            </evidenceCollected>
        </dependency>
        <dependency>
            <fileName>velocity-1.5.jar</fileName>
            <filePath>/home/bcraig/Documents/Thesis/Analysis/reports/castor/3rdParty/velocity-1.5.jar</filePath>
            <md5>8D46D30A37E1CF2047CDFA73C552E8A9</md5>
            <sha1>09F306BAF7523FFC0E81A6353D08A584D254133B</sha1>
            <evidenceCollected>
                <evidence>
                    <source>file</source>
                    <name>name</name>
                    <value>velocity-1.5</value>
                </evidence>
                <evidence>
                    <source>jar</source>
                    <name>package</name>
                    <value>apache</value>
                </evidence>
                <evidence>
                    <source>jar</source>
                    <name>package</name>
                    <value>runtime</value>
                </evidence>
                <evidence>
                    <source>jar</source>
                    <name>package</name>
                    <value>velocity</value>
                </evidence>
                <evidence>
                    <source>jar</source>
                    <name>package name</name>
                    <value>apache</value>
                </evidence>
                <evidence>
                    <source>jar</source>
                    <name>package name</name>
                    <value>io</value>
                </evidence>
                <evidence>
                    <source>jar</source>
                    <name>package name</name>
                    <value>template</value>
                </evidence>
                <evidence>
                    <source>jar</source>
                    <name>package name</name>
                    <value>velocity</value>
                </evidence>
                <evidence>
                    <source>Manifest</source>
                    <name>extension-name</name>
                    <value>velocity</value>
                </evidence>
                <evidence>
                    <source>Manifest</source>
                    <name>Implementation-Title</name>
                    <value>org.apache.velocity</value>
                </evidence>
                <evidence>
                    <source>Manifest</source>
                    <name>Implementation-Vendor</name>
                    <value>Apache Software Foundation</value>
                </evidence>
                <evidence>
                    <source>Manifest</source>
                    <name>Implementation-Vendor-Id</name>
                    <value>org.apache</value>
                </evidence>
                <evidence>
                    <source>Manifest</source>
                    <name>specification-title</name>
                    <value>Velocity is a Java-based template engine</value>
                </evidence>
                <evidence>
                    <source>Manifest</source>
                    <name>specification-vendor</name>
                    <value>Apache Software Foundation</value>
                </evidence>
            </evidenceCollected>
        </dependency>
        <dependency>
            <fileName>commons-collections-3.1.jar</fileName>
            <filePath>/home/bcraig/Documents/Thesis/Analysis/reports/castor/3rdParty/commons-collections-3.1.jar</filePath>
            <md5>D1DCB0FBEE884BB855BB327B8190AF36</md5>
            <sha1>40FB048097CAEACDB11DBB33B5755854D89EFDEB</sha1>
            <evidenceCollected>
                <evidence>
                    <source>file</source>
                    <name>name</name>
                    <value>commons-collections-3.1</value>
                </evidence>
                <evidence>
                    <source>jar</source>
                    <name>package</name>
                    <value>apache</value>
                </evidence>
                <evidence>
                    <source>jar</source>
                    <name>package</name>
                    <value>collections</value>
                </evidence>
                <evidence>
                    <source>jar</source>
                    <name>package</name>
                    <value>commons</value>
                </evidence>
                <evidence>
                    <source>jar</source>
                    <name>package name</name>
                    <value>apache</value>
                </evidence>
                <evidence>
                    <source>jar</source>
                    <name>package name</name>
                    <value>collection</value>
                </evidence>
                <evidence>
                    <source>jar</source>
                    <name>package name</name>
                    <value>collections</value>
                </evidence>
                <evidence>
                    <source>jar</source>
                    <name>package name</name>
                    <value>commons</value>
                </evidence>
                <evidence>
                    <source>Manifest</source>
                    <name>extension-name</name>
                    <value>commons-collections</value>
                </evidence>
                <evidence>
                    <source>Manifest</source>
                    <name>Implementation-Vendor</name>
                    <value>Apache Software Foundation</value>
                </evidence>
                <evidence>
                    <source>Manifest</source>
                    <name>Implementation-Vendor-Id</name>
                    <value></value>
                </evidence>
                <evidence>
                    <source>Manifest</source>
                    <name>specification-title</name>
                    <value>Commons Collections</value>
                </evidence>
                <evidence>
                    <source>Manifest</source>
                    <name>specification-vendor</name>
                    <value>Apache Software Foundation</value>
                </evidence>
            </evidenceCollected>
        </dependency>
        <dependency>
            <fileName>easymock-2.4.jar</fileName>
            <filePath>/home/bcraig/Documents/Thesis/Analysis/reports/castor/3rdParty/easymock-2.4.jar</filePath>
            <md5>8A53A7AE6E64ACAF0747BE3C3DA394B0</md5>
            <sha1>A1703C7B69A0590E25DAD65FF8D14D7E465B019D</sha1>
            <description>EasyMock provides an easy way to create Mock Objects for interfaces by generating them on the fly using Java&apos;s proxy mechanism</description>
            <license>MIT License: http://www.easymock.org/License.html</license>
            <evidenceCollected>
                <evidence>
                    <source>file</source>
                    <name>name</name>
                    <value>easymock-2.4</value>
                </evidence>
                <evidence>
                    <source>jar</source>
                    <name>package name</name>
                    <value>easymock</value>
                </evidence>
                <evidence>
                    <source>jar</source>
                    <name>package name</name>
                    <value>or</value>
                </evidence>
                <evidence>
                    <source>pom</source>
                    <name>artifactid</name>
                    <value>easymock</value>
                </evidence>
                <evidence>
                    <source>pom</source>
                    <name>artifactid</name>
                    <value>easymock</value>
                </evidence>
                <evidence>
                    <source>pom</source>
                    <name>description</name>
                    <value>EasyMock provides an easy way to create Mock Objects for interfaces by generating them on the fly using Java&apos;s proxy mechanism</value>
                </evidence>
                <evidence>
                    <source>pom</source>
                    <name>groupid</name>
                    <value>easymock</value>
                </evidence>
                <evidence>
                    <source>pom</source>
                    <name>groupid</name>
                    <value>easymock</value>
                </evidence>
                <evidence>
                    <source>pom</source>
                    <name>name</name>
                    <value>EasyMock</value>
                </evidence>
            </evidenceCollected>
        </dependency>
        <dependency>
            <fileName>commons-lang-2.1.jar</fileName>
            <filePath>/home/bcraig/Documents/Thesis/Analysis/reports/castor/3rdParty/commons-lang-2.1.jar</filePath>
            <md5>51591549F1662A64543F08A1D4A0CF87</md5>
            <sha1>4763ECC9D78781C915C07EB03E90572C7FF04205</sha1>
            <evidenceCollected>
                <evidence>
                    <source>file</source>
                    <name>name</name>
                    <value>commons-lang-2.1</value>
                </evidence>
                <evidence>
                    <source>jar</source>
                    <name>package</name>
                    <value>apache</value>
                </evidence>
                <evidence>
                    <source>jar</source>
                    <name>package</name>
                    <value>commons</value>
                </evidence>
                <evidence>
                    <source>jar</source>
                    <name>package</name>
                    <value>lang</value>
                </evidence>
                <evidence>
                    <source>jar</source>
                    <name>package name</name>
                    <value>apache</value>
                </evidence>
                <evidence>
                    <source>jar</source>
                    <name>package name</name>
                    <value>commons</value>
                </evidence>
                <evidence>
                    <source>jar</source>
                    <name>package name</name>
                    <value>lang</value>
                </evidence>
                <evidence>
                    <source>Manifest</source>
                    <name>extension-name</name>
                    <value>commons-lang</value>
                </evidence>
                <evidence>
                    <source>Manifest</source>
                    <name>Implementation-Title</name>
                    <value>org.apache.commons.lang</value>
                </evidence>
                <evidence>
                    <source>Manifest</source>
                    <name>Implementation-Vendor</name>
                    <value>Apache Software Foundation</value>
                </evidence>
                <evidence>
                    <source>Manifest</source>
                    <name>specification-title</name>
                    <value>Jakarta Commons Lang</value>
                </evidence>
                <evidence>
                    <source>Manifest</source>
                    <name>specification-vendor</name>
                    <value>Apache Software Foundation</value>
                </evidence>
            </evidenceCollected>
        </dependency>
        <dependency>
            <fileName>log4j-1.2.13.jar</fileName>
            <filePath>/home/bcraig/Documents/Thesis/Analysis/reports/castor/3rdParty/log4j-1.2.13.jar</filePath>
            <md5>52169B4A318E3246483F39F62B84B948</md5>
            <sha1>8B1B85D04EEA979C33109EA42808B7D3F6D355AB</sha1>
            <evidenceCollected>
                <evidence>
                    <source>file</source>
                    <name>name</name>
                    <value>log4j-1.2.13</value>
                </evidence>
                <evidence>
                    <source>jar</source>
                    <name>package</name>
                    <value>apache</value>
                </evidence>
                <evidence>
                    <source>jar</source>
                    <name>package</name>
                    <value>log4j</value>
                </evidence>
            </evidenceCollected>
        </dependency>
        <dependency>
            <fileName>derby-10.1.2.1.jar</fileName>
            <filePath>/home/bcraig/Documents/Thesis/Analysis/reports/castor/3rdParty/derby-10.1.2.1.jar</filePath>
            <md5>447420519F4FEADFFF6DAC3E6968F072</md5>
            <sha1>07E111DA56D2B084F36D2ABBBF0F848608B4C0E0</sha1>
            <evidenceCollected>
                <evidence>
                    <source>file</source>
                    <name>name</name>
                    <value>10.1.2.1</value>
                </evidence>
                <evidence>
                    <source>file</source>
                    <name>name</name>
                    <value>derby-10.1.2.1</value>
                </evidence>
                <evidence>
                    <source>file</source>
                    <name>name</name>
                    <value>derby-10.1.2.1</value>
                </evidence>
                <evidence>
                    <source>jar</source>
                    <name>package</name>
                    <value>apache</value>
                </evidence>
                <evidence>
                    <source>jar</source>
                    <name>package</name>
                    <value>derby</value>
                </evidence>
                <evidence>
                    <source>jar</source>
                    <name>package</name>
                    <value>impl</value>
                </evidence>
                <evidence>
                    <source>jar</source>
                    <name>package name</name>
                    <value>apache</value>
                </evidence>
                <evidence>
                    <source>jar</source>
                    <name>package name</name>
                    <value>derby</value>
                </evidence>
                <evidence>
                    <source>jar</source>
                    <name>package name</name>
                    <value>io</value>
                </evidence>
                <evidence>
                    <source>Manifest</source>
                    <name>Bundle-Name</name>
                    <value>Apache Derby 10.1</value>
                </evidence>
                <evidence>
                    <source>Manifest</source>
                    <name>Bundle-Vendor</name>
                    <value>Apache Software Foundation</value>
                </evidence>
                <evidence>
                    <source>Manifest</source>
                    <name>Bundle-Version</name>
                    <value>10.1.2000001.330608</value>
                </evidence>
            </evidenceCollected>
            <identifiers>
                <identifier type="cpe">
                    <name>(cpe:/a:apache:derby:10.1.2.1)</name>
                    <url>http://web.nvd.nist.gov/view/vuln/search?cpe=cpe%3A%2Fa%3Aapache%3Aderby%3A10.1.2.1</url>
                </identifier>
            </identifiers>
            <vulnerabilities>
                <vulnerability>
                    <name>CVE-2009-4269</name>
                    <cvssScore>2.1</cvssScore>
                    <severity>Low</severity>
                    <cwe>CWE-310 Cryptographic Issues</cwe>
                    <description>The password hash generation algorithm in the BUILTIN authentication functionality for Apache Derby before 10.6.1.0 performs a transformation that reduces the size of the set of inputs to SHA-1, which produces a small search space that makes it easier for local and possibly remote attackers to crack passwords by generating hash collisions, related to password substitution.</description>
                    <references>
                        <reference>
                            <source>BID</source>
                            <url>http://www.securityfocus.com/bid/42637</url>
                            <name>42637</name>
                        </reference>
                        <reference>
                            <source>CONFIRM</source>
                            <url>http://db.apache.org/derby/releases/release-10.6.1.0.cgi#Fix+for+Security+Bug+CVE-2009-4269</url>
                            <name>http://db.apache.org/derby/releases/release-10.6.1.0.cgi#Fix+for+Security+Bug+CVE-2009-4269</name>
                        </reference>
                        <reference>
                            <source>CONFIRM</source>
                            <url>http://www.oracle.com/technetwork/topics/security/cpujan2011-194091.html</url>
                            <name>http://www.oracle.com/technetwork/topics/security/cpujan2011-194091.html</name>
                        </reference>
                        <reference>
                            <source>CONFIRM</source>
                            <url>https://issues.apache.org/jira/browse/DERBY-4483</url>
                            <name>https://issues.apache.org/jira/browse/DERBY-4483</name>
                        </reference>
                        <reference>
                            <source>MISC</source>
                            <url>http://blogs.sun.com/kah/entry/derby_10_6_1_has</url>
                            <name>http://blogs.sun.com/kah/entry/derby_10_6_1_has</name>
                        </reference>
                        <reference>
                            <source>MISC</source>
                            <url>http://marcellmajor.com/derbyhash.html</url>
                            <name>http://marcellmajor.com/derbyhash.html</name>
                        </reference>
                        <reference>
                            <source>MLIST</source>
                            <url>http://marc.info/?l=apache-db-general&amp;m=127428514905504&amp;w=1</url>
                            <name>[apache-db-general] 20100519 [ANNOUNCE] Apache Derby 10.6.1.0 released</name>
                        </reference>
                        <reference>
                            <source>SECTRACK</source>
                            <url>http://www.securitytracker.com/id?1024977</url>
                            <name>1024977</name>
                        </reference>
                        <reference>
                            <source>SECUNIA</source>
                            <url>http://secunia.com/advisories/42948</url>
                            <name>42948</name>
                        </reference>
                        <reference>
                            <source>SECUNIA</source>
                            <url>http://secunia.com/advisories/42970</url>
                            <name>42970</name>
                        </reference>
                        <reference>
                            <source>VUPEN</source>
                            <url>http://www.vupen.com/english/advisories/2011/0149</url>
                            <name>ADV-2011-0149</name>
                        </reference>
                    </references>
                    <vulnerableSoftware>
                        <software allPreviousVersion="true">cpe:/a:apache:derby:10.5.3.0</software>
                    </vulnerableSoftware>
                </vulnerability>
                <vulnerability>
                    <name>CVE-2006-7217</name>
                    <cvssScore>4.0</cvssScore>
                    <severity>Medium</severity>
                    <description>Apache Derby before 10.2.1.6 does not determine schema privilege requirements during the DropSchemaNode bind phase, which allows remote authenticated users to execute arbitrary drop schema statements in SQL authorization mode.</description>
                    <references>
                        <reference>
                            <source>CONFIRM</source>
                            <url>http://db.apache.org/derby/releases/release-10.2.1.6.html</url>
                            <name>http://db.apache.org/derby/releases/release-10.2.1.6.html</name>
                        </reference>
                        <reference>
                            <source>CONFIRM</source>
                            <url>http://issues.apache.org/jira/browse/DERBY-1858</url>
                            <name>http://issues.apache.org/jira/browse/DERBY-1858</name>
                        </reference>
                        <reference>
                            <source>SECUNIA</source>
                            <url>http://secunia.com/advisories/28636</url>
                            <name>28636</name>
                        </reference>
                        <reference>
                            <source>SUSE</source>
                            <url>http://www.novell.com/linux/security/advisories/suse_security_summary_report.html</url>
                            <name>SUSE-SR:2008:002</name>
                        </reference>
                    </references>
                    <vulnerableSoftware>
                        <software>cpe:/a:apache:derby:10.1.1.0</software>
                        <software>cpe:/a:apache:derby:10.1.2.1</software>
                        <software>cpe:/a:apache:derby:10.1.3.1</software>
                    </vulnerableSoftware>
                </vulnerability>
                <vulnerability>
                    <name>CVE-2006-7216</name>
                    <cvssScore>4.0</cvssScore>
                    <severity>Medium</severity>
                    <description>Apache Derby before 10.2.1.6 does not determine privilege requirements for lock table statements at compilation time, and consequently does not enforce privilege requirements at execution time, which allows remote authenticated users to lock arbitrary tables.</description>
                    <references>
                        <reference>
                            <source>CONFIRM</source>
                            <url>http://db.apache.org/derby/releases/release-10.2.1.6.html</url>
                            <name>http://db.apache.org/derby/releases/release-10.2.1.6.html</name>
                        </reference>
                        <reference>
                            <source>CONFIRM</source>
                            <url>http://issues.apache.org/jira/browse/DERBY-1708</url>
                            <name>http://issues.apache.org/jira/browse/DERBY-1708</name>
                        </reference>
                    </references>
                    <vulnerableSoftware>
                        <software>cpe:/a:apache:derby:10.1.1.0</software>
                        <software>cpe:/a:apache:derby:10.1.2.1</software>
                        <software>cpe:/a:apache:derby:10.1.3.1</software>
                    </vulnerableSoftware>
                </vulnerability>
            </vulnerabilities>
        </dependency>
    </dependencies>
</analysis>