<?xml version="1.0"?>
<analysis xmlns="https://www.owasp.org/index.php/OWASP_Dependency_Check">
    <projectInfo>
        <name>cayenne</name>
        <reportDate>Feb 18, 2014 1:55:09 PM</reportDate>
        <credits>This report contains data retrieved from the National Vulnerability Database: http://nvd.nist.gov</credits>
    </projectInfo>
    <dependencies>
        <dependency>
            <fileName>commons-logging-1.1.jar</fileName>
            <filePath>/home/bcraig/Documents/Thesis/Analysis/reports/cayenne/3rdParty/commons-logging-1.1.jar</filePath>
            <md5>6B62417E77B000A87DE66EE3935EDBF5</md5>
            <sha1>BA24D5DE831911B684C92CD289ED5FF826271824</sha1>
            <evidenceCollected>
                <evidence>
                    <source>file</source>
                    <name>name</name>
                    <value>commons-logging-1.1</value>
                </evidence>
                <evidence>
                    <source>jar</source>
                    <name>package</name>
                    <value>apache</value>
                </evidence>
                <evidence>
                    <source>jar</source>
                    <name>package</name>
                    <value>commons</value>
                </evidence>
                <evidence>
                    <source>jar</source>
                    <name>package</name>
                    <value>impl</value>
                </evidence>
                <evidence>
                    <source>jar</source>
                    <name>package</name>
                    <value>logging</value>
                </evidence>
                <evidence>
                    <source>jar</source>
                    <name>package name</name>
                    <value>apache</value>
                </evidence>
                <evidence>
                    <source>jar</source>
                    <name>package name</name>
                    <value>commons</value>
                </evidence>
                <evidence>
                    <source>jar</source>
                    <name>package name</name>
                    <value>log</value>
                </evidence>
                <evidence>
                    <source>jar</source>
                    <name>package name</name>
                    <value>logging</value>
                </evidence>
                <evidence>
                    <source>Manifest</source>
                    <name>extension-name</name>
                    <value>org.apache.commons.logging</value>
                </evidence>
                <evidence>
                    <source>Manifest</source>
                    <name>Implementation-Title</name>
                    <value>Jakarta Commons Logging</value>
                </evidence>
                <evidence>
                    <source>Manifest</source>
                    <name>Implementation-Vendor</name>
                    <value>Apache Software Foundation</value>
                </evidence>
                <evidence>
                    <source>Manifest</source>
                    <name>Implementation-Vendor-Id</name>
                    <value>org.apache</value>
                </evidence>
                <evidence>
                    <source>Manifest</source>
                    <name>specification-title</name>
                    <value>Jakarta Commons Logging</value>
                </evidence>
                <evidence>
                    <source>Manifest</source>
                    <name>specification-vendor</name>
                    <value>Apache Software Foundation</value>
                </evidence>
            </evidenceCollected>
        </dependency>
        <dependency>
            <fileName>ashwood-2.0.jar</fileName>
            <filePath>/home/bcraig/Documents/Thesis/Analysis/reports/cayenne/3rdParty/ashwood-2.0.jar</filePath>
            <md5>854C6BC7C4BFB7FEE7819442E0817C90</md5>
            <sha1>620ED684C5A9988E9E2F5AEBB1C9DF704F05BBA4</sha1>
            <description>Ashwood Graph Library</description>
            <license>The Apache Software License, Version 2.0</license>
            <evidenceCollected>
                <evidence>
                    <source>file</source>
                    <name>name</name>
                    <value>ashwood-2.0</value>
                </evidence>
                <evidence>
                    <source>jar</source>
                    <name>package</name>
                    <value>ashwood</value>
                </evidence>
                <evidence>
                    <source>jar</source>
                    <name>package</name>
                    <value>graph</value>
                </evidence>
                <evidence>
                    <source>jar</source>
                    <name>package</name>
                    <value>objectstyle</value>
                </evidence>
                <evidence>
                    <source>jar</source>
                    <name>package name</name>
                    <value>ashwood</value>
                </evidence>
                <evidence>
                    <source>jar</source>
                    <name>package name</name>
                    <value>graph</value>
                </evidence>
                <evidence>
                    <source>jar</source>
                    <name>package name</name>
                    <value>objectstyle</value>
                </evidence>
                <evidence>
                    <source>pom</source>
                    <name>artifactid</name>
                    <value>ashwood</value>
                </evidence>
                <evidence>
                    <source>pom</source>
                    <name>artifactid</name>
                    <value>ashwood</value>
                </evidence>
                <evidence>
                    <source>pom</source>
                    <name>description</name>
                    <value>Ashwood Graph Library</value>
                </evidence>
                <evidence>
                    <source>pom</source>
                    <name>groupid</name>
                    <value>objectstyle.ashwood</value>
                </evidence>
                <evidence>
                    <source>pom</source>
                    <name>groupid</name>
                    <value>objectstyle.ashwood</value>
                </evidence>
                <evidence>
                    <source>pom</source>
                    <name>name</name>
                    <value>ashwood2</value>
                </evidence>
            </evidenceCollected>
        </dependency>
        <dependency>
            <fileName>vpp-2.2.1.jar</fileName>
            <filePath>/home/bcraig/Documents/Thesis/Analysis/reports/cayenne/3rdParty/vpp-2.2.1.jar</filePath>
            <md5>9C4894552285408EBD96D06B8906711D</md5>
            <sha1>76CEDC5CD1037DB04CFE3E499406B71A1A36ECBA</sha1>
            <evidenceCollected>
                <evidence>
                    <source>file</source>
                    <name>name</name>
                    <value>vpp-2.2.1</value>
                </evidence>
                <evidence>
                    <source>jar</source>
                    <name>package</name>
                    <value>apache</value>
                </evidence>
                <evidence>
                    <source>jar</source>
                    <name>package</name>
                    <value>velocity</value>
                </evidence>
            </evidenceCollected>
        </dependency>
        <dependency>
            <fileName>jar-test.jar</fileName>
            <filePath>/home/bcraig/Documents/Thesis/Analysis/reports/cayenne/3rdParty/jar-test.jar</filePath>
            <md5>2BD6F040B40082172C82159E6945391C</md5>
            <sha1>656B080FF7AFA815F928B25A43FEC36F2D1BB69E</sha1>
            <evidenceCollected>
                <evidence>
                    <source>file</source>
                    <name>name</name>
                    <value>jar-test</value>
                </evidence>
            </evidenceCollected>
        </dependency>
        <dependency>
            <fileName>commons-collections-3.1.jar</fileName>
            <filePath>/home/bcraig/Documents/Thesis/Analysis/reports/cayenne/3rdParty/commons-collections-3.1.jar</filePath>
            <md5>D1DCB0FBEE884BB855BB327B8190AF36</md5>
            <sha1>40FB048097CAEACDB11DBB33B5755854D89EFDEB</sha1>
            <evidenceCollected>
                <evidence>
                    <source>file</source>
                    <name>name</name>
                    <value>commons-collections-3.1</value>
                </evidence>
                <evidence>
                    <source>jar</source>
                    <name>package</name>
                    <value>apache</value>
                </evidence>
                <evidence>
                    <source>jar</source>
                    <name>package</name>
                    <value>collections</value>
                </evidence>
                <evidence>
                    <source>jar</source>
                    <name>package</name>
                    <value>commons</value>
                </evidence>
                <evidence>
                    <source>jar</source>
                    <name>package name</name>
                    <value>apache</value>
                </evidence>
                <evidence>
                    <source>jar</source>
                    <name>package name</name>
                    <value>collection</value>
                </evidence>
                <evidence>
                    <source>jar</source>
                    <name>package name</name>
                    <value>collections</value>
                </evidence>
                <evidence>
                    <source>jar</source>
                    <name>package name</name>
                    <value>commons</value>
                </evidence>
                <evidence>
                    <source>Manifest</source>
                    <name>extension-name</name>
                    <value>commons-collections</value>
                </evidence>
                <evidence>
                    <source>Manifest</source>
                    <name>Implementation-Vendor</name>
                    <value>Apache Software Foundation</value>
                </evidence>
                <evidence>
                    <source>Manifest</source>
                    <name>Implementation-Vendor-Id</name>
                    <value></value>
                </evidence>
                <evidence>
                    <source>Manifest</source>
                    <name>specification-title</name>
                    <value>Commons Collections</value>
                </evidence>
                <evidence>
                    <source>Manifest</source>
                    <name>specification-vendor</name>
                    <value>Apache Software Foundation</value>
                </evidence>
            </evidenceCollected>
        </dependency>
        <dependency>
            <fileName>cdeploy-test.jar</fileName>
            <filePath>/home/bcraig/Documents/Thesis/Analysis/reports/cayenne/3rdParty/cdeploy-test.jar</filePath>
            <md5>3BD2BD2BBC841F2813AF6CA065E6FD33</md5>
            <sha1>BCE5EC8E42426FC9536058A6665D9148CFE39685</sha1>
            <evidenceCollected>
                <evidence>
                    <source>file</source>
                    <name>name</name>
                    <value>cdeploy-test</value>
                </evidence>
            </evidenceCollected>
        </dependency>
        <dependency>
            <fileName>CayenneModeler.jar</fileName>
            <filePath>/home/bcraig/Documents/Thesis/Analysis/reports/cayenne/3rdParty/CayenneModeler.jar</filePath>
            <md5>17461F57CD59DA811999803CE7FDA0DF</md5>
            <sha1>049562F5DBD72A3B226ADC6198EF378985E94F89</sha1>
            <description>Cayenne Java 1.5 Unpublished</description>
            <license>MIT License: http://www.opensource.org/licenses/mit-license.php</license>
            <evidenceCollected>
                <evidence>
                    <source>file</source>
                    <name>name</name>
                    <value>CayenneModeler</value>
                </evidence>
                <evidence>
                    <source>jar</source>
                    <name>package</name>
                    <value>apache</value>
                </evidence>
                <evidence>
                    <source>jar</source>
                    <name>package</name>
                    <value>cayenne</value>
                </evidence>
                <evidence>
                    <source>jar</source>
                    <name>package name</name>
                    <value>apache</value>
                </evidence>
                <evidence>
                    <source>jar</source>
                    <name>package name</name>
                    <value>ashwood</value>
                </evidence>
                <evidence>
                    <source>jar</source>
                    <name>package name</name>
                    <value>cayenne</value>
                </evidence>
                <evidence>
                    <source>jar</source>
                    <name>package name</name>
                    <value>en</value>
                </evidence>
                <evidence>
                    <source>jar</source>
                    <name>package name</name>
                    <value>graph</value>
                </evidence>
                <evidence>
                    <source>jar</source>
                    <name>package name</name>
                    <value>it</value>
                </evidence>
                <evidence>
                    <source>jar</source>
                    <name>package name</name>
                    <value>java</value>
                </evidence>
                <evidence>
                    <source>jar</source>
                    <name>package name</name>
                    <value>jedit</value>
                </evidence>
                <evidence>
                    <source>jar</source>
                    <name>package name</name>
                    <value>lib</value>
                </evidence>
                <evidence>
                    <source>jar</source>
                    <name>package name</name>
                    <value>library</value>
                </evidence>
                <evidence>
                    <source>jar</source>
                    <name>package name</name>
                    <value>model</value>
                </evidence>
                <evidence>
                    <source>jar</source>
                    <name>package name</name>
                    <value>modeler</value>
                </evidence>
                <evidence>
                    <source>jar</source>
                    <name>package name</name>
                    <value>net</value>
                </evidence>
                <evidence>
                    <source>jar</source>
                    <name>package name</name>
                    <value>objectstyle</value>
                </evidence>
                <evidence>
                    <source>jar</source>
                    <name>package name</name>
                    <value>syntax</value>
                </evidence>
                <evidence>
                    <source>jar</source>
                    <name>package name</name>
                    <value>tools</value>
                </evidence>
                <evidence>
                    <source>pom</source>
                    <name>artifactid</name>
                    <value>ashwood</value>
                </evidence>
                <evidence>
                    <source>pom</source>
                    <name>artifactid</name>
                    <value>ashwood</value>
                </evidence>
                <evidence>
                    <source>pom</source>
                    <name>artifactid</name>
                    <value>cayenne-jdk1.5-unpublished</value>
                </evidence>
                <evidence>
                    <source>pom</source>
                    <name>artifactid</name>
                    <value>cayenne-jdk1.5-unpublished</value>
                </evidence>
                <evidence>
                    <source>pom</source>
                    <name>artifactid</name>
                    <value>cayenne-modeler</value>
                </evidence>
                <evidence>
                    <source>pom</source>
                    <name>artifactid</name>
                    <value>cayenne-modeler</value>
                </evidence>
                <evidence>
                    <source>pom</source>
                    <name>artifactid</name>
                    <value>cayenne-tools</value>
                </evidence>
                <evidence>
                    <source>pom</source>
                    <name>artifactid</name>
                    <value>cayenne-tools</value>
                </evidence>
                <evidence>
                    <source>pom</source>
                    <name>artifactid</name>
                    <value>jedit-syntax</value>
                </evidence>
                <evidence>
                    <source>pom</source>
                    <name>artifactid</name>
                    <value>jedit-syntax</value>
                </evidence>
                <evidence>
                    <source>pom</source>
                    <name>description</name>
                    <value>Ashwood Graph Library</value>
                </evidence>
                <evidence>
                    <source>pom</source>
                    <name>description</name>
                    <value>Cayenne Java 1.5 Unpublished</value>
                </evidence>
                <evidence>
                    <source>pom</source>
                    <name>description</name>
                    <value>Syntax Highlighting JavaBean</value>
                </evidence>
                <evidence>
                    <source>pom</source>
                    <name>groupid</name>
                    <value>apache.cayenne.unpublished</value>
                </evidence>
                <evidence>
                    <source>pom</source>
                    <name>groupid</name>
                    <value>apache.cayenne.unpublished</value>
                </evidence>
                <evidence>
                    <source>pom</source>
                    <name>groupid</name>
                    <value>net.sf.jedit-syntax</value>
                </evidence>
                <evidence>
                    <source>pom</source>
                    <name>groupid</name>
                    <value>net.sf.jedit-syntax</value>
                </evidence>
                <evidence>
                    <source>pom</source>
                    <name>groupid</name>
                    <value>objectstyle.ashwood</value>
                </evidence>
                <evidence>
                    <source>pom</source>
                    <name>groupid</name>
                    <value>objectstyle.ashwood</value>
                </evidence>
                <evidence>
                    <source>pom</source>
                    <name>name</name>
                    <value>ashwood2</value>
                </evidence>
                <evidence>
                    <source>pom</source>
                    <name>name</name>
                    <value>Cayenne Java 1.5 Unpublished</value>
                </evidence>
                <evidence>
                    <source>pom</source>
                    <name>name</name>
                    <value>Cayenne Modeler</value>
                </evidence>
                <evidence>
                    <source>pom</source>
                    <name>name</name>
                    <value>Cayenne Tools</value>
                </evidence>
                <evidence>
                    <source>pom</source>
                    <name>name</name>
                    <value>Jedit Syntax</value>
                </evidence>
            </evidenceCollected>
        </dependency>
    </dependencies>
</analysis>