<?xml version="1.0"?>
<analysis xmlns="https://www.owasp.org/index.php/OWASP_Dependency_Check">
    <projectInfo>
        <name>cobertura</name>
        <reportDate>Feb 18, 2014 1:58:09 PM</reportDate>
        <credits>This report contains data retrieved from the National Vulnerability Database: http://nvd.nist.gov</credits>
    </projectInfo>
    <dependencies>
        <dependency>
            <fileName>log4j-1.2.9.jar</fileName>
            <filePath>/home/bcraig/Documents/Thesis/Analysis/reports/cobertura/3rdParty/log4j-1.2.9.jar</filePath>
            <md5>6A44D84B72897F28189F4792E2015B93</md5>
            <sha1>55856D711AB8B88F8C7B04FD85FF1643FFBFDE7C</sha1>
            <evidenceCollected>
                <evidence>
                    <source>file</source>
                    <name>name</name>
                    <value>log4j-1.2.9</value>
                </evidence>
                <evidence>
                    <source>jar</source>
                    <name>package</name>
                    <value>apache</value>
                </evidence>
                <evidence>
                    <source>jar</source>
                    <name>package</name>
                    <value>log4j</value>
                </evidence>
            </evidenceCollected>
        </dependency>
        <dependency>
            <fileName>junit.jar</fileName>
            <filePath>/home/bcraig/Documents/Thesis/Analysis/reports/cobertura/3rdParty/junit.jar</filePath>
            <md5>F852BBB2BBE0471CEF8E5B833CB36078</md5>
            <sha1>8F35EE1F35D2DADBB5029991449EE90C1BAB4D4A</sha1>
            <evidenceCollected>
                <evidence>
                    <source>file</source>
                    <name>name</name>
                    <value>junit</value>
                </evidence>
                <evidence>
                    <source>jar</source>
                    <name>package</name>
                    <value>junit</value>
                </evidence>
            </evidenceCollected>
        </dependency>
        <dependency>
            <fileName>jaxen-1.1-beta-8.jar</fileName>
            <filePath>/home/bcraig/Documents/Thesis/Analysis/reports/cobertura/3rdParty/jaxen-1.1-beta-8.jar</filePath>
            <md5>F02F59D819544E8E6299B7010E98CC40</md5>
            <sha1>B0BBD0CC28B4EC88B58D304896F7BE7598E1C909</sha1>
            <evidenceCollected>
                <evidence>
                    <source>file</source>
                    <name>name</name>
                    <value>jaxen-1.1-beta-8</value>
                </evidence>
                <evidence>
                    <source>jar</source>
                    <name>package</name>
                    <value>jaxen</value>
                </evidence>
                <evidence>
                    <source>jar</source>
                    <name>package name</name>
                    <value>jaxen</value>
                </evidence>
                <evidence>
                    <source>jar</source>
                    <name>package name</name>
                    <value>xpath</value>
                </evidence>
                <evidence>
                    <source>Manifest</source>
                    <name>extension-name</name>
                    <value>jaxen</value>
                </evidence>
                <evidence>
                    <source>Manifest</source>
                    <name>Implementation-Title</name>
                    <value>org.jaxen</value>
                </evidence>
                <evidence>
                    <source>Manifest</source>
                    <name>Implementation-Vendor</name>
                    <value>Codehaus</value>
                </evidence>
                <evidence>
                    <source>Manifest</source>
                    <name>specification-title</name>
                    <value>Universal Java XPath Engine</value>
                </evidence>
                <evidence>
                    <source>Manifest</source>
                    <name>specification-vendor</name>
                    <value>Codehaus</value>
                </evidence>
            </evidenceCollected>
        </dependency>
        <dependency>
            <fileName>jakarta-oro-2.0.8.jar</fileName>
            <filePath>/home/bcraig/Documents/Thesis/Analysis/reports/cobertura/3rdParty/jakarta-oro-2.0.8.jar</filePath>
            <md5>42E940D5D2D822F4DC04C65053E630AB</md5>
            <sha1>5592374F834645C4AE250F4C9FBB314C9369D698</sha1>
            <evidenceCollected>
                <evidence>
                    <source>file</source>
                    <name>name</name>
                    <value>jakarta-oro-2.0.8</value>
                </evidence>
                <evidence>
                    <source>jar</source>
                    <name>package</name>
                    <value>apache</value>
                </evidence>
                <evidence>
                    <source>jar</source>
                    <name>package</name>
                    <value>oro</value>
                </evidence>
                <evidence>
                    <source>jar</source>
                    <name>package</name>
                    <value>text</value>
                </evidence>
            </evidenceCollected>
        </dependency>
        <dependency>
            <fileName>xalan-2.6.0.jar</fileName>
            <filePath>/home/bcraig/Documents/Thesis/Analysis/reports/cobertura/3rdParty/xalan-2.6.0.jar</filePath>
            <md5>D4B8027F3C933E3DDEA6051044245F1D</md5>
            <sha1>5B010B70E16D540DCB737CAA09DA1034EA721704</sha1>
            <evidenceCollected>
                <evidence>
                    <source>file</source>
                    <name>name</name>
                    <value>xalan-2.6.0</value>
                </evidence>
                <evidence>
                    <source>jar</source>
                    <name>package</name>
                    <value>apache</value>
                </evidence>
            </evidenceCollected>
        </dependency>
        <dependency>
            <fileName>asm-tree-3.0.jar</fileName>
            <filePath>/home/bcraig/Documents/Thesis/Analysis/reports/cobertura/3rdParty/asm-tree-3.0.jar</filePath>
            <md5>F1E52EDB3419A56F42949AECD27720CD</md5>
            <sha1>6FFF655717D1E1871DECFE9F8E46A531E8DF3A31</sha1>
            <evidenceCollected>
                <evidence>
                    <source>file</source>
                    <name>name</name>
                    <value>asm-tree-3.0</value>
                </evidence>
                <evidence>
                    <source>jar</source>
                    <name>package</name>
                    <value>asm</value>
                </evidence>
                <evidence>
                    <source>jar</source>
                    <name>package</name>
                    <value>objectweb</value>
                </evidence>
                <evidence>
                    <source>jar</source>
                    <name>package</name>
                    <value>tree</value>
                </evidence>
                <evidence>
                    <source>jar</source>
                    <name>package name</name>
                    <value>asm</value>
                </evidence>
                <evidence>
                    <source>jar</source>
                    <name>package name</name>
                    <value>tree</value>
                </evidence>
                <evidence>
                    <source>Manifest</source>
                    <name>Implementation-Title</name>
                    <value>ASM Tree class visitor</value>
                </evidence>
                <evidence>
                    <source>Manifest</source>
                    <name>Implementation-Vendor</name>
                    <value>France Telecom R&amp;D</value>
                </evidence>
            </evidenceCollected>
        </dependency>
        <dependency>
            <fileName>groovy-all-1.6-RC-1.jar</fileName>
            <filePath>/home/bcraig/Documents/Thesis/Analysis/reports/cobertura/3rdParty/groovy-all-1.6-RC-1.jar</filePath>
            <md5>2A57F7AFB737EAA0AC8D2AC4650ED154</md5>
            <sha1>BD71B38AF82D709EB76507A5D75CBCD41ADA83E1</sha1>
            <description>Groovy Runtime</description>
            <evidenceCollected>
                <evidence>
                    <source>file</source>
                    <name>name</name>
                    <value>groovy-all-1.6-RC-1</value>
                </evidence>
                <evidence>
                    <source>jar</source>
                    <name>package</name>
                    <value>codehaus</value>
                </evidence>
                <evidence>
                    <source>jar</source>
                    <name>package</name>
                    <value>groovy</value>
                </evidence>
                <evidence>
                    <source>jar</source>
                    <name>package name</name>
                    <value>codehaus</value>
                </evidence>
                <evidence>
                    <source>jar</source>
                    <name>package name</name>
                    <value>groovy</value>
                </evidence>
                <evidence>
                    <source>jar</source>
                    <name>package name</name>
                    <value>lang</value>
                </evidence>
                <evidence>
                    <source>jar</source>
                    <name>package name</name>
                    <value>runtime</value>
                </evidence>
                <evidence>
                    <source>jar</source>
                    <name>package name</name>
                    <value>time</value>
                </evidence>
                <evidence>
                    <source>Manifest</source>
                    <name>Bundle-Name</name>
                    <value>Groovy Runtime</value>
                </evidence>
                <evidence>
                    <source>Manifest</source>
                    <name>bundle-requiredexecutionenvironment</name>
                    <value>J2SE-1.5</value>
                </evidence>
                <evidence>
                    <source>Manifest</source>
                    <name>bundle-symbolicname</name>
                    <value>groovy-all</value>
                </evidence>
                <evidence>
                    <source>Manifest</source>
                    <name>Bundle-Vendor</name>
                    <value>The Codehaus</value>
                </evidence>
                <evidence>
                    <source>Manifest</source>
                    <name>extension-name</name>
                    <value>groovy</value>
                </evidence>
                <evidence>
                    <source>Manifest</source>
                    <name>Implementation-Title</name>
                    <value>Groovy: a powerful, dynamic language for the JVM</value>
                </evidence>
                <evidence>
                    <source>Manifest</source>
                    <name>Implementation-Vendor</name>
                    <value>The Codehaus</value>
                </evidence>
                <evidence>
                    <source>Manifest</source>
                    <name>originally-created-by</name>
                    <value>12.0-b01 (Sun Microsystems Inc.)</value>
                </evidence>
                <evidence>
                    <source>Manifest</source>
                    <name>specification-title</name>
                    <value>Groovy: a powerful, dynamic language for the JVM</value>
                </evidence>
                <evidence>
                    <source>Manifest</source>
                    <name>specification-vendor</name>
                    <value>The Codehaus</value>
                </evidence>
            </evidenceCollected>
        </dependency>
        <dependency>
            <fileName>asm-3.0.jar</fileName>
            <filePath>/home/bcraig/Documents/Thesis/Analysis/reports/cobertura/3rdParty/asm-3.0.jar</filePath>
            <md5>E1F92F5AEAE04B8E1EBDC5D46C5225F0</md5>
            <sha1>D1616C03F056291A2314510DEA75739B15B4D415</sha1>
            <evidenceCollected>
                <evidence>
                    <source>file</source>
                    <name>name</name>
                    <value>asm-3.0</value>
                </evidence>
                <evidence>
                    <source>jar</source>
                    <name>package</name>
                    <value>asm</value>
                </evidence>
                <evidence>
                    <source>jar</source>
                    <name>package</name>
                    <value>objectweb</value>
                </evidence>
                <evidence>
                    <source>jar</source>
                    <name>package name</name>
                    <value>asm</value>
                </evidence>
                <evidence>
                    <source>Manifest</source>
                    <name>Implementation-Title</name>
                    <value>ASM</value>
                </evidence>
                <evidence>
                    <source>Manifest</source>
                    <name>Implementation-Vendor</name>
                    <value>France Telecom R&amp;D</value>
                </evidence>
            </evidenceCollected>
        </dependency>
        <dependency>
            <fileName>xml-apis.jar</fileName>
            <filePath>/home/bcraig/Documents/Thesis/Analysis/reports/cobertura/3rdParty/xml-apis.jar</filePath>
            <md5>2651F9F7C39E3524F3E2C394625AC63A</md5>
            <sha1>065ACEDE1E5305BD2B92213D7B5761328C6F4FD9</sha1>
            <evidenceCollected>
                <evidence>
                    <source>file</source>
                    <name>name</name>
                    <value>xml-apis</value>
                </evidence>
                <evidence>
                    <source>jar</source>
                    <name>package</name>
                    <value>dom</value>
                </evidence>
                <evidence>
                    <source>jar</source>
                    <name>package</name>
                    <value>w3c</value>
                </evidence>
            </evidenceCollected>
        </dependency>
        <dependency>
            <fileName>xmlParserAPIs.jar</fileName>
            <filePath>/home/bcraig/Documents/Thesis/Analysis/reports/cobertura/3rdParty/xmlParserAPIs.jar</filePath>
            <md5>2651F9F7C39E3524F3E2C394625AC63A</md5>
            <sha1>065ACEDE1E5305BD2B92213D7B5761328C6F4FD9</sha1>
            <evidenceCollected>
                <evidence>
                    <source>file</source>
                    <name>name</name>
                    <value>xmlParserAPIs</value>
                </evidence>
                <evidence>
                    <source>jar</source>
                    <name>package</name>
                    <value>dom</value>
                </evidence>
                <evidence>
                    <source>jar</source>
                    <name>package</name>
                    <value>w3c</value>
                </evidence>
            </evidenceCollected>
        </dependency>
        <dependency>
            <fileName>jdom-1.0.jar</fileName>
            <filePath>/home/bcraig/Documents/Thesis/Analysis/reports/cobertura/3rdParty/jdom-1.0.jar</filePath>
            <md5>0B8F97DE82FC9529B1028A77125CE4F8</md5>
            <sha1>A2AC1CD690AB4C80DEFE7F9BCE14D35934C35CEC</sha1>
            <evidenceCollected>
                <evidence>
                    <source>file</source>
                    <name>name</name>
                    <value>jdom-1.0</value>
                </evidence>
                <evidence>
                    <source>jar</source>
                    <name>package</name>
                    <value>jdom</value>
                </evidence>
            </evidenceCollected>
        </dependency>
        <dependency>
            <fileName>xercesImpl.jar</fileName>
            <filePath>/home/bcraig/Documents/Thesis/Analysis/reports/cobertura/3rdParty/xercesImpl.jar</filePath>
            <md5>53C0A04A4EFB20D52249155A312E91D9</md5>
            <sha1>5994B9DF23CDFF109C28F8263B5AE87A40C9090A</sha1>
            <evidenceCollected>
                <evidence>
                    <source>file</source>
                    <name>name</name>
                    <value>xercesImpl</value>
                </evidence>
                <evidence>
                    <source>jar</source>
                    <name>package</name>
                    <value>apache</value>
                </evidence>
                <evidence>
                    <source>jar</source>
                    <name>package</name>
                    <value>xerces</value>
                </evidence>
            </evidenceCollected>
        </dependency>
    </dependencies>
</analysis>