<?xml version="1.0"?>
<analysis xmlns="https://www.owasp.org/index.php/OWASP_Dependency_Check">
    <projectInfo>
        <name>colt</name>
        <reportDate>Feb 18, 2014 2:00:16 PM</reportDate>
        <credits>This report contains data retrieved from the National Vulnerability Database: http://nvd.nist.gov</credits>
    </projectInfo>
    <dependencies>
        <dependency>
            <fileName>aidaref.jar</fileName>
            <filePath>/home/bcraig/Documents/Thesis/Analysis/reports/colt/3rdParty/aidaref.jar</filePath>
            <md5>D41D8CD98F00B204E9800998ECF8427E</md5>
            <sha1>DA39A3EE5E6B4B0D3255BFEF95601890AFD80709</sha1>
            <analysisExceptions>
                <exception>
                    <message>Exception occurred reading the JAR file.</message>
                    <stackTrace>
                        <trace>org.owasp.dependencycheck.analyzer.JarAnalyzer.analyze(JarAnalyzer.java:229)</trace>
                        <trace>org.owasp.dependencycheck.Engine.analyzeDependencies(Engine.java:336)</trace>
                        <trace>org.owasp.dependencycheck.App.runScan(App.java:126)</trace>
                        <trace>org.owasp.dependencycheck.App.run(App.java:103)</trace>
                        <trace>org.owasp.dependencycheck.App.main(App.java:71)</trace>
                    </stackTrace>
                    <innerException>
                        <message>zip file is empty</message>
                        <stackTrace>
                            <trace>java.util.zip.ZipFile.open(Native Method)</trace>
                            <trace>java.util.zip.ZipFile.&lt;init&gt;(ZipFile.java:215)</trace>
                            <trace>java.util.zip.ZipFile.&lt;init&gt;(ZipFile.java:145)</trace>
                            <trace>java.util.jar.JarFile.&lt;init&gt;(JarFile.java:153)</trace>
                            <trace>java.util.jar.JarFile.&lt;init&gt;(JarFile.java:90)</trace>
                            <trace>org.owasp.dependencycheck.analyzer.JarAnalyzer.parseManifest(JarAnalyzer.java:552)</trace>
                            <trace>org.owasp.dependencycheck.analyzer.JarAnalyzer.analyze(JarAnalyzer.java:224)</trace>
                            <trace>org.owasp.dependencycheck.Engine.analyzeDependencies(Engine.java:336)</trace>
                            <trace>org.owasp.dependencycheck.App.runScan(App.java:126)</trace>
                            <trace>org.owasp.dependencycheck.App.run(App.java:103)</trace>
                            <trace>org.owasp.dependencycheck.App.main(App.java:71)</trace>
                        </stackTrace>
                    </innerException>
                </exception>
            </analysisExceptions>
            <evidenceCollected>
                <evidence>
                    <source>file</source>
                    <name>name</name>
                    <value>aidaref</value>
                </evidence>
            </evidenceCollected>
        </dependency>
        <dependency>
            <fileName>concurrent.jar</fileName>
            <filePath>/home/bcraig/Documents/Thesis/Analysis/reports/colt/3rdParty/concurrent.jar</filePath>
            <md5>C032BE7416B0136AF9A73954DEB249CD</md5>
            <sha1>220B764261E08C83DD3AB2CABF7AFEDAEC628F87</sha1>
            <evidenceCollected>
                <evidence>
                    <source>file</source>
                    <name>name</name>
                    <value>concurrent</value>
                </evidence>
                <evidence>
                    <source>jar</source>
                    <name>package</name>
                    <value>cs</value>
                </evidence>
                <evidence>
                    <source>jar</source>
                    <name>package</name>
                    <value>dl</value>
                </evidence>
                <evidence>
                    <source>jar</source>
                    <name>package</name>
                    <value>edu</value>
                </evidence>
                <evidence>
                    <source>jar</source>
                    <name>package</name>
                    <value>oswego</value>
                </evidence>
            </evidenceCollected>
        </dependency>
    </dependencies>
</analysis>