<?xml version="1.0"?>
<analysis xmlns="https://www.owasp.org/index.php/OWASP_Dependency_Check">
    <projectInfo>
        <name>emma</name>
        <reportDate>Feb 18, 2014 2:08:36 PM</reportDate>
        <credits>This report contains data retrieved from the National Vulnerability Database: http://nvd.nist.gov</credits>
    </projectInfo>
    <dependencies>
        <dependency>
            <fileName>stamptool.jar</fileName>
            <filePath>/home/bcraig/Documents/Thesis/Analysis/reports/emma/3rdParty/stamptool.jar</filePath>
            <md5>8BA5ADECC17E4EB88A1797E3A247B83E</md5>
            <sha1>BD8EAB90154F28485116C11FC3101060B57E6893</sha1>
            <evidenceCollected>
                <evidence>
                    <source>file</source>
                    <name>name</name>
                    <value>stamptool</value>
                </evidence>
                <evidence>
                    <source>jar</source>
                    <name>package</name>
                    <value>util</value>
                </evidence>
                <evidence>
                    <source>jar</source>
                    <name>package</name>
                    <value>version</value>
                </evidence>
                <evidence>
                    <source>jar</source>
                    <name>package</name>
                    <value>versionstamptool</value>
                </evidence>
                <evidence>
                    <source>jar</source>
                    <name>package</name>
                    <value>vladium</value>
                </evidence>
            </evidenceCollected>
        </dependency>
    </dependencies>
</analysis>