<?xml version="1.0"?>
<analysis xmlns="https://www.owasp.org/index.php/OWASP_Dependency_Check">
    <projectInfo>
        <name>fitlibraryforfitnesse</name>
        <reportDate>Feb 18, 2014 2:12:40 PM</reportDate>
        <credits>This report contains data retrieved from the National Vulnerability Database: http://nvd.nist.gov</credits>
    </projectInfo>
    <dependencies>
        <dependency>
            <fileName>jmock-2.5.1.jar</fileName>
            <filePath>/home/bcraig/Documents/Thesis/Analysis/reports/fitlibraryforfitnesse/3rdParty/jmock-2.5.1.jar</filePath>
            <md5>99BE7BFD5325B03F207A8ED19F3B31F5</md5>
            <sha1>B7F4DC5FFDF9A42130AF49968B007383B72E1D33</sha1>
            <evidenceCollected>
                <evidence>
                    <source>file</source>
                    <name>name</name>
                    <value>jmock-2.5.1</value>
                </evidence>
                <evidence>
                    <source>jar</source>
                    <name>package</name>
                    <value>jmock</value>
                </evidence>
            </evidenceCollected>
        </dependency>
        <dependency>
            <fileName>junit-4.6.jar</fileName>
            <filePath>/home/bcraig/Documents/Thesis/Analysis/reports/fitlibraryforfitnesse/3rdParty/junit-4.6.jar</filePath>
            <md5>37DC57962C1275EBC572726A6F5CDD13</md5>
            <sha1>C64327F6D969DF6E63F31695283E3A755F528029</sha1>
            <evidenceCollected>
                <evidence>
                    <source>file</source>
                    <name>name</name>
                    <value>junit-4.6</value>
                </evidence>
                <evidence>
                    <source>jar</source>
                    <name>package</name>
                    <value>junit</value>
                </evidence>
            </evidenceCollected>
        </dependency>
        <dependency>
            <fileName>poi-3.1-FINAL-20080629.jar</fileName>
            <filePath>/home/bcraig/Documents/Thesis/Analysis/reports/fitlibraryforfitnesse/3rdParty/poi-3.1-FINAL-20080629.jar</filePath>
            <md5>8704F2466D226E6DC51013EF24EABCE5</md5>
            <sha1>1E4F7C35422B913B16AC28FABC954267F6EEB6A7</sha1>
            <evidenceCollected>
                <evidence>
                    <source>file</source>
                    <name>name</name>
                    <value>3.1</value>
                </evidence>
                <evidence>
                    <source>file</source>
                    <name>name</name>
                    <value>poi-3.1-FINAL-20080629</value>
                </evidence>
                <evidence>
                    <source>file</source>
                    <name>name</name>
                    <value>poi-3.1-FINAL-20080629</value>
                </evidence>
                <evidence>
                    <source>jar</source>
                    <name>package</name>
                    <value>apache</value>
                </evidence>
                <evidence>
                    <source>jar</source>
                    <name>package</name>
                    <value>hssf</value>
                </evidence>
                <evidence>
                    <source>jar</source>
                    <name>package</name>
                    <value>poi</value>
                </evidence>
                <evidence>
                    <source>jar</source>
                    <name>package</name>
                    <value>record</value>
                </evidence>
                <evidence>
                    <source>jar</source>
                    <name>package name</name>
                    <value>apache</value>
                </evidence>
                <evidence>
                    <source>jar</source>
                    <name>package name</name>
                    <value>poi</value>
                </evidence>
                <evidence>
                    <source>Manifest</source>
                    <name>Implementation-Title</name>
                    <value>Apache POI</value>
                </evidence>
                <evidence>
                    <source>Manifest</source>
                    <name>Implementation-Vendor</name>
                    <value>Apache</value>
                </evidence>
                <evidence>
                    <source>Manifest</source>
                    <name>Implementation-Version</name>
                    <value>3.1-FINAL-20080629</value>
                </evidence>
                <evidence>
                    <source>Manifest</source>
                    <name>specification-title</name>
                    <value>Apache POI</value>
                </evidence>
                <evidence>
                    <source>Manifest</source>
                    <name>specification-vendor</name>
                    <value>Apache</value>
                </evidence>
                <evidence>
                    <source>Manifest</source>
                    <name>specification-version</name>
                    <value>3.1-FINAL-20080629</value>
                </evidence>
            </evidenceCollected>
            <identifiers>
                <identifier type="cpe">
                    <name>(cpe:/a:apache:poi:3.1)</name>
                    <url>http://web.nvd.nist.gov/view/vuln/search?cpe=cpe%3A%2Fa%3Aapache%3Apoi%3A3.1</url>
                </identifier>
            </identifiers>
            <vulnerabilities>
                <vulnerability>
                    <name>CVE-2012-0213</name>
                    <cvssScore>5.0</cvssScore>
                    <severity>Medium</severity>
                    <cwe>CWE-399 Resource Management Errors</cwe>
                    <description>The UnhandledDataStructure function in hwpf/model/UnhandledDataStructure.java in Apache POI 3.8 and earlier allows remote attackers to cause a denial of service (OutOfMemoryError exception and possibly JVM destabilization) via a crafted length value in a Channel Definition Format (CDF) or Compound File Binary Format (CFBF) document.</description>
                    <references>
                        <reference>
                            <source>CONFIRM</source>
                            <url>https://wiki.mageia.org/en/Support/Advisories/MGASA-2013-0044</url>
                            <name>https://wiki.mageia.org/en/Support/Advisories/MGASA-2013-0044</name>
                        </reference>
                        <reference>
                            <source>DEBIAN</source>
                            <url>http://www.debian.org/security/2012/dsa-2468</url>
                            <name>DSA-2468</name>
                        </reference>
                        <reference>
                            <source>FEDORA</source>
                            <url>http://lists.fedoraproject.org/pipermail/package-announce/2012-August/084609.html</url>
                            <name>FEDORA-2012-10835</name>
                        </reference>
                        <reference>
                            <source>MANDRIVA</source>
                            <url>http://www.mandriva.com/security/advisories?name=MDVSA-2013:094</url>
                            <name>MDVSA-2013:094</name>
                        </reference>
                        <reference>
                            <source>MISC</source>
                            <url>https://bugzilla.redhat.com/show_bug.cgi?id=799078</url>
                            <name>https://bugzilla.redhat.com/show_bug.cgi?id=799078</name>
                        </reference>
                        <reference>
                            <source>REDHAT</source>
                            <url>http://rhn.redhat.com/errata/RHSA-2012-1232.html</url>
                            <name>RHSA-2012:1232</name>
                        </reference>
                        <reference>
                            <source>SECUNIA</source>
                            <url>http://secunia.com/advisories/49040</url>
                            <name>49040</name>
                        </reference>
                        <reference>
                            <source>SECUNIA</source>
                            <url>http://secunia.com/advisories/50549</url>
                            <name>50549</name>
                        </reference>
                    </references>
                    <vulnerableSoftware>
                        <software>cpe:/a:apache:poi:0.1</software>
                        <software>cpe:/a:apache:poi:0.2</software>
                        <software>cpe:/a:apache:poi:0.3</software>
                        <software>cpe:/a:apache:poi:0.4</software>
                        <software>cpe:/a:apache:poi:0.5</software>
                        <software>cpe:/a:apache:poi:0.6</software>
                        <software>cpe:/a:apache:poi:0.7</software>
                        <software>cpe:/a:apache:poi:0.10.0</software>
                        <software>cpe:/a:apache:poi:0.11.0</software>
                        <software>cpe:/a:apache:poi:0.12.0</software>
                        <software>cpe:/a:apache:poi:0.13.0</software>
                        <software>cpe:/a:apache:poi:0.14.0</software>
                        <software>cpe:/a:apache:poi:1.0.0</software>
                        <software>cpe:/a:apache:poi:1.0.1</software>
                        <software>cpe:/a:apache:poi:1.0.2</software>
                        <software>cpe:/a:apache:poi:1.1.0</software>
                        <software>cpe:/a:apache:poi:1.2.0</software>
                        <software>cpe:/a:apache:poi:1.5</software>
                        <software>cpe:/a:apache:poi:1.5.1</software>
                        <software>cpe:/a:apache:poi:1.7:dev</software>
                        <software>cpe:/a:apache:poi:1.8:dev</software>
                        <software>cpe:/a:apache:poi:1.10:dev</software>
                        <software>cpe:/a:apache:poi:2.0</software>
                        <software>cpe:/a:apache:poi:2.0:pre1</software>
                        <software>cpe:/a:apache:poi:2.0:pre2</software>
                        <software>cpe:/a:apache:poi:2.0:pre3</software>
                        <software>cpe:/a:apache:poi:2.0:rc1</software>
                        <software>cpe:/a:apache:poi:2.0:rc2</software>
                        <software>cpe:/a:apache:poi:2.5</software>
                        <software>cpe:/a:apache:poi:2.5.1</software>
                        <software>cpe:/a:apache:poi:3.0</software>
                        <software>cpe:/a:apache:poi:3.0:alpha1</software>
                        <software>cpe:/a:apache:poi:3.0:alpha2</software>
                        <software>cpe:/a:apache:poi:3.0:alpha3</software>
                        <software>cpe:/a:apache:poi:3.0.1</software>
                        <software>cpe:/a:apache:poi:3.0.2</software>
                        <software>cpe:/a:apache:poi:3.0.2:beta1</software>
                        <software>cpe:/a:apache:poi:3.0.2:beta2</software>
                        <software>cpe:/a:apache:poi:3.1</software>
                        <software>cpe:/a:apache:poi:3.1:beta1</software>
                        <software>cpe:/a:apache:poi:3.1:beta2</software>
                        <software>cpe:/a:apache:poi:3.2</software>
                        <software>cpe:/a:apache:poi:3.5</software>
                        <software>cpe:/a:apache:poi:3.5:beta1</software>
                        <software>cpe:/a:apache:poi:3.5:beta2</software>
                        <software>cpe:/a:apache:poi:3.5:beta3</software>
                        <software>cpe:/a:apache:poi:3.5:beta4</software>
                        <software>cpe:/a:apache:poi:3.5:beta5</software>
                        <software>cpe:/a:apache:poi:3.5:beta6</software>
                        <software>cpe:/a:apache:poi:3.6</software>
                        <software>cpe:/a:apache:poi:3.7</software>
                        <software>cpe:/a:apache:poi:3.7:beta1</software>
                        <software>cpe:/a:apache:poi:3.7:beta2</software>
                        <software>cpe:/a:apache:poi:3.7:beta3</software>
                        <software>cpe:/a:apache:poi:3.8</software>
                        <software allPreviousVersion="true">cpe:/a:apache:poi:3.8:beta1</software>
                        <software allPreviousVersion="true">cpe:/a:apache:poi:3.8:beta2</software>
                        <software allPreviousVersion="true">cpe:/a:apache:poi:3.8:beta3</software>
                        <software allPreviousVersion="true">cpe:/a:apache:poi:3.8:beta4</software>
                        <software allPreviousVersion="true">cpe:/a:apache:poi:3.8:beta5</software>
                    </vulnerableSoftware>
                </vulnerability>
            </vulnerabilities>
        </dependency>
        <dependency>
            <fileName>ognl-2.7.2.jar</fileName>
            <filePath>/home/bcraig/Documents/Thesis/Analysis/reports/fitlibraryforfitnesse/3rdParty/ognl-2.7.2.jar</filePath>
            <md5>349E7957CAB2FA7B7D4B2FDF4F3C2750</md5>
            <sha1>C2A5E35FFCA13275CC185D5D3F566081CFF8BD86</sha1>
            <evidenceCollected>
                <evidence>
                    <source>file</source>
                    <name>name</name>
                    <value>ognl-2.7.2</value>
                </evidence>
                <evidence>
                    <source>jar</source>
                    <name>package</name>
                    <value>ognl</value>
                </evidence>
                <evidence>
                    <source>jar</source>
                    <name>package name</name>
                    <value>ognl</value>
                </evidence>
                <evidence>
                    <source>pom</source>
                    <name>artifactid</name>
                    <value>ognl</value>
                </evidence>
                <evidence>
                    <source>pom</source>
                    <name>artifactid</name>
                    <value>ognl</value>
                </evidence>
                <evidence>
                    <source>pom</source>
                    <name>groupid</name>
                    <value>ognl</value>
                </evidence>
                <evidence>
                    <source>pom</source>
                    <name>groupid</name>
                    <value>ognl</value>
                </evidence>
                <evidence>
                    <source>pom</source>
                    <name>name</name>
                    <value>OGNL - Object Graph Navigation Library</value>
                </evidence>
                <evidence>
                    <source>pom</source>
                    <name>organization name</name>
                    <value>OpenSymphony</value>
                </evidence>
            </evidenceCollected>
        </dependency>
        <dependency>
            <fileName>rentEz.jar</fileName>
            <filePath>/home/bcraig/Documents/Thesis/Analysis/reports/fitlibraryforfitnesse/3rdParty/rentEz.jar</filePath>
            <md5>FCAC7D838C30B37019FFA5B83216FA7E</md5>
            <sha1>F341CE0FC3915514A4C9D88826C8849B8EC62EA1</sha1>
            <evidenceCollected>
                <evidence>
                    <source>file</source>
                    <name>name</name>
                    <value>rentEz</value>
                </evidence>
                <evidence>
                    <source>jar</source>
                    <name>package</name>
                    <value>rps</value>
                </evidence>
            </evidenceCollected>
        </dependency>
        <dependency>
            <fileName>jmock-junit4-2.5.1.jar</fileName>
            <filePath>/home/bcraig/Documents/Thesis/Analysis/reports/fitlibraryforfitnesse/3rdParty/jmock-junit4-2.5.1.jar</filePath>
            <md5>53E0BEF50FC484681076C48B6A9C188A</md5>
            <sha1>34DBB8E2C091706A039C28DAFFF818967911194B</sha1>
            <evidenceCollected>
                <evidence>
                    <source>file</source>
                    <name>name</name>
                    <value>jmock-junit4-2.5.1</value>
                </evidence>
                <evidence>
                    <source>jar</source>
                    <name>package</name>
                    <value>integration</value>
                </evidence>
                <evidence>
                    <source>jar</source>
                    <name>package</name>
                    <value>jmock</value>
                </evidence>
                <evidence>
                    <source>jar</source>
                    <name>package</name>
                    <value>junit4</value>
                </evidence>
            </evidenceCollected>
        </dependency>
        <dependency>
            <fileName>rentEzSrc.jar</fileName>
            <filePath>/home/bcraig/Documents/Thesis/Analysis/reports/fitlibraryforfitnesse/3rdParty/rentEzSrc.jar</filePath>
            <md5>C157720959087F5689177BE053455125</md5>
            <sha1>D058392AC4B5511EA424FBFDD6C412741E14812B</sha1>
            <evidenceCollected>
                <evidence>
                    <source>file</source>
                    <name>name</name>
                    <value>rentEzSrc</value>
                </evidence>
            </evidenceCollected>
        </dependency>
        <dependency>
            <fileName>fitbookSrc.jar</fileName>
            <filePath>/home/bcraig/Documents/Thesis/Analysis/reports/fitlibraryforfitnesse/3rdParty/fitbookSrc.jar</filePath>
            <md5>9DD3885FE38EDB5440EFF713BD5E911D</md5>
            <sha1>E04B979DCDFA774E269772E21222DD428D18669D</sha1>
            <evidenceCollected>
                <evidence>
                    <source>file</source>
                    <name>name</name>
                    <value>fitbookSrc</value>
                </evidence>
            </evidenceCollected>
        </dependency>
        <dependency>
            <fileName>hamcrest-all-1.1.jar</fileName>
            <filePath>/home/bcraig/Documents/Thesis/Analysis/reports/fitlibraryforfitnesse/3rdParty/hamcrest-all-1.1.jar</filePath>
            <md5>A3A3DB5A878616C6C1655EADEDAD446C</md5>
            <sha1>86EDE41040D5600DC258975EDC2BD749A1C1443E</sha1>
            <evidenceCollected>
                <evidence>
                    <source>file</source>
                    <name>name</name>
                    <value>hamcrest-all-1.1</value>
                </evidence>
                <evidence>
                    <source>jar</source>
                    <name>package</name>
                    <value>hamcrest</value>
                </evidence>
            </evidenceCollected>
        </dependency>
        <dependency>
            <fileName>fitbook.jar</fileName>
            <filePath>/home/bcraig/Documents/Thesis/Analysis/reports/fitlibraryforfitnesse/3rdParty/fitbook.jar</filePath>
            <md5>FE12B7E1D48F7DF8402B1641A01B20FF</md5>
            <sha1>248D3C68B726237CBE94D20BF9B2B2FFDE3531C3</sha1>
            <evidenceCollected>
                <evidence>
                    <source>file</source>
                    <name>name</name>
                    <value>fitbook</value>
                </evidence>
            </evidenceCollected>
        </dependency>
        <dependency>
            <fileName>fitlibrary.jar</fileName>
            <filePath>/home/bcraig/Documents/Thesis/Analysis/reports/fitlibraryforfitnesse/3rdParty/fitlibrary.jar</filePath>
            <md5>19156826E0FFE44FC179B7583303BE9C</md5>
            <sha1>1518423F6308BFB0CB0126D882DBC26331938467</sha1>
            <evidenceCollected>
                <evidence>
                    <source>file</source>
                    <name>name</name>
                    <value>fitlibrary</value>
                </evidence>
                <evidence>
                    <source>jar</source>
                    <name>package</name>
                    <value>fitlibrary</value>
                </evidence>
            </evidenceCollected>
        </dependency>
    </dependencies>
</analysis>