<?xml version="1.0"?>
<analysis xmlns="https://www.owasp.org/index.php/OWASP_Dependency_Check">
    <projectInfo>
        <name>freecol</name>
        <reportDate>Feb 18, 2014 2:13:42 PM</reportDate>
        <credits>This report contains data retrieved from the National Vulnerability Database: http://nvd.nist.gov</credits>
    </projectInfo>
    <dependencies>
        <dependency>
            <fileName>wstx-lgpl-4.0pr1.jar</fileName>
            <filePath>/home/bcraig/Documents/Thesis/Analysis/reports/freecol/3rdParty/wstx-lgpl-4.0pr1.jar</filePath>
            <md5>2655EE136AE20FBBD3161A96A8F77A60</md5>
            <sha1>F8DCE8C5DC495BDE8D1EECB540954804A73D461D</sha1>
            <evidenceCollected>
                <evidence>
                    <source>file</source>
                    <name>name</name>
                    <value>wstx-lgpl-4.0pr1</value>
                </evidence>
                <evidence>
                    <source>jar</source>
                    <name>package</name>
                    <value>ctc</value>
                </evidence>
                <evidence>
                    <source>jar</source>
                    <name>package</name>
                    <value>wstx</value>
                </evidence>
                <evidence>
                    <source>jar</source>
                    <name>package name</name>
                    <value>api</value>
                </evidence>
                <evidence>
                    <source>jar</source>
                    <name>package name</name>
                    <value>codehaus</value>
                </evidence>
                <evidence>
                    <source>jar</source>
                    <name>package name</name>
                    <value>stax</value>
                </evidence>
                <evidence>
                    <source>Manifest</source>
                    <name>Implementation-Title</name>
                    <value>Woodstox XML-processor</value>
                </evidence>
                <evidence>
                    <source>Manifest</source>
                    <name>Implementation-Vendor</name>
                    <value>woodstox.codehaus.org</value>
                </evidence>
                <evidence>
                    <source>Manifest</source>
                    <name>specification-title</name>
                    <value>StAX 1.0 API</value>
                </evidence>
                <evidence>
                    <source>Manifest</source>
                    <name>specification-vendor</name>
                    <value>http://jcp.org/en/jsr/detail?id=173</value>
                </evidence>
            </evidenceCollected>
        </dependency>
        <dependency>
            <fileName>junit.jar</fileName>
            <filePath>/home/bcraig/Documents/Thesis/Analysis/reports/freecol/3rdParty/junit.jar</filePath>
            <md5>1F40FB782A4F2CF78F161D32670F7A3A</md5>
            <sha1>99129F16442844F6A4A11AE22FBBEE40B14D774F</sha1>
            <evidenceCollected>
                <evidence>
                    <source>file</source>
                    <name>name</name>
                    <value>junit</value>
                </evidence>
                <evidence>
                    <source>jar</source>
                    <name>package</name>
                    <value>junit</value>
                </evidence>
            </evidenceCollected>
        </dependency>
        <dependency>
            <fileName>jarbundler.jar</fileName>
            <filePath>/home/bcraig/Documents/Thesis/Analysis/reports/freecol/3rdParty/jarbundler.jar</filePath>
            <md5>1E7568F1053BBC4E5F0B26609E84D2E8</md5>
            <sha1>603C966A309E8888B9165F6454B71591538FE770</sha1>
            <description>ANT task for creating Mac OS X application bundles</description>
            <evidenceCollected>
                <evidence>
                    <source>file</source>
                    <name>name</name>
                    <value>jarbundler</value>
                </evidence>
                <evidence>
                    <source>hint analyzer</source>
                    <name>product</name>
                    <value>springsource_spring_framework</value>
                </evidence>
                <evidence>
                    <source>hint analyzer</source>
                    <name>vendor</name>
                    <value>SpringSource</value>
                </evidence>
                <evidence>
                    <source>hint analyzer</source>
                    <name>vendor</name>
                    <value>vmware</value>
                </evidence>
                <evidence>
                    <source>jar</source>
                    <name>package</name>
                    <value>jarbundler</value>
                </evidence>
                <evidence>
                    <source>jar</source>
                    <name>package</name>
                    <value>net</value>
                </evidence>
                <evidence>
                    <source>jar</source>
                    <name>package</name>
                    <value>sourceforge</value>
                </evidence>
                <evidence>
                    <source>manifest</source>
                    <name>description</name>
                    <value>ANT task for creating Mac OS X application bundles</value>
                </evidence>
            </evidenceCollected>
            <identifiers>
                <identifier type="cpe">
                    <name>(cpe:/a:springsource:spring_framework:1.9)</name>
                </identifier>
                <identifier type="cpe">
                    <name>(cpe:/a:vmware:springsource_spring_framework:1.9)</name>
                </identifier>
            </identifiers>
            <vulnerabilities>
                <vulnerability>
                    <name>CVE-2013-7315</name>
                    <cvssScore>6.8</cvssScore>
                    <severity>Medium</severity>
                    <cwe>CWE-264 Permissions, Privileges, and Access Controls</cwe>
                    <description>The Spring MVC in Spring Framework before 3.2.4 and 4.0.0.M1 through 4.0.0.M2 does not disable external entity resolution for the StAX XMLInputFactory, which allows context-dependent attackers to read arbitrary files, cause a denial of service, and conduct CSRF attacks via crafted XML with JAXB, aka an XML External Entity (XXE) issue, and a different vulnerability than CVE-2013-4152.  NOTE: this issue was SPLIT from CVE-2013-4152 due to different affected versions.</description>
                    <references>
                        <reference>
                            <source>BUGTRAQ</source>
                            <url>http://seclists.org/bugtraq/2013/Aug/154</url>
                            <name>20130822 CVE-2013-4152 XML External Entity (XXE) injection in Spring Framework</name>
                        </reference>
                        <reference>
                            <source>CONFIRM</source>
                            <url>http://www.gopivotal.com/security/cve-2013-4152</url>
                            <name>http://www.gopivotal.com/security/cve-2013-4152</name>
                        </reference>
                        <reference>
                            <source>CONFIRM</source>
                            <url>https://jira.springsource.org/browse/SPR-10806</url>
                            <name>https://jira.springsource.org/browse/SPR-10806</name>
                        </reference>
                        <reference>
                            <source>DEBIAN</source>
                            <url>http://www.debian.org/security/2014/dsa-2842</url>
                            <name>DSA-2842</name>
                        </reference>
                        <reference>
                            <source>FULLDISC</source>
                            <url>http://seclists.org/fulldisclosure/2013/Nov/14</url>
                            <name>20131102 XXE Injection in Spring Framework</name>
                        </reference>
                    </references>
                    <vulnerableSoftware>
                        <software>cpe:/a:springsource:spring_framework:3.0.0</software>
                        <software>cpe:/a:springsource:spring_framework:3.0.0:m1</software>
                        <software>cpe:/a:springsource:spring_framework:3.0.0:m2</software>
                        <software>cpe:/a:springsource:spring_framework:3.0.0:m3</software>
                        <software>cpe:/a:springsource:spring_framework:3.0.0:m4</software>
                        <software>cpe:/a:springsource:spring_framework:3.0.0:rc1</software>
                        <software>cpe:/a:springsource:spring_framework:3.0.0:rc2</software>
                        <software>cpe:/a:springsource:spring_framework:3.0.0:rc3</software>
                        <software>cpe:/a:springsource:spring_framework:3.0.0.m1</software>
                        <software>cpe:/a:springsource:spring_framework:3.0.0.m2</software>
                        <software>cpe:/a:springsource:spring_framework:3.0.1</software>
                        <software>cpe:/a:springsource:spring_framework:3.0.2</software>
                        <software>cpe:/a:springsource:spring_framework:3.0.3</software>
                        <software>cpe:/a:springsource:spring_framework:3.0.4</software>
                        <software>cpe:/a:springsource:spring_framework:3.0.5</software>
                        <software>cpe:/a:springsource:spring_framework:3.0.6</software>
                        <software>cpe:/a:springsource:spring_framework:3.0.7</software>
                        <software>cpe:/a:springsource:spring_framework:3.1.0</software>
                        <software>cpe:/a:springsource:spring_framework:3.1.1</software>
                        <software>cpe:/a:springsource:spring_framework:3.1.2</software>
                        <software>cpe:/a:springsource:spring_framework:3.1.3</software>
                        <software>cpe:/a:springsource:spring_framework:3.1.4</software>
                        <software>cpe:/a:springsource:spring_framework:3.2.0</software>
                        <software>cpe:/a:springsource:spring_framework:3.2.1</software>
                        <software>cpe:/a:springsource:spring_framework:3.2.2</software>
                        <software allPreviousVersion="true">cpe:/a:springsource:spring_framework:3.2.3</software>
                        <software>cpe:/a:springsource:spring_framework:4.0.0:m1</software>
                        <software>cpe:/a:springsource:spring_framework:4.0.0:m2</software>
                    </vulnerableSoftware>
                </vulnerability>
                <vulnerability>
                    <name>CVE-2013-6429</name>
                    <cvssScore>6.8</cvssScore>
                    <severity>Medium</severity>
                    <cwe>CWE-352</cwe>
                    <description>The SourceHttpMessageConverter in Spring MVC in Spring Framework before 3.2.5 and 4.0.0.M1 through 4.0.0.RC1 does not disable external entity resolution, which allows remote attackers to read arbitrary files, cause a denial of service, and conduct CSRF attacks via crafted XML, aka an XML External Entity (XXE) issue, and a different vulnerability than CVE-2013-4152 and CVE-2013-7315.</description>
                    <references>
                        <reference>
                            <source>BUGTRAQ</source>
                            <url>http://www.securityfocus.com/archive/1/archive/1/530770/100/0/threaded</url>
                            <name>20140114 CVE-2013-6429 Fix for XML External Entity (XXE) injection (CVE-2013-4152) in Spring Framework was incomplete</name>
                        </reference>
                        <reference>
                            <source>CONFIRM</source>
                            <url>http://www.gopivotal.com/security/cve-2013-6429</url>
                            <name>http://www.gopivotal.com/security/cve-2013-6429</name>
                        </reference>
                        <reference>
                            <source>CONFIRM</source>
                            <url>https://jira.springsource.org/browse/SPR-11078?page=com.atlassian.jira.plugin.system.issuetabpanels:worklog-tabpanel</url>
                            <name>https://jira.springsource.org/browse/SPR-11078?page=com.atlassian.jira.plugin.system.issuetabpanels:worklog-tabpanel</name>
                        </reference>
                    </references>
                    <vulnerableSoftware>
                        <software>cpe:/a:springsource:spring_framework:1.1.0</software>
                        <software>cpe:/a:springsource:spring_framework:2.0</software>
                        <software>cpe:/a:springsource:spring_framework:2.0:m1</software>
                        <software>cpe:/a:springsource:spring_framework:2.0:m2</software>
                        <software>cpe:/a:springsource:spring_framework:2.0:m3</software>
                        <software>cpe:/a:springsource:spring_framework:2.0:m4</software>
                        <software>cpe:/a:springsource:spring_framework:2.0:m5</software>
                        <software>cpe:/a:springsource:spring_framework:2.0:rc1</software>
                        <software>cpe:/a:springsource:spring_framework:2.0:rc2</software>
                        <software>cpe:/a:springsource:spring_framework:2.0:rc3</software>
                        <software>cpe:/a:springsource:spring_framework:2.0:rc4</software>
                        <software>cpe:/a:springsource:spring_framework:2.0.1</software>
                        <software>cpe:/a:springsource:spring_framework:2.0.2</software>
                        <software>cpe:/a:springsource:spring_framework:2.0.3</software>
                        <software>cpe:/a:springsource:spring_framework:2.0.4</software>
                        <software>cpe:/a:springsource:spring_framework:2.0.5</software>
                        <software>cpe:/a:springsource:spring_framework:2.1:m1</software>
                        <software>cpe:/a:springsource:spring_framework:2.1:m2</software>
                        <software>cpe:/a:springsource:spring_framework:2.1:m3</software>
                        <software>cpe:/a:springsource:spring_framework:2.1:m4</software>
                        <software>cpe:/a:springsource:spring_framework:2.5.0</software>
                        <software>cpe:/a:springsource:spring_framework:2.5.0:rc1</software>
                        <software>cpe:/a:springsource:spring_framework:2.5.0:rc2</software>
                        <software>cpe:/a:springsource:spring_framework:2.5.1</software>
                        <software>cpe:/a:springsource:spring_framework:2.5.2</software>
                        <software>cpe:/a:springsource:spring_framework:2.5.3</software>
                        <software>cpe:/a:springsource:spring_framework:2.5.4</software>
                        <software>cpe:/a:springsource:spring_framework:2.5.5</software>
                        <software>cpe:/a:springsource:spring_framework:2.5.6</software>
                        <software>cpe:/a:springsource:spring_framework:2.5.7</software>
                        <software>cpe:/a:springsource:spring_framework:2.5.7_sr01</software>
                        <software>cpe:/a:springsource:spring_framework:3.0.0</software>
                        <software>cpe:/a:springsource:spring_framework:3.0.0:m1</software>
                        <software>cpe:/a:springsource:spring_framework:3.0.0:m2</software>
                        <software>cpe:/a:springsource:spring_framework:3.0.0:m3</software>
                        <software>cpe:/a:springsource:spring_framework:3.0.0:m4</software>
                        <software>cpe:/a:springsource:spring_framework:3.0.0:rc1</software>
                        <software>cpe:/a:springsource:spring_framework:3.0.0:rc2</software>
                        <software>cpe:/a:springsource:spring_framework:3.0.0:rc3</software>
                        <software>cpe:/a:springsource:spring_framework:3.0.0.m1</software>
                        <software>cpe:/a:springsource:spring_framework:3.0.0.m2</software>
                        <software>cpe:/a:springsource:spring_framework:3.0.1</software>
                        <software>cpe:/a:springsource:spring_framework:3.0.2</software>
                        <software>cpe:/a:springsource:spring_framework:3.0.3</software>
                        <software>cpe:/a:springsource:spring_framework:3.0.4</software>
                        <software>cpe:/a:springsource:spring_framework:3.0.5</software>
                        <software>cpe:/a:springsource:spring_framework:3.0.6</software>
                        <software>cpe:/a:springsource:spring_framework:3.0.7</software>
                        <software>cpe:/a:springsource:spring_framework:3.1.0</software>
                        <software>cpe:/a:springsource:spring_framework:3.1.1</software>
                        <software>cpe:/a:springsource:spring_framework:3.1.2</software>
                        <software>cpe:/a:springsource:spring_framework:3.1.3</software>
                        <software>cpe:/a:springsource:spring_framework:3.1.4</software>
                        <software>cpe:/a:springsource:spring_framework:3.2.0</software>
                        <software>cpe:/a:springsource:spring_framework:3.2.1</software>
                        <software>cpe:/a:springsource:spring_framework:3.2.2</software>
                        <software>cpe:/a:springsource:spring_framework:3.2.3</software>
                        <software allPreviousVersion="true">cpe:/a:springsource:spring_framework:3.2.4</software>
                        <software>cpe:/a:springsource:spring_framework:4.0.0:m1</software>
                        <software>cpe:/a:springsource:spring_framework:4.0.0:m2</software>
                        <software>cpe:/a:springsource:spring_framework:4.0.0:rc1</software>
                    </vulnerableSoftware>
                </vulnerability>
                <vulnerability>
                    <name>CVE-2013-4152</name>
                    <cvssScore>6.8</cvssScore>
                    <severity>Medium</severity>
                    <cwe>CWE-264 Permissions, Privileges, and Access Controls</cwe>
                    <description>The Spring OXM wrapper in Spring Framework before 3.2.4 and 4.0.0.M1, when using the JAXB marshaller, does not disable entity resolution, which allows context-dependent attackers to read arbitrary files, cause a denial of service, and conduct CSRF attacks via an XML external entity declaration in conjunction with an entity reference in a (1) DOMSource, (2) StAXSource, (3) SAXSource, or (4) StreamSource, aka an XML External Entity (XXE) issue.</description>
                    <references>
                        <reference>
                            <source>BUGTRAQ</source>
                            <url>http://seclists.org/bugtraq/2013/Aug/154</url>
                            <name>20130822 CVE-2013-4152 XML External Entity (XXE) injection in Spring Framework</name>
                        </reference>
                        <reference>
                            <source>CONFIRM</source>
                            <url>http://www.gopivotal.com/security/cve-2013-4152</url>
                            <name>http://www.gopivotal.com/security/cve-2013-4152</name>
                        </reference>
                        <reference>
                            <source>CONFIRM</source>
                            <url>https://github.com/spring-projects/spring-framework/pull/317/files</url>
                            <name>https://github.com/spring-projects/spring-framework/pull/317/files</name>
                        </reference>
                        <reference>
                            <source>CONFIRM</source>
                            <url>https://jira.springsource.org/browse/SPR-10806</url>
                            <name>https://jira.springsource.org/browse/SPR-10806</name>
                        </reference>
                        <reference>
                            <source>DEBIAN</source>
                            <url>http://www.debian.org/security/2014/dsa-2842</url>
                            <name>DSA-2842</name>
                        </reference>
                        <reference>
                            <source>FULLDISC</source>
                            <url>http://seclists.org/fulldisclosure/2013/Nov/14</url>
                            <name>20131102 XXE Injection in Spring Framework</name>
                        </reference>
                        <reference>
                            <source>SECUNIA</source>
                            <url>http://secunia.com/advisories/56247</url>
                            <name>56247</name>
                        </reference>
                    </references>
                    <vulnerableSoftware>
                        <software>cpe:/a:springsource:spring_framework:3.0.0</software>
                        <software>cpe:/a:springsource:spring_framework:3.0.0:m1</software>
                        <software>cpe:/a:springsource:spring_framework:3.0.0:m2</software>
                        <software>cpe:/a:springsource:spring_framework:3.0.0:m3</software>
                        <software>cpe:/a:springsource:spring_framework:3.0.0:m4</software>
                        <software>cpe:/a:springsource:spring_framework:3.0.0:rc1</software>
                        <software>cpe:/a:springsource:spring_framework:3.0.0:rc2</software>
                        <software>cpe:/a:springsource:spring_framework:3.0.0:rc3</software>
                        <software>cpe:/a:springsource:spring_framework:3.0.0.m1</software>
                        <software>cpe:/a:springsource:spring_framework:3.0.0.m2</software>
                        <software>cpe:/a:springsource:spring_framework:3.0.1</software>
                        <software>cpe:/a:springsource:spring_framework:3.0.2</software>
                        <software>cpe:/a:springsource:spring_framework:3.0.3</software>
                        <software>cpe:/a:springsource:spring_framework:3.0.4</software>
                        <software>cpe:/a:springsource:spring_framework:3.0.5</software>
                        <software>cpe:/a:springsource:spring_framework:3.0.6</software>
                        <software>cpe:/a:springsource:spring_framework:3.0.7</software>
                        <software>cpe:/a:springsource:spring_framework:3.1.0</software>
                        <software>cpe:/a:springsource:spring_framework:3.1.1</software>
                        <software>cpe:/a:springsource:spring_framework:3.1.2</software>
                        <software>cpe:/a:springsource:spring_framework:3.1.3</software>
                        <software>cpe:/a:springsource:spring_framework:3.1.4</software>
                        <software>cpe:/a:springsource:spring_framework:3.2.0</software>
                        <software>cpe:/a:springsource:spring_framework:3.2.1</software>
                        <software>cpe:/a:springsource:spring_framework:3.2.2</software>
                        <software allPreviousVersion="true">cpe:/a:springsource:spring_framework:3.2.3</software>
                        <software>cpe:/a:springsource:spring_framework:4.0.0:m1</software>
                    </vulnerableSoftware>
                </vulnerability>
                <vulnerability>
                    <name>CVE-2011-2730</name>
                    <cvssScore>7.5</cvssScore>
                    <severity>High</severity>
                    <cwe>CWE-16 Configuration</cwe>
                    <description>VMware SpringSource Spring Framework before 2.5.6.SEC03, 2.5.7.SR023, and 3.x before 3.0.6, when a container supports Expression Language (EL), evaluates EL expressions in tags twice, which allows remote attackers to obtain sensitive information via a (1) name attribute in a (a) spring:hasBindErrors tag; (2) path attribute in a (b) spring:bind or (c) spring:nestedpath tag; (3) arguments, (4) code, (5) text, (6) var, (7) scope, or (8) message attribute in a (d) spring:message or (e) spring:theme tag; or (9) var, (10) scope, or (11) value attribute in a (f) spring:transform tag, aka &quot;Expression Language Injection.&quot;</description>
                    <references>
                        <reference>
                            <source>CONFIRM</source>
                            <url>http://support.springsource.com/security/cve-2011-2730</url>
                            <name>http://support.springsource.com/security/cve-2011-2730</name>
                        </reference>
                        <reference>
                            <source>DEBIAN</source>
                            <url>http://www.debian.org/security/2012/dsa-2504</url>
                            <name>DSA-2504</name>
                        </reference>
                        <reference>
                            <source>MISC</source>
                            <url>http://bugs.debian.org/cgi-bin/bugreport.cgi?bug=677814</url>
                            <name>http://bugs.debian.org/cgi-bin/bugreport.cgi?bug=677814</name>
                        </reference>
                        <reference>
                            <source>MISC</source>
                            <url>https://docs.google.com/document/d/1dc1xxO8UMFaGLOwgkykYdghGWm_2Gn0iCrxFsympqcE/edit</url>
                            <name>https://docs.google.com/document/d/1dc1xxO8UMFaGLOwgkykYdghGWm_2Gn0iCrxFsympqcE/edit</name>
                        </reference>
                        <reference>
                            <source>REDHAT</source>
                            <url>http://rhn.redhat.com/errata/RHSA-2013-0191.html</url>
                            <name>RHSA-2013:0191</name>
                        </reference>
                        <reference>
                            <source>REDHAT</source>
                            <url>http://rhn.redhat.com/errata/RHSA-2013-0192.html</url>
                            <name>RHSA-2013:0192</name>
                        </reference>
                        <reference>
                            <source>REDHAT</source>
                            <url>http://rhn.redhat.com/errata/RHSA-2013-0193.html</url>
                            <name>RHSA-2013:0193</name>
                        </reference>
                        <reference>
                            <source>REDHAT</source>
                            <url>http://rhn.redhat.com/errata/RHSA-2013-0194.html</url>
                            <name>RHSA-2013:0194</name>
                        </reference>
                        <reference>
                            <source>REDHAT</source>
                            <url>http://rhn.redhat.com/errata/RHSA-2013-0195.html</url>
                            <name>RHSA-2013:0195</name>
                        </reference>
                        <reference>
                            <source>REDHAT</source>
                            <url>http://rhn.redhat.com/errata/RHSA-2013-0196.html</url>
                            <name>RHSA-2013:0196</name>
                        </reference>
                        <reference>
                            <source>REDHAT</source>
                            <url>http://rhn.redhat.com/errata/RHSA-2013-0197.html</url>
                            <name>RHSA-2013:0197</name>
                        </reference>
                        <reference>
                            <source>REDHAT</source>
                            <url>http://rhn.redhat.com/errata/RHSA-2013-0198.html</url>
                            <name>RHSA-2013:0198</name>
                        </reference>
                        <reference>
                            <source>REDHAT</source>
                            <url>http://rhn.redhat.com/errata/RHSA-2013-0221.html</url>
                            <name>RHSA-2013:0221</name>
                        </reference>
                        <reference>
                            <source>SECTRACK</source>
                            <url>http://www.securitytracker.com/id/1029151</url>
                            <name>1029151</name>
                        </reference>
                        <reference>
                            <source>SECUNIA</source>
                            <url>http://secunia.com/advisories/51984</url>
                            <name>51984</name>
                        </reference>
                        <reference>
                            <source>SECUNIA</source>
                            <url>http://secunia.com/advisories/52054</url>
                            <name>52054</name>
                        </reference>
                        <reference>
                            <source>SECUNIA</source>
                            <url>http://secunia.com/advisories/55155</url>
                            <name>55155</name>
                        </reference>
                    </references>
                    <vulnerableSoftware>
                        <software>cpe:/a:springsource:spring_framework:2.5.0</software>
                        <software>cpe:/a:springsource:spring_framework:2.5.0:rc1</software>
                        <software>cpe:/a:springsource:spring_framework:2.5.0:rc2</software>
                        <software>cpe:/a:springsource:spring_framework:2.5.1</software>
                        <software>cpe:/a:springsource:spring_framework:2.5.2</software>
                        <software>cpe:/a:springsource:spring_framework:2.5.3</software>
                        <software>cpe:/a:springsource:spring_framework:2.5.4</software>
                        <software>cpe:/a:springsource:spring_framework:2.5.5</software>
                        <software>cpe:/a:springsource:spring_framework:2.5.6</software>
                        <software>cpe:/a:springsource:spring_framework:2.5.7</software>
                        <software allPreviousVersion="true">cpe:/a:springsource:spring_framework:2.5.7_sr01</software>
                        <software>cpe:/a:springsource:spring_framework:3.0.0</software>
                        <software>cpe:/a:springsource:spring_framework:3.0.1</software>
                        <software>cpe:/a:springsource:spring_framework:3.0.2</software>
                        <software>cpe:/a:springsource:spring_framework:3.0.3</software>
                        <software>cpe:/a:springsource:spring_framework:3.0.4</software>
                        <software allPreviousVersion="true">cpe:/a:springsource:spring_framework:3.0.5</software>
                    </vulnerableSoftware>
                </vulnerability>
            </vulnerabilities>
        </dependency>
        <dependency>
            <fileName>cortado-0.6.0.jar</fileName>
            <filePath>/home/bcraig/Documents/Thesis/Analysis/reports/freecol/3rdParty/cortado-0.6.0.jar</filePath>
            <md5>8090C90E8265DC2B09379F14EE2432DE</md5>
            <sha1>08D9E93846F09EC3E5297AC2F3DC3966F8B8B005</sha1>
            <evidenceCollected>
                <evidence>
                    <source>file</source>
                    <name>name</name>
                    <value>cortado-0.6.0</value>
                </evidence>
                <evidence>
                    <source>jar</source>
                    <name>package</name>
                    <value>fluendo</value>
                </evidence>
            </evidenceCollected>
        </dependency>
        <dependency>
            <fileName>jsmoothgen-ant.jar</fileName>
            <filePath>/home/bcraig/Documents/Thesis/Analysis/reports/freecol/3rdParty/jsmoothgen-ant.jar</filePath>
            <md5>1FF865724C39AD82FAA5732197915725</md5>
            <sha1>D2D43248B05CCA2AF53819E60DC9ED6D1188FE2E</sha1>
            <evidenceCollected>
                <evidence>
                    <source>file</source>
                    <name>name</name>
                    <value>jsmoothgen-ant</value>
                </evidence>
                <evidence>
                    <source>jar</source>
                    <name>package</name>
                    <value>application</value>
                </evidence>
                <evidence>
                    <source>jar</source>
                    <name>package</name>
                    <value>charabia</value>
                </evidence>
                <evidence>
                    <source>jar</source>
                    <name>package</name>
                    <value>jsmoothgen</value>
                </evidence>
                <evidence>
                    <source>jar</source>
                    <name>package</name>
                    <value>net</value>
                </evidence>
            </evidenceCollected>
        </dependency>
        <dependency>
            <fileName>jsr173_1.0_api.jar</fileName>
            <filePath>/home/bcraig/Documents/Thesis/Analysis/reports/freecol/3rdParty/jsr173_1.0_api.jar</filePath>
            <md5>2F0FC6A20948901147702E1D38885F49</md5>
            <sha1>69B298CB1B6CE3A5852E96B7EF5CD3A28CC20C38</sha1>
            <evidenceCollected>
                <evidence>
                    <source>file</source>
                    <name>name</name>
                    <value>jsr173_1.0_api</value>
                </evidence>
                <evidence>
                    <source>jar</source>
                    <name>package</name>
                    <value>javax</value>
                </evidence>
                <evidence>
                    <source>jar</source>
                    <name>package</name>
                    <value>stream</value>
                </evidence>
                <evidence>
                    <source>jar</source>
                    <name>package</name>
                    <value>xml</value>
                </evidence>
            </evidenceCollected>
        </dependency>
        <dependency>
            <fileName>FreeCol.jar</fileName>
            <filePath>/home/bcraig/Documents/Thesis/Analysis/reports/freecol/3rdParty/FreeCol.jar</filePath>
            <md5>50376B71517C459E52D088423D9C46D3</md5>
            <sha1>D030F549974CEF59B76EBF937DEF1D345132211B</sha1>
            <evidenceCollected>
                <evidence>
                    <source>file</source>
                    <name>name</name>
                    <value>FreeCol</value>
                </evidence>
                <evidence>
                    <source>jar</source>
                    <name>package</name>
                    <value>client</value>
                </evidence>
                <evidence>
                    <source>jar</source>
                    <name>package</name>
                    <value>freecol</value>
                </evidence>
                <evidence>
                    <source>jar</source>
                    <name>package</name>
                    <value>net</value>
                </evidence>
                <evidence>
                    <source>jar</source>
                    <name>package</name>
                    <value>sf</value>
                </evidence>
                <evidence>
                    <source>jar</source>
                    <name>package name</name>
                    <value>freecol</value>
                </evidence>
                <evidence>
                    <source>Manifest</source>
                    <name>package-title</name>
                    <value>FreeCol</value>
                </evidence>
                <evidence>
                    <source>Manifest</source>
                    <name>package-vendor</name>
                    <value>FreeCol Team</value>
                </evidence>
                <evidence>
                    <source>Manifest</source>
                    <name>product-name</name>
                    <value>FreeCol</value>
                </evidence>
            </evidenceCollected>
        </dependency>
        <dependency>
            <fileName>commons-cli-1.1.jar</fileName>
            <filePath>/home/bcraig/Documents/Thesis/Analysis/reports/freecol/3rdParty/commons-cli-1.1.jar</filePath>
            <md5>B91E43D736C9013512F049C3CECB9FD7</md5>
            <sha1>11C98B99AD538F2F67633AFD4D7F4D98ECFBB408</sha1>
            <evidenceCollected>
                <evidence>
                    <source>file</source>
                    <name>name</name>
                    <value>commons-cli-1.1</value>
                </evidence>
                <evidence>
                    <source>jar</source>
                    <name>package</name>
                    <value>apache</value>
                </evidence>
                <evidence>
                    <source>jar</source>
                    <name>package</name>
                    <value>cli</value>
                </evidence>
                <evidence>
                    <source>jar</source>
                    <name>package</name>
                    <value>commons</value>
                </evidence>
                <evidence>
                    <source>jar</source>
                    <name>package name</name>
                    <value>apache</value>
                </evidence>
                <evidence>
                    <source>jar</source>
                    <name>package name</name>
                    <value>cli</value>
                </evidence>
                <evidence>
                    <source>jar</source>
                    <name>package name</name>
                    <value>commons</value>
                </evidence>
                <evidence>
                    <source>Manifest</source>
                    <name>extension-name</name>
                    <value>commons-cli</value>
                </evidence>
                <evidence>
                    <source>Manifest</source>
                    <name>Implementation-Title</name>
                    <value>Jakarta Commons CLI</value>
                </evidence>
                <evidence>
                    <source>Manifest</source>
                    <name>Implementation-Vendor</name>
                    <value>Apache Software Foundation</value>
                </evidence>
                <evidence>
                    <source>Manifest</source>
                    <name>Implementation-Vendor-Id</name>
                    <value>org.apache</value>
                </evidence>
                <evidence>
                    <source>Manifest</source>
                    <name>specification-title</name>
                    <value>Jakarta Commons CLI</value>
                </evidence>
                <evidence>
                    <source>Manifest</source>
                    <name>specification-vendor</name>
                    <value>Apache Software Foundation</value>
                </evidence>
            </evidenceCollected>
        </dependency>
        <dependency>
            <fileName>standalone-compiler.jar</fileName>
            <filePath>/home/bcraig/Documents/Thesis/Analysis/reports/freecol/3rdParty/standalone-compiler.jar</filePath>
            <md5>3A9FE34A814A906A930954736843E3BA</md5>
            <sha1>A8F22E231E0902AC378B87C74696580269CC959D</sha1>
            <evidenceCollected>
                <evidence>
                    <source>file</source>
                    <name>name</name>
                    <value>standalone-compiler</value>
                </evidence>
                <evidence>
                    <source>jar</source>
                    <name>package</name>
                    <value>ant</value>
                </evidence>
                <evidence>
                    <source>jar</source>
                    <name>package</name>
                    <value>apache</value>
                </evidence>
                <evidence>
                    <source>jar</source>
                    <name>package</name>
                    <value>tools</value>
                </evidence>
            </evidenceCollected>
        </dependency>
        <dependency>
            <fileName>vorbisspi1.0.3.jar</fileName>
            <filePath>/home/bcraig/Documents/Thesis/Analysis/reports/freecol/3rdParty/vorbisspi1.0.3.jar</filePath>
            <md5>8957525788AF372A9B883B7F54F642E7</md5>
            <sha1>91B35E1AC12C6AC35A1CF040DFB71C9AC1529EC2</sha1>
            <evidenceCollected>
                <evidence>
                    <source>file</source>
                    <name>name</name>
                    <value>vorbisspi1.0.3</value>
                </evidence>
                <evidence>
                    <source>jar</source>
                    <name>package</name>
                    <value>javazoom</value>
                </evidence>
                <evidence>
                    <source>jar</source>
                    <name>package</name>
                    <value>sampled</value>
                </evidence>
                <evidence>
                    <source>jar</source>
                    <name>package</name>
                    <value>spi</value>
                </evidence>
                <evidence>
                    <source>jar</source>
                    <name>package</name>
                    <value>vorbis</value>
                </evidence>
            </evidenceCollected>
        </dependency>
        <dependency>
            <fileName>miglayout-4.0-swing.jar</fileName>
            <filePath>/home/bcraig/Documents/Thesis/Analysis/reports/freecol/3rdParty/miglayout-4.0-swing.jar</filePath>
            <md5>4A1E52AEC8D8860DBA51BFBE5A43E586</md5>
            <sha1>7C5404426D621BD741699525234E2693708CFD55</sha1>
            <evidenceCollected>
                <evidence>
                    <source>file</source>
                    <name>name</name>
                    <value>miglayout-4.0-swing</value>
                </evidence>
                <evidence>
                    <source>jar</source>
                    <name>package</name>
                    <value>layout</value>
                </evidence>
                <evidence>
                    <source>jar</source>
                    <name>package</name>
                    <value>miginfocom</value>
                </evidence>
                <evidence>
                    <source>jar</source>
                    <name>package</name>
                    <value>net</value>
                </evidence>
                <evidence>
                    <source>jar</source>
                    <name>package name</name>
                    <value>layout</value>
                </evidence>
                <evidence>
                    <source>jar</source>
                    <name>package name</name>
                    <value>miglayout</value>
                </evidence>
                <evidence>
                    <source>Manifest</source>
                    <name>Implementation-Title</name>
                    <value>MiGLayout</value>
                </evidence>
                <evidence>
                    <source>Manifest</source>
                    <name>Implementation-Vendor-Id</name>
                    <value>com.miglayout</value>
                </evidence>
                <evidence>
                    <source>Manifest</source>
                    <name>specification-title</name>
                    <value>MiGLayout</value>
                </evidence>
            </evidenceCollected>
        </dependency>
        <dependency>
            <fileName>tritonus_share.jar</fileName>
            <filePath>/home/bcraig/Documents/Thesis/Analysis/reports/freecol/3rdParty/tritonus_share.jar</filePath>
            <md5>B7F3080B2FA82E588CEA7F46CB1DE496</md5>
            <sha1>2D30F1554A0A0CC8B580E18399B5D1121C7DB383</sha1>
            <evidenceCollected>
                <evidence>
                    <source>file</source>
                    <name>name</name>
                    <value>tritonus_share</value>
                </evidence>
                <evidence>
                    <source>jar</source>
                    <name>package</name>
                    <value>sampled</value>
                </evidence>
                <evidence>
                    <source>jar</source>
                    <name>package</name>
                    <value>share</value>
                </evidence>
                <evidence>
                    <source>jar</source>
                    <name>package</name>
                    <value>tritonus</value>
                </evidence>
            </evidenceCollected>
        </dependency>
        <dependency>
            <fileName>jogg-0.0.7.jar</fileName>
            <filePath>/home/bcraig/Documents/Thesis/Analysis/reports/freecol/3rdParty/jogg-0.0.7.jar</filePath>
            <md5>9D1946211B6E5EF66FE088B2432355A1</md5>
            <sha1>7B8EFF12A2E93FEA919C3F9494D5CCAD9E193C8D</sha1>
            <evidenceCollected>
                <evidence>
                    <source>file</source>
                    <name>name</name>
                    <value>jogg-0.0.7</value>
                </evidence>
                <evidence>
                    <source>jar</source>
                    <name>package</name>
                    <value>jcraft</value>
                </evidence>
                <evidence>
                    <source>jar</source>
                    <name>package</name>
                    <value>jogg</value>
                </evidence>
            </evidenceCollected>
        </dependency>
        <dependency>
            <fileName>jorbis-0.0.15.jar</fileName>
            <filePath>/home/bcraig/Documents/Thesis/Analysis/reports/freecol/3rdParty/jorbis-0.0.15.jar</filePath>
            <md5>5919B38077FA66784365140CC17F027A</md5>
            <sha1>8010ACDCF550F7C5D5AC64833FFFA008E22C18F7</sha1>
            <evidenceCollected>
                <evidence>
                    <source>file</source>
                    <name>name</name>
                    <value>jorbis-0.0.15</value>
                </evidence>
                <evidence>
                    <source>jar</source>
                    <name>package</name>
                    <value>jcraft</value>
                </evidence>
                <evidence>
                    <source>jar</source>
                    <name>package</name>
                    <value>jorbis</value>
                </evidence>
            </evidenceCollected>
        </dependency>
    </dependencies>
</analysis>