<?xml version="1.0"?>
<analysis xmlns="https://www.owasp.org/index.php/OWASP_Dependency_Check">
    <projectInfo>
        <name>freemind</name>
        <reportDate>Feb 18, 2014 2:15:44 PM</reportDate>
        <credits>This report contains data retrieved from the National Vulnerability Database: http://nvd.nist.gov</credits>
    </projectInfo>
    <dependencies>
        <dependency>
            <fileName>HotEqn.jar</fileName>
            <filePath>/home/bcraig/Documents/Thesis/Analysis/reports/freemind/3rdParty/HotEqn.jar</filePath>
            <md5>1682D91B94AA2315F3E4EB53358570A1</md5>
            <sha1>671C955D19D3938B44D5BFC4B2D95EB6FA1CF389</sha1>
            <evidenceCollected>
                <evidence>
                    <source>file</source>
                    <name>name</name>
                    <value>HotEqn</value>
                </evidence>
                <evidence>
                    <source>jar</source>
                    <name>package</name>
                    <value>atp</value>
                </evidence>
            </evidenceCollected>
        </dependency>
        <dependency>
            <fileName>junit.jar</fileName>
            <filePath>/home/bcraig/Documents/Thesis/Analysis/reports/freemind/3rdParty/junit.jar</filePath>
            <md5>28E7EB9EEEFE31A657C68755BFCCC541</md5>
            <sha1>07E4CDE26B53A9A0E3FE5B00D1DBBC7CC1D46060</sha1>
            <evidenceCollected>
                <evidence>
                    <source>file</source>
                    <name>name</name>
                    <value>junit</value>
                </evidence>
                <evidence>
                    <source>jar</source>
                    <name>package</name>
                    <value>junit</value>
                </evidence>
            </evidenceCollected>
        </dependency>
        <dependency>
            <fileName>batik-svggen.jar</fileName>
            <filePath>/home/bcraig/Documents/Thesis/Analysis/reports/freemind/3rdParty/batik-svggen.jar</filePath>
            <md5>918E775580EB37B9D57EA37C79FC8610</md5>
            <sha1>983914D5E27957145E34B55AD7F48DF96EB6D280</sha1>
            <evidenceCollected>
                <evidence>
                    <source>file</source>
                    <name>name</name>
                    <value>batik-svggen</value>
                </evidence>
                <evidence>
                    <source>jar</source>
                    <name>package</name>
                    <value>apache</value>
                </evidence>
                <evidence>
                    <source>jar</source>
                    <name>package</name>
                    <value>batik</value>
                </evidence>
                <evidence>
                    <source>jar</source>
                    <name>package</name>
                    <value>svggen</value>
                </evidence>
            </evidenceCollected>
        </dependency>
        <dependency>
            <fileName>batik-xml.jar</fileName>
            <filePath>/home/bcraig/Documents/Thesis/Analysis/reports/freemind/3rdParty/batik-xml.jar</filePath>
            <md5>D4D0B431411F67662618F9B87DBCDDAB</md5>
            <sha1>4F2C18A0D41B8804E6FD24F183A567B41C928ED0</sha1>
            <evidenceCollected>
                <evidence>
                    <source>file</source>
                    <name>name</name>
                    <value>batik-xml</value>
                </evidence>
                <evidence>
                    <source>jar</source>
                    <name>package</name>
                    <value>apache</value>
                </evidence>
                <evidence>
                    <source>jar</source>
                    <name>package</name>
                    <value>batik</value>
                </evidence>
                <evidence>
                    <source>jar</source>
                    <name>package</name>
                    <value>xml</value>
                </evidence>
            </evidenceCollected>
        </dependency>
        <dependency>
            <fileName>batik-squiggle.jar</fileName>
            <filePath>/home/bcraig/Documents/Thesis/Analysis/reports/freemind/3rdParty/batik-squiggle.jar</filePath>
            <md5>B6F2794E1531D7AAD51BD1FE20E1F62B</md5>
            <sha1>41F1ECB064607E43BD6EB481F8D013700BD97047</sha1>
            <evidenceCollected>
                <evidence>
                    <source>file</source>
                    <name>name</name>
                    <value>batik-squiggle</value>
                </evidence>
                <evidence>
                    <source>jar</source>
                    <name>package</name>
                    <value>apache</value>
                </evidence>
                <evidence>
                    <source>jar</source>
                    <name>package</name>
                    <value>apps</value>
                </evidence>
                <evidence>
                    <source>jar</source>
                    <name>package</name>
                    <value>batik</value>
                </evidence>
                <evidence>
                    <source>jar</source>
                    <name>package</name>
                    <value>svgbrowser</value>
                </evidence>
                <evidence>
                    <source>jar</source>
                    <name>package name</name>
                    <value>apache</value>
                </evidence>
                <evidence>
                    <source>jar</source>
                    <name>package name</name>
                    <value>batik</value>
                </evidence>
                <evidence>
                    <source>Manifest</source>
                    <name>Implementation-Title</name>
                    <value>Batik Squiggle Viewer</value>
                </evidence>
                <evidence>
                    <source>Manifest</source>
                    <name>Implementation-Vendor</name>
                    <value>Apache Software Foundation (http://xml.apache.org/batik/)</value>
                </evidence>
            </evidenceCollected>
        </dependency>
        <dependency>
            <fileName>batik-svg-dom.jar</fileName>
            <filePath>/home/bcraig/Documents/Thesis/Analysis/reports/freemind/3rdParty/batik-svg-dom.jar</filePath>
            <md5>F7F857BAB26D1F141647CBB8FB7FB320</md5>
            <sha1>99C4C49C1852B62396FC0C9777D48C0E03F1DC74</sha1>
            <evidenceCollected>
                <evidence>
                    <source>file</source>
                    <name>name</name>
                    <value>batik-svg-dom</value>
                </evidence>
                <evidence>
                    <source>jar</source>
                    <name>package</name>
                    <value>apache</value>
                </evidence>
                <evidence>
                    <source>jar</source>
                    <name>package</name>
                    <value>batik</value>
                </evidence>
                <evidence>
                    <source>jar</source>
                    <name>package</name>
                    <value>dom</value>
                </evidence>
                <evidence>
                    <source>jar</source>
                    <name>package</name>
                    <value>svg</value>
                </evidence>
            </evidenceCollected>
        </dependency>
        <dependency>
            <fileName>svg_plugin.jar</fileName>
            <filePath>/home/bcraig/Documents/Thesis/Analysis/reports/freemind/3rdParty/svg_plugin.jar</filePath>
            <md5>2DC7E2FB8D3AC54B79B7FC7BAEACCEDB</md5>
            <sha1>F1962AC6F159F6A5128BED008435244BAFC582F9</sha1>
            <evidenceCollected>
                <evidence>
                    <source>file</source>
                    <name>name</name>
                    <value>svg_plugin</value>
                </evidence>
                <evidence>
                    <source>jar</source>
                    <name>package</name>
                    <value>plugins</value>
                </evidence>
                <evidence>
                    <source>jar</source>
                    <name>package</name>
                    <value>svg</value>
                </evidence>
            </evidenceCollected>
        </dependency>
        <dependency>
            <fileName>commons-logging-1.0.4.jar</fileName>
            <filePath>/home/bcraig/Documents/Thesis/Analysis/reports/freemind/3rdParty/commons-logging-1.0.4.jar</filePath>
            <md5>8A507817B28077E0478ADD944C64586A</md5>
            <sha1>F029A2AEFE2B3E1517573C580F948CAAC31B1056</sha1>
            <evidenceCollected>
                <evidence>
                    <source>file</source>
                    <name>name</name>
                    <value>commons-logging-1.0.4</value>
                </evidence>
                <evidence>
                    <source>jar</source>
                    <name>package</name>
                    <value>apache</value>
                </evidence>
                <evidence>
                    <source>jar</source>
                    <name>package</name>
                    <value>commons</value>
                </evidence>
                <evidence>
                    <source>jar</source>
                    <name>package</name>
                    <value>impl</value>
                </evidence>
                <evidence>
                    <source>jar</source>
                    <name>package</name>
                    <value>logging</value>
                </evidence>
                <evidence>
                    <source>jar</source>
                    <name>package name</name>
                    <value>apache</value>
                </evidence>
                <evidence>
                    <source>jar</source>
                    <name>package name</name>
                    <value>commons</value>
                </evidence>
                <evidence>
                    <source>jar</source>
                    <name>package name</name>
                    <value>log</value>
                </evidence>
                <evidence>
                    <source>jar</source>
                    <name>package name</name>
                    <value>logging</value>
                </evidence>
                <evidence>
                    <source>Manifest</source>
                    <name>extension-name</name>
                    <value>org.apache.commons.logging</value>
                </evidence>
                <evidence>
                    <source>Manifest</source>
                    <name>Implementation-Vendor</name>
                    <value>Apache Software Foundation</value>
                </evidence>
                <evidence>
                    <source>Manifest</source>
                    <name>specification-vendor</name>
                    <value>Apache Software Foundation</value>
                </evidence>
            </evidenceCollected>
        </dependency>
        <dependency>
            <fileName>jdom.jar</fileName>
            <filePath>/home/bcraig/Documents/Thesis/Analysis/reports/freemind/3rdParty/jdom.jar</filePath>
            <md5>12EB2C02056698B5FE7AD057F6808032</md5>
            <sha1>FFA0069CB5D827BDAF491FD53CDF0C747622F65F</sha1>
            <evidenceCollected>
                <evidence>
                    <source>file</source>
                    <name>name</name>
                    <value>jdom</value>
                </evidence>
                <evidence>
                    <source>jar</source>
                    <name>package</name>
                    <value>jdom</value>
                </evidence>
            </evidenceCollected>
        </dependency>
        <dependency>
            <fileName>scripting_plugin.jar</fileName>
            <filePath>/home/bcraig/Documents/Thesis/Analysis/reports/freemind/3rdParty/scripting_plugin.jar</filePath>
            <md5>3A0C133DECA5A47AFA80B5BC7FDBDDD3</md5>
            <sha1>BF8AC3579F25848C470B35B4F54D94EC77AB74DE</sha1>
            <evidenceCollected>
                <evidence>
                    <source>file</source>
                    <name>name</name>
                    <value>scripting_plugin</value>
                </evidence>
                <evidence>
                    <source>jar</source>
                    <name>package</name>
                    <value>plugins</value>
                </evidence>
                <evidence>
                    <source>jar</source>
                    <name>package</name>
                    <value>script</value>
                </evidence>
            </evidenceCollected>
        </dependency>
        <dependency>
            <fileName>forms-1.0.5.jar</fileName>
            <filePath>/home/bcraig/Documents/Thesis/Analysis/reports/freemind/3rdParty/forms-1.0.5.jar</filePath>
            <md5>58C0058B95C19E2B5EB4380B5278A99C</md5>
            <sha1>C08E06C22A1828B6F401ADADD0431FB8DF7D797C</sha1>
            <evidenceCollected>
                <evidence>
                    <source>file</source>
                    <name>name</name>
                    <value>forms-1.0.5</value>
                </evidence>
                <evidence>
                    <source>jar</source>
                    <name>package</name>
                    <value>forms</value>
                </evidence>
                <evidence>
                    <source>jar</source>
                    <name>package</name>
                    <value>jgoodies</value>
                </evidence>
            </evidenceCollected>
        </dependency>
        <dependency>
            <fileName>jaxme-js-0.3.jar</fileName>
            <filePath>/home/bcraig/Documents/Thesis/Analysis/reports/freemind/3rdParty/jaxme-js-0.3.jar</filePath>
            <md5>E30E516BD862FA7A2A5BC95888D85540</md5>
            <sha1>A5B487F26A3007981E612186386EBC4D2DFA796F</sha1>
            <evidenceCollected>
                <evidence>
                    <source>file</source>
                    <name>name</name>
                    <value>jaxme-js-0.3</value>
                </evidence>
                <evidence>
                    <source>jar</source>
                    <name>package</name>
                    <value>apache</value>
                </evidence>
                <evidence>
                    <source>jar</source>
                    <name>package</name>
                    <value>jaxme</value>
                </evidence>
                <evidence>
                    <source>jar</source>
                    <name>package</name>
                    <value>sqls</value>
                </evidence>
                <evidence>
                    <source>jar</source>
                    <name>package</name>
                    <value>ws</value>
                </evidence>
            </evidenceCollected>
        </dependency>
        <dependency>
            <fileName>batik-gui-util.jar</fileName>
            <filePath>/home/bcraig/Documents/Thesis/Analysis/reports/freemind/3rdParty/batik-gui-util.jar</filePath>
            <md5>AE269162B7BA35074694EEEF6455C5D5</md5>
            <sha1>4891720F542BAC354D72F259EC930CAB7329D1F8</sha1>
            <evidenceCollected>
                <evidence>
                    <source>file</source>
                    <name>name</name>
                    <value>batik-gui-util</value>
                </evidence>
                <evidence>
                    <source>jar</source>
                    <name>package</name>
                    <value>apache</value>
                </evidence>
                <evidence>
                    <source>jar</source>
                    <name>package</name>
                    <value>batik</value>
                </evidence>
                <evidence>
                    <source>jar</source>
                    <name>package</name>
                    <value>gui</value>
                </evidence>
                <evidence>
                    <source>jar</source>
                    <name>package</name>
                    <value>util</value>
                </evidence>
            </evidenceCollected>
        </dependency>
        <dependency>
            <fileName>jarbundler-2.0.0.jar</fileName>
            <filePath>/home/bcraig/Documents/Thesis/Analysis/reports/freemind/3rdParty/jarbundler-2.0.0.jar</filePath>
            <md5>D9E151C949DB2780F3D6AB80C208F5DF</md5>
            <sha1>183863AF459DC9DAD2BF88E495AC3480AB1BE3EC</sha1>
            <description>ANT task for creating Mac OS X application bundles</description>
            <evidenceCollected>
                <evidence>
                    <source>file</source>
                    <name>name</name>
                    <value>2.0.0</value>
                </evidence>
                <evidence>
                    <source>file</source>
                    <name>name</name>
                    <value>jarbundler-2.0.0</value>
                </evidence>
                <evidence>
                    <source>file</source>
                    <name>name</name>
                    <value>jarbundler-2.0.0</value>
                </evidence>
                <evidence>
                    <source>hint analyzer</source>
                    <name>product</name>
                    <value>springsource_spring_framework</value>
                </evidence>
                <evidence>
                    <source>hint analyzer</source>
                    <name>vendor</name>
                    <value>SpringSource</value>
                </evidence>
                <evidence>
                    <source>hint analyzer</source>
                    <name>vendor</name>
                    <value>vmware</value>
                </evidence>
                <evidence>
                    <source>jar</source>
                    <name>package</name>
                    <value>jarbundler</value>
                </evidence>
                <evidence>
                    <source>jar</source>
                    <name>package</name>
                    <value>net</value>
                </evidence>
                <evidence>
                    <source>jar</source>
                    <name>package</name>
                    <value>sourceforge</value>
                </evidence>
                <evidence>
                    <source>manifest</source>
                    <name>description</name>
                    <value>ANT task for creating Mac OS X application bundles</value>
                </evidence>
            </evidenceCollected>
            <identifiers>
                <identifier type="cpe">
                    <name>(cpe:/a:springsource:spring_framework:2.0)</name>
                    <url>http://web.nvd.nist.gov/view/vuln/search?cpe=cpe%3A%2Fa%3Aspringsource%3Aspring_framework%3A2.0</url>
                </identifier>
                <identifier type="cpe">
                    <name>(cpe:/a:vmware:springsource_spring_framework:2.0.0)</name>
                </identifier>
            </identifiers>
            <vulnerabilities>
                <vulnerability>
                    <name>CVE-2013-7315</name>
                    <cvssScore>6.8</cvssScore>
                    <severity>Medium</severity>
                    <cwe>CWE-264 Permissions, Privileges, and Access Controls</cwe>
                    <description>The Spring MVC in Spring Framework before 3.2.4 and 4.0.0.M1 through 4.0.0.M2 does not disable external entity resolution for the StAX XMLInputFactory, which allows context-dependent attackers to read arbitrary files, cause a denial of service, and conduct CSRF attacks via crafted XML with JAXB, aka an XML External Entity (XXE) issue, and a different vulnerability than CVE-2013-4152.  NOTE: this issue was SPLIT from CVE-2013-4152 due to different affected versions.</description>
                    <references>
                        <reference>
                            <source>BUGTRAQ</source>
                            <url>http://seclists.org/bugtraq/2013/Aug/154</url>
                            <name>20130822 CVE-2013-4152 XML External Entity (XXE) injection in Spring Framework</name>
                        </reference>
                        <reference>
                            <source>CONFIRM</source>
                            <url>http://www.gopivotal.com/security/cve-2013-4152</url>
                            <name>http://www.gopivotal.com/security/cve-2013-4152</name>
                        </reference>
                        <reference>
                            <source>CONFIRM</source>
                            <url>https://jira.springsource.org/browse/SPR-10806</url>
                            <name>https://jira.springsource.org/browse/SPR-10806</name>
                        </reference>
                        <reference>
                            <source>DEBIAN</source>
                            <url>http://www.debian.org/security/2014/dsa-2842</url>
                            <name>DSA-2842</name>
                        </reference>
                        <reference>
                            <source>FULLDISC</source>
                            <url>http://seclists.org/fulldisclosure/2013/Nov/14</url>
                            <name>20131102 XXE Injection in Spring Framework</name>
                        </reference>
                    </references>
                    <vulnerableSoftware>
                        <software>cpe:/a:springsource:spring_framework:3.0.0</software>
                        <software>cpe:/a:springsource:spring_framework:3.0.0:m1</software>
                        <software>cpe:/a:springsource:spring_framework:3.0.0:m2</software>
                        <software>cpe:/a:springsource:spring_framework:3.0.0:m3</software>
                        <software>cpe:/a:springsource:spring_framework:3.0.0:m4</software>
                        <software>cpe:/a:springsource:spring_framework:3.0.0:rc1</software>
                        <software>cpe:/a:springsource:spring_framework:3.0.0:rc2</software>
                        <software>cpe:/a:springsource:spring_framework:3.0.0:rc3</software>
                        <software>cpe:/a:springsource:spring_framework:3.0.0.m1</software>
                        <software>cpe:/a:springsource:spring_framework:3.0.0.m2</software>
                        <software>cpe:/a:springsource:spring_framework:3.0.1</software>
                        <software>cpe:/a:springsource:spring_framework:3.0.2</software>
                        <software>cpe:/a:springsource:spring_framework:3.0.3</software>
                        <software>cpe:/a:springsource:spring_framework:3.0.4</software>
                        <software>cpe:/a:springsource:spring_framework:3.0.5</software>
                        <software>cpe:/a:springsource:spring_framework:3.0.6</software>
                        <software>cpe:/a:springsource:spring_framework:3.0.7</software>
                        <software>cpe:/a:springsource:spring_framework:3.1.0</software>
                        <software>cpe:/a:springsource:spring_framework:3.1.1</software>
                        <software>cpe:/a:springsource:spring_framework:3.1.2</software>
                        <software>cpe:/a:springsource:spring_framework:3.1.3</software>
                        <software>cpe:/a:springsource:spring_framework:3.1.4</software>
                        <software>cpe:/a:springsource:spring_framework:3.2.0</software>
                        <software>cpe:/a:springsource:spring_framework:3.2.1</software>
                        <software>cpe:/a:springsource:spring_framework:3.2.2</software>
                        <software allPreviousVersion="true">cpe:/a:springsource:spring_framework:3.2.3</software>
                        <software>cpe:/a:springsource:spring_framework:4.0.0:m1</software>
                        <software>cpe:/a:springsource:spring_framework:4.0.0:m2</software>
                    </vulnerableSoftware>
                </vulnerability>
                <vulnerability>
                    <name>CVE-2013-6429</name>
                    <cvssScore>6.8</cvssScore>
                    <severity>Medium</severity>
                    <cwe>CWE-352</cwe>
                    <description>The SourceHttpMessageConverter in Spring MVC in Spring Framework before 3.2.5 and 4.0.0.M1 through 4.0.0.RC1 does not disable external entity resolution, which allows remote attackers to read arbitrary files, cause a denial of service, and conduct CSRF attacks via crafted XML, aka an XML External Entity (XXE) issue, and a different vulnerability than CVE-2013-4152 and CVE-2013-7315.</description>
                    <references>
                        <reference>
                            <source>BUGTRAQ</source>
                            <url>http://www.securityfocus.com/archive/1/archive/1/530770/100/0/threaded</url>
                            <name>20140114 CVE-2013-6429 Fix for XML External Entity (XXE) injection (CVE-2013-4152) in Spring Framework was incomplete</name>
                        </reference>
                        <reference>
                            <source>CONFIRM</source>
                            <url>http://www.gopivotal.com/security/cve-2013-6429</url>
                            <name>http://www.gopivotal.com/security/cve-2013-6429</name>
                        </reference>
                        <reference>
                            <source>CONFIRM</source>
                            <url>https://jira.springsource.org/browse/SPR-11078?page=com.atlassian.jira.plugin.system.issuetabpanels:worklog-tabpanel</url>
                            <name>https://jira.springsource.org/browse/SPR-11078?page=com.atlassian.jira.plugin.system.issuetabpanels:worklog-tabpanel</name>
                        </reference>
                    </references>
                    <vulnerableSoftware>
                        <software>cpe:/a:springsource:spring_framework:1.1.0</software>
                        <software>cpe:/a:springsource:spring_framework:2.0</software>
                        <software>cpe:/a:springsource:spring_framework:2.0:m1</software>
                        <software>cpe:/a:springsource:spring_framework:2.0:m2</software>
                        <software>cpe:/a:springsource:spring_framework:2.0:m3</software>
                        <software>cpe:/a:springsource:spring_framework:2.0:m4</software>
                        <software>cpe:/a:springsource:spring_framework:2.0:m5</software>
                        <software>cpe:/a:springsource:spring_framework:2.0:rc1</software>
                        <software>cpe:/a:springsource:spring_framework:2.0:rc2</software>
                        <software>cpe:/a:springsource:spring_framework:2.0:rc3</software>
                        <software>cpe:/a:springsource:spring_framework:2.0:rc4</software>
                        <software>cpe:/a:springsource:spring_framework:2.0.1</software>
                        <software>cpe:/a:springsource:spring_framework:2.0.2</software>
                        <software>cpe:/a:springsource:spring_framework:2.0.3</software>
                        <software>cpe:/a:springsource:spring_framework:2.0.4</software>
                        <software>cpe:/a:springsource:spring_framework:2.0.5</software>
                        <software>cpe:/a:springsource:spring_framework:2.1:m1</software>
                        <software>cpe:/a:springsource:spring_framework:2.1:m2</software>
                        <software>cpe:/a:springsource:spring_framework:2.1:m3</software>
                        <software>cpe:/a:springsource:spring_framework:2.1:m4</software>
                        <software>cpe:/a:springsource:spring_framework:2.5.0</software>
                        <software>cpe:/a:springsource:spring_framework:2.5.0:rc1</software>
                        <software>cpe:/a:springsource:spring_framework:2.5.0:rc2</software>
                        <software>cpe:/a:springsource:spring_framework:2.5.1</software>
                        <software>cpe:/a:springsource:spring_framework:2.5.2</software>
                        <software>cpe:/a:springsource:spring_framework:2.5.3</software>
                        <software>cpe:/a:springsource:spring_framework:2.5.4</software>
                        <software>cpe:/a:springsource:spring_framework:2.5.5</software>
                        <software>cpe:/a:springsource:spring_framework:2.5.6</software>
                        <software>cpe:/a:springsource:spring_framework:2.5.7</software>
                        <software>cpe:/a:springsource:spring_framework:2.5.7_sr01</software>
                        <software>cpe:/a:springsource:spring_framework:3.0.0</software>
                        <software>cpe:/a:springsource:spring_framework:3.0.0:m1</software>
                        <software>cpe:/a:springsource:spring_framework:3.0.0:m2</software>
                        <software>cpe:/a:springsource:spring_framework:3.0.0:m3</software>
                        <software>cpe:/a:springsource:spring_framework:3.0.0:m4</software>
                        <software>cpe:/a:springsource:spring_framework:3.0.0:rc1</software>
                        <software>cpe:/a:springsource:spring_framework:3.0.0:rc2</software>
                        <software>cpe:/a:springsource:spring_framework:3.0.0:rc3</software>
                        <software>cpe:/a:springsource:spring_framework:3.0.0.m1</software>
                        <software>cpe:/a:springsource:spring_framework:3.0.0.m2</software>
                        <software>cpe:/a:springsource:spring_framework:3.0.1</software>
                        <software>cpe:/a:springsource:spring_framework:3.0.2</software>
                        <software>cpe:/a:springsource:spring_framework:3.0.3</software>
                        <software>cpe:/a:springsource:spring_framework:3.0.4</software>
                        <software>cpe:/a:springsource:spring_framework:3.0.5</software>
                        <software>cpe:/a:springsource:spring_framework:3.0.6</software>
                        <software>cpe:/a:springsource:spring_framework:3.0.7</software>
                        <software>cpe:/a:springsource:spring_framework:3.1.0</software>
                        <software>cpe:/a:springsource:spring_framework:3.1.1</software>
                        <software>cpe:/a:springsource:spring_framework:3.1.2</software>
                        <software>cpe:/a:springsource:spring_framework:3.1.3</software>
                        <software>cpe:/a:springsource:spring_framework:3.1.4</software>
                        <software>cpe:/a:springsource:spring_framework:3.2.0</software>
                        <software>cpe:/a:springsource:spring_framework:3.2.1</software>
                        <software>cpe:/a:springsource:spring_framework:3.2.2</software>
                        <software>cpe:/a:springsource:spring_framework:3.2.3</software>
                        <software allPreviousVersion="true">cpe:/a:springsource:spring_framework:3.2.4</software>
                        <software>cpe:/a:springsource:spring_framework:4.0.0:m1</software>
                        <software>cpe:/a:springsource:spring_framework:4.0.0:m2</software>
                        <software>cpe:/a:springsource:spring_framework:4.0.0:rc1</software>
                    </vulnerableSoftware>
                </vulnerability>
                <vulnerability>
                    <name>CVE-2013-4152</name>
                    <cvssScore>6.8</cvssScore>
                    <severity>Medium</severity>
                    <cwe>CWE-264 Permissions, Privileges, and Access Controls</cwe>
                    <description>The Spring OXM wrapper in Spring Framework before 3.2.4 and 4.0.0.M1, when using the JAXB marshaller, does not disable entity resolution, which allows context-dependent attackers to read arbitrary files, cause a denial of service, and conduct CSRF attacks via an XML external entity declaration in conjunction with an entity reference in a (1) DOMSource, (2) StAXSource, (3) SAXSource, or (4) StreamSource, aka an XML External Entity (XXE) issue.</description>
                    <references>
                        <reference>
                            <source>BUGTRAQ</source>
                            <url>http://seclists.org/bugtraq/2013/Aug/154</url>
                            <name>20130822 CVE-2013-4152 XML External Entity (XXE) injection in Spring Framework</name>
                        </reference>
                        <reference>
                            <source>CONFIRM</source>
                            <url>http://www.gopivotal.com/security/cve-2013-4152</url>
                            <name>http://www.gopivotal.com/security/cve-2013-4152</name>
                        </reference>
                        <reference>
                            <source>CONFIRM</source>
                            <url>https://github.com/spring-projects/spring-framework/pull/317/files</url>
                            <name>https://github.com/spring-projects/spring-framework/pull/317/files</name>
                        </reference>
                        <reference>
                            <source>CONFIRM</source>
                            <url>https://jira.springsource.org/browse/SPR-10806</url>
                            <name>https://jira.springsource.org/browse/SPR-10806</name>
                        </reference>
                        <reference>
                            <source>DEBIAN</source>
                            <url>http://www.debian.org/security/2014/dsa-2842</url>
                            <name>DSA-2842</name>
                        </reference>
                        <reference>
                            <source>FULLDISC</source>
                            <url>http://seclists.org/fulldisclosure/2013/Nov/14</url>
                            <name>20131102 XXE Injection in Spring Framework</name>
                        </reference>
                        <reference>
                            <source>SECUNIA</source>
                            <url>http://secunia.com/advisories/56247</url>
                            <name>56247</name>
                        </reference>
                    </references>
                    <vulnerableSoftware>
                        <software>cpe:/a:springsource:spring_framework:3.0.0</software>
                        <software>cpe:/a:springsource:spring_framework:3.0.0:m1</software>
                        <software>cpe:/a:springsource:spring_framework:3.0.0:m2</software>
                        <software>cpe:/a:springsource:spring_framework:3.0.0:m3</software>
                        <software>cpe:/a:springsource:spring_framework:3.0.0:m4</software>
                        <software>cpe:/a:springsource:spring_framework:3.0.0:rc1</software>
                        <software>cpe:/a:springsource:spring_framework:3.0.0:rc2</software>
                        <software>cpe:/a:springsource:spring_framework:3.0.0:rc3</software>
                        <software>cpe:/a:springsource:spring_framework:3.0.0.m1</software>
                        <software>cpe:/a:springsource:spring_framework:3.0.0.m2</software>
                        <software>cpe:/a:springsource:spring_framework:3.0.1</software>
                        <software>cpe:/a:springsource:spring_framework:3.0.2</software>
                        <software>cpe:/a:springsource:spring_framework:3.0.3</software>
                        <software>cpe:/a:springsource:spring_framework:3.0.4</software>
                        <software>cpe:/a:springsource:spring_framework:3.0.5</software>
                        <software>cpe:/a:springsource:spring_framework:3.0.6</software>
                        <software>cpe:/a:springsource:spring_framework:3.0.7</software>
                        <software>cpe:/a:springsource:spring_framework:3.1.0</software>
                        <software>cpe:/a:springsource:spring_framework:3.1.1</software>
                        <software>cpe:/a:springsource:spring_framework:3.1.2</software>
                        <software>cpe:/a:springsource:spring_framework:3.1.3</software>
                        <software>cpe:/a:springsource:spring_framework:3.1.4</software>
                        <software>cpe:/a:springsource:spring_framework:3.2.0</software>
                        <software>cpe:/a:springsource:spring_framework:3.2.1</software>
                        <software>cpe:/a:springsource:spring_framework:3.2.2</software>
                        <software allPreviousVersion="true">cpe:/a:springsource:spring_framework:3.2.3</software>
                        <software>cpe:/a:springsource:spring_framework:4.0.0:m1</software>
                    </vulnerableSoftware>
                </vulnerability>
                <vulnerability>
                    <name>CVE-2011-2730</name>
                    <cvssScore>7.5</cvssScore>
                    <severity>High</severity>
                    <cwe>CWE-16 Configuration</cwe>
                    <description>VMware SpringSource Spring Framework before 2.5.6.SEC03, 2.5.7.SR023, and 3.x before 3.0.6, when a container supports Expression Language (EL), evaluates EL expressions in tags twice, which allows remote attackers to obtain sensitive information via a (1) name attribute in a (a) spring:hasBindErrors tag; (2) path attribute in a (b) spring:bind or (c) spring:nestedpath tag; (3) arguments, (4) code, (5) text, (6) var, (7) scope, or (8) message attribute in a (d) spring:message or (e) spring:theme tag; or (9) var, (10) scope, or (11) value attribute in a (f) spring:transform tag, aka &quot;Expression Language Injection.&quot;</description>
                    <references>
                        <reference>
                            <source>CONFIRM</source>
                            <url>http://support.springsource.com/security/cve-2011-2730</url>
                            <name>http://support.springsource.com/security/cve-2011-2730</name>
                        </reference>
                        <reference>
                            <source>DEBIAN</source>
                            <url>http://www.debian.org/security/2012/dsa-2504</url>
                            <name>DSA-2504</name>
                        </reference>
                        <reference>
                            <source>MISC</source>
                            <url>http://bugs.debian.org/cgi-bin/bugreport.cgi?bug=677814</url>
                            <name>http://bugs.debian.org/cgi-bin/bugreport.cgi?bug=677814</name>
                        </reference>
                        <reference>
                            <source>MISC</source>
                            <url>https://docs.google.com/document/d/1dc1xxO8UMFaGLOwgkykYdghGWm_2Gn0iCrxFsympqcE/edit</url>
                            <name>https://docs.google.com/document/d/1dc1xxO8UMFaGLOwgkykYdghGWm_2Gn0iCrxFsympqcE/edit</name>
                        </reference>
                        <reference>
                            <source>REDHAT</source>
                            <url>http://rhn.redhat.com/errata/RHSA-2013-0191.html</url>
                            <name>RHSA-2013:0191</name>
                        </reference>
                        <reference>
                            <source>REDHAT</source>
                            <url>http://rhn.redhat.com/errata/RHSA-2013-0192.html</url>
                            <name>RHSA-2013:0192</name>
                        </reference>
                        <reference>
                            <source>REDHAT</source>
                            <url>http://rhn.redhat.com/errata/RHSA-2013-0193.html</url>
                            <name>RHSA-2013:0193</name>
                        </reference>
                        <reference>
                            <source>REDHAT</source>
                            <url>http://rhn.redhat.com/errata/RHSA-2013-0194.html</url>
                            <name>RHSA-2013:0194</name>
                        </reference>
                        <reference>
                            <source>REDHAT</source>
                            <url>http://rhn.redhat.com/errata/RHSA-2013-0195.html</url>
                            <name>RHSA-2013:0195</name>
                        </reference>
                        <reference>
                            <source>REDHAT</source>
                            <url>http://rhn.redhat.com/errata/RHSA-2013-0196.html</url>
                            <name>RHSA-2013:0196</name>
                        </reference>
                        <reference>
                            <source>REDHAT</source>
                            <url>http://rhn.redhat.com/errata/RHSA-2013-0197.html</url>
                            <name>RHSA-2013:0197</name>
                        </reference>
                        <reference>
                            <source>REDHAT</source>
                            <url>http://rhn.redhat.com/errata/RHSA-2013-0198.html</url>
                            <name>RHSA-2013:0198</name>
                        </reference>
                        <reference>
                            <source>REDHAT</source>
                            <url>http://rhn.redhat.com/errata/RHSA-2013-0221.html</url>
                            <name>RHSA-2013:0221</name>
                        </reference>
                        <reference>
                            <source>SECTRACK</source>
                            <url>http://www.securitytracker.com/id/1029151</url>
                            <name>1029151</name>
                        </reference>
                        <reference>
                            <source>SECUNIA</source>
                            <url>http://secunia.com/advisories/51984</url>
                            <name>51984</name>
                        </reference>
                        <reference>
                            <source>SECUNIA</source>
                            <url>http://secunia.com/advisories/52054</url>
                            <name>52054</name>
                        </reference>
                        <reference>
                            <source>SECUNIA</source>
                            <url>http://secunia.com/advisories/55155</url>
                            <name>55155</name>
                        </reference>
                    </references>
                    <vulnerableSoftware>
                        <software>cpe:/a:springsource:spring_framework:2.5.0</software>
                        <software>cpe:/a:springsource:spring_framework:2.5.0:rc1</software>
                        <software>cpe:/a:springsource:spring_framework:2.5.0:rc2</software>
                        <software>cpe:/a:springsource:spring_framework:2.5.1</software>
                        <software>cpe:/a:springsource:spring_framework:2.5.2</software>
                        <software>cpe:/a:springsource:spring_framework:2.5.3</software>
                        <software>cpe:/a:springsource:spring_framework:2.5.4</software>
                        <software>cpe:/a:springsource:spring_framework:2.5.5</software>
                        <software>cpe:/a:springsource:spring_framework:2.5.6</software>
                        <software>cpe:/a:springsource:spring_framework:2.5.7</software>
                        <software allPreviousVersion="true">cpe:/a:springsource:spring_framework:2.5.7_sr01</software>
                        <software>cpe:/a:springsource:spring_framework:3.0.0</software>
                        <software>cpe:/a:springsource:spring_framework:3.0.1</software>
                        <software>cpe:/a:springsource:spring_framework:3.0.2</software>
                        <software>cpe:/a:springsource:spring_framework:3.0.3</software>
                        <software>cpe:/a:springsource:spring_framework:3.0.4</software>
                        <software allPreviousVersion="true">cpe:/a:springsource:spring_framework:3.0.5</software>
                    </vulnerableSoftware>
                </vulnerability>
            </vulnerabilities>
        </dependency>
        <dependency>
            <fileName>batik-parser.jar</fileName>
            <filePath>/home/bcraig/Documents/Thesis/Analysis/reports/freemind/3rdParty/batik-parser.jar</filePath>
            <md5>9612417274674BEA599C5529520CCC61</md5>
            <sha1>C1C2441C96F28F95F920173F13B547E0FD745810</sha1>
            <evidenceCollected>
                <evidence>
                    <source>file</source>
                    <name>name</name>
                    <value>batik-parser</value>
                </evidence>
                <evidence>
                    <source>jar</source>
                    <name>package</name>
                    <value>apache</value>
                </evidence>
                <evidence>
                    <source>jar</source>
                    <name>package</name>
                    <value>batik</value>
                </evidence>
                <evidence>
                    <source>jar</source>
                    <name>package</name>
                    <value>parser</value>
                </evidence>
            </evidenceCollected>
        </dependency>
        <dependency>
            <fileName>bindings.jar</fileName>
            <filePath>/home/bcraig/Documents/Thesis/Analysis/reports/freemind/3rdParty/bindings.jar</filePath>
            <md5>A17F5689E030150A919B3674612905EB</md5>
            <sha1>DE9DE025041D5B6FD5584AE005D9C5C99AA76AFD</sha1>
            <evidenceCollected>
                <evidence>
                    <source>file</source>
                    <name>name</name>
                    <value>bindings</value>
                </evidence>
                <evidence>
                    <source>jar</source>
                    <name>package</name>
                    <value>actions</value>
                </evidence>
                <evidence>
                    <source>jar</source>
                    <name>package</name>
                    <value>controller</value>
                </evidence>
                <evidence>
                    <source>jar</source>
                    <name>package</name>
                    <value>freemind</value>
                </evidence>
                <evidence>
                    <source>jar</source>
                    <name>package</name>
                    <value>generated</value>
                </evidence>
            </evidenceCollected>
        </dependency>
        <dependency>
            <fileName>groovy-all-1.5.6.jar</fileName>
            <filePath>/home/bcraig/Documents/Thesis/Analysis/reports/freemind/3rdParty/groovy-all-1.5.6.jar</filePath>
            <md5>54C04CC48B8DE57E58C7A39F4B707432</md5>
            <sha1>E531976D4CEEFFA4BD8B8DA77D014C49E0761BDC</sha1>
            <evidenceCollected>
                <evidence>
                    <source>file</source>
                    <name>name</name>
                    <value>groovy-all-1.5.6</value>
                </evidence>
                <evidence>
                    <source>jar</source>
                    <name>package</name>
                    <value>groovy</value>
                </evidence>
                <evidence>
                    <source>jar</source>
                    <name>package name</name>
                    <value>ant</value>
                </evidence>
                <evidence>
                    <source>jar</source>
                    <name>package name</name>
                    <value>codehaus</value>
                </evidence>
                <evidence>
                    <source>jar</source>
                    <name>package name</name>
                    <value>groovy</value>
                </evidence>
                <evidence>
                    <source>jar</source>
                    <name>package name</name>
                    <value>io</value>
                </evidence>
                <evidence>
                    <source>jar</source>
                    <name>package name</name>
                    <value>lang</value>
                </evidence>
                <evidence>
                    <source>jar</source>
                    <name>package name</name>
                    <value>option</value>
                </evidence>
                <evidence>
                    <source>jar</source>
                    <name>package name</name>
                    <value>runtime</value>
                </evidence>
                <evidence>
                    <source>jar</source>
                    <name>package name</name>
                    <value>time</value>
                </evidence>
                <evidence>
                    <source>Manifest</source>
                    <name>Bundle-Name</name>
                    <value>Groovy Runtime</value>
                </evidence>
                <evidence>
                    <source>Manifest</source>
                    <name>bundle-requiredexecutionenvironment</name>
                    <value>J2SE-1.4</value>
                </evidence>
                <evidence>
                    <source>Manifest</source>
                    <name>bundle-symbolicname</name>
                    <value>org.codehaus.groovy</value>
                </evidence>
                <evidence>
                    <source>Manifest</source>
                    <name>Bundle-Vendor</name>
                    <value>The Codehaus</value>
                </evidence>
                <evidence>
                    <source>Manifest</source>
                    <name>extension-name</name>
                    <value>groovy</value>
                </evidence>
                <evidence>
                    <source>Manifest</source>
                    <name>Implementation-Title</name>
                    <value>Groovy: a powerful, dynamic language for the JVM</value>
                </evidence>
                <evidence>
                    <source>Manifest</source>
                    <name>Implementation-Vendor</name>
                    <value>The Codehaus</value>
                </evidence>
                <evidence>
                    <source>Manifest</source>
                    <name>require-bundle</name>
                    <value>org.apache.ant;resolution:=optional, org.junit;resolution:=optional</value>
                </evidence>
                <evidence>
                    <source>Manifest</source>
                    <name>specification-title</name>
                    <value>Groovy: a powerful, dynamic language for the JVM</value>
                </evidence>
                <evidence>
                    <source>Manifest</source>
                    <name>specification-vendor</name>
                    <value>The Codehaus</value>
                </evidence>
            </evidenceCollected>
        </dependency>
        <dependency>
            <fileName>pdf-transcoder.jar</fileName>
            <filePath>/home/bcraig/Documents/Thesis/Analysis/reports/freemind/3rdParty/pdf-transcoder.jar</filePath>
            <md5>EF73E289D24A3D2796DAA11093012010</md5>
            <sha1>BBBB7DE461F2A8FC84FCBBE4AAB49B8183B0BAD9</sha1>
            <evidenceCollected>
                <evidence>
                    <source>file</source>
                    <name>name</name>
                    <value>pdf-transcoder</value>
                </evidence>
                <evidence>
                    <source>jar</source>
                    <name>package</name>
                    <value>apache</value>
                </evidence>
                <evidence>
                    <source>jar</source>
                    <name>package</name>
                    <value>fop</value>
                </evidence>
                <evidence>
                    <source>jar</source>
                    <name>package name</name>
                    <value>apache</value>
                </evidence>
                <evidence>
                    <source>jar</source>
                    <name>package name</name>
                    <value>fo</value>
                </evidence>
                <evidence>
                    <source>jar</source>
                    <name>package name</name>
                    <value>fop</value>
                </evidence>
                <evidence>
                    <source>jar</source>
                    <name>package name</name>
                    <value>io</value>
                </evidence>
                <evidence>
                    <source>Manifest</source>
                    <name>build-id</name>
                    <value>20050330-201230-EST (l449433 [Windows XP 5.1 x86, Java 1.4.2_03-b02])</value>
                </evidence>
                <evidence>
                    <source>Manifest</source>
                    <name>Implementation-Title</name>
                    <value>FOP Transcoder Package</value>
                </evidence>
                <evidence>
                    <source>Manifest</source>
                    <name>Implementation-Vendor</name>
                    <value>The Apache Software Foundation (http://xml.apache.org/fop/)</value>
                </evidence>
            </evidenceCollected>
        </dependency>
        <dependency>
            <fileName>jhall.jar</fileName>
            <filePath>/home/bcraig/Documents/Thesis/Analysis/reports/freemind/3rdParty/jhall.jar</filePath>
            <md5>76D5520B24416397A035147B470EFA6C</md5>
            <sha1>AC1FFF48F485132CBCAA644E7C1B326EAA574BDC</sha1>
            <evidenceCollected>
                <evidence>
                    <source>file</source>
                    <name>name</name>
                    <value>jhall</value>
                </evidence>
                <evidence>
                    <source>jar</source>
                    <name>package</name>
                    <value>help</value>
                </evidence>
                <evidence>
                    <source>jar</source>
                    <name>package</name>
                    <value>javax</value>
                </evidence>
                <evidence>
                    <source>jar</source>
                    <name>package name</name>
                    <value>help</value>
                </evidence>
                <evidence>
                    <source>jar</source>
                    <name>package name</name>
                    <value>java</value>
                </evidence>
                <evidence>
                    <source>jar</source>
                    <name>package name</name>
                    <value>javax</value>
                </evidence>
                <evidence>
                    <source>jar</source>
                    <name>package name</name>
                    <value>sun</value>
                </evidence>
                <evidence>
                    <source>jar (hint)</source>
                    <name>package name</name>
                    <value>oracle</value>
                </evidence>
                <evidence>
                    <source>Manifest</source>
                    <name>extension-name</name>
                    <value>javax.help</value>
                </evidence>
                <evidence>
                    <source>Manifest</source>
                    <name>Implementation-Vendor</name>
                    <value>Sun Microsystems, Inc</value>
                </evidence>
                <evidence>
                    <source>Manifest</source>
                    <name>Implementation-Vendor-Id</name>
                    <value>com.sun</value>
                </evidence>
                <evidence>
                    <source>Manifest</source>
                    <name>Implementation-Version</name>
                    <value>2.0_01</value>
                </evidence>
                <evidence>
                    <source>Manifest</source>
                    <name>specification-vendor</name>
                    <value>Sun Microsystems, Inc</value>
                </evidence>
                <evidence>
                    <source>Manifest</source>
                    <name>specification-version</name>
                    <value>2.0</value>
                </evidence>
            </evidenceCollected>
        </dependency>
        <dependency>
            <fileName>bcel.jar</fileName>
            <filePath>/home/bcraig/Documents/Thesis/Analysis/reports/freemind/3rdParty/bcel.jar</filePath>
            <md5>6D88572CC4F0450614CD52333218F9AE</md5>
            <sha1>A3288784CACD97A429C0CF177C84225523790F87</sha1>
            <evidenceCollected>
                <evidence>
                    <source>file</source>
                    <name>name</name>
                    <value>bcel</value>
                </evidence>
                <evidence>
                    <source>jar</source>
                    <name>package</name>
                    <value>apache</value>
                </evidence>
                <evidence>
                    <source>jar</source>
                    <name>package</name>
                    <value>bcel</value>
                </evidence>
                <evidence>
                    <source>jar</source>
                    <name>package</name>
                    <value>generic</value>
                </evidence>
            </evidenceCollected>
        </dependency>
        <dependency>
            <fileName>xml-apis.jar</fileName>
            <filePath>/home/bcraig/Documents/Thesis/Analysis/reports/freemind/3rdParty/xml-apis.jar</filePath>
            <md5>B3BC8F84EA88616FA921952E796D9F37</md5>
            <sha1>6256292C0ECE4119063388C07FFBC2BCA04B6806</sha1>
            <evidenceCollected>
                <evidence>
                    <source>file</source>
                    <name>name</name>
                    <value>xml-apis</value>
                </evidence>
                <evidence>
                    <source>jar</source>
                    <name>package</name>
                    <value>dom</value>
                </evidence>
                <evidence>
                    <source>jar</source>
                    <name>package</name>
                    <value>w3c</value>
                </evidence>
            </evidenceCollected>
        </dependency>
        <dependency>
            <fileName>hsqldb.jar</fileName>
            <filePath>/home/bcraig/Documents/Thesis/Analysis/reports/freemind/3rdParty/hsqldb.jar</filePath>
            <md5>7DF83E09E41D742CC5FB20D16B80729C</md5>
            <sha1>7E9978FDB754BCE5FCD5161133E7734ECB683036</sha1>
            <evidenceCollected>
                <evidence>
                    <source>file</source>
                    <name>name</name>
                    <value>hsqldb</value>
                </evidence>
                <evidence>
                    <source>jar</source>
                    <name>package</name>
                    <value>hsqldb</value>
                </evidence>
                <evidence>
                    <source>jar</source>
                    <name>package name</name>
                    <value>hsqldb</value>
                </evidence>
                <evidence>
                    <source>Manifest</source>
                    <name>Implementation-Title</name>
                    <value>Standard runtime</value>
                </evidence>
                <evidence>
                    <source>Manifest</source>
                    <name>Implementation-Vendor</name>
                    <value>ft</value>
                </evidence>
                <evidence>
                    <source>Manifest</source>
                    <name>specification-title</name>
                    <value>HSQLDB</value>
                </evidence>
                <evidence>
                    <source>Manifest</source>
                    <name>specification-vendor</name>
                    <value>The HSQLDB Development Group</value>
                </evidence>
            </evidenceCollected>
        </dependency>
        <dependency>
            <fileName>batik-swing.jar</fileName>
            <filePath>/home/bcraig/Documents/Thesis/Analysis/reports/freemind/3rdParty/batik-swing.jar</filePath>
            <md5>0C3ABBED02D7085E5503B79AFB192929</md5>
            <sha1>44A94ADF33AF331CF8D8988FCEA5EB2DF583D389</sha1>
            <evidenceCollected>
                <evidence>
                    <source>file</source>
                    <name>name</name>
                    <value>batik-swing</value>
                </evidence>
                <evidence>
                    <source>jar</source>
                    <name>package</name>
                    <value>apache</value>
                </evidence>
                <evidence>
                    <source>jar</source>
                    <name>package</name>
                    <value>batik</value>
                </evidence>
                <evidence>
                    <source>jar</source>
                    <name>package</name>
                    <value>svg</value>
                </evidence>
                <evidence>
                    <source>jar</source>
                    <name>package</name>
                    <value>swing</value>
                </evidence>
            </evidenceCollected>
        </dependency>
        <dependency>
            <fileName>jaxp-1.1.jar</fileName>
            <filePath>/home/bcraig/Documents/Thesis/Analysis/reports/freemind/3rdParty/jaxp-1.1.jar</filePath>
            <md5>5C355282E55F87F9434E08179EDDAE70</md5>
            <sha1>D87CC83342D4A72F80E58691A2C3A6524F203E8D</sha1>
            <evidenceCollected>
                <evidence>
                    <source>file</source>
                    <name>name</name>
                    <value>jaxp-1.1</value>
                </evidence>
                <evidence>
                    <source>jar</source>
                    <name>package</name>
                    <value>javax</value>
                </evidence>
                <evidence>
                    <source>jar</source>
                    <name>package</name>
                    <value>transform</value>
                </evidence>
                <evidence>
                    <source>jar</source>
                    <name>package</name>
                    <value>xml</value>
                </evidence>
            </evidenceCollected>
        </dependency>
        <dependency>
            <fileName>log4j.jar</fileName>
            <filePath>/home/bcraig/Documents/Thesis/Analysis/reports/freemind/3rdParty/log4j.jar</filePath>
            <md5>18A4CA847248E5B8606325684342701C</md5>
            <sha1>3640DD71069D7986C9A14D333519216F4CA5C094</sha1>
            <evidenceCollected>
                <evidence>
                    <source>file</source>
                    <name>name</name>
                    <value>log4j</value>
                </evidence>
                <evidence>
                    <source>jar</source>
                    <name>package</name>
                    <value>apache</value>
                </evidence>
                <evidence>
                    <source>jar</source>
                    <name>package</name>
                    <value>log4j</value>
                </evidence>
            </evidenceCollected>
        </dependency>
        <dependency>
            <fileName>crimson-1.1.3.jar</fileName>
            <filePath>/home/bcraig/Documents/Thesis/Analysis/reports/freemind/3rdParty/crimson-1.1.3.jar</filePath>
            <md5>AF8B2D77C3B0FF566E6B35EDF2DB248A</md5>
            <sha1>081292A8EF81EB786A8DF6719E0C0C6C6E45B60F</sha1>
            <evidenceCollected>
                <evidence>
                    <source>file</source>
                    <name>name</name>
                    <value>crimson-1.1.3</value>
                </evidence>
                <evidence>
                    <source>jar</source>
                    <name>package</name>
                    <value>apache</value>
                </evidence>
                <evidence>
                    <source>jar</source>
                    <name>package</name>
                    <value>crimson</value>
                </evidence>
            </evidenceCollected>
        </dependency>
        <dependency>
            <fileName>xerces_2_5_0.jar</fileName>
            <filePath>/home/bcraig/Documents/Thesis/Analysis/reports/freemind/3rdParty/xerces_2_5_0.jar</filePath>
            <md5>F4D85EF049178595124B71CFA1621EFB</md5>
            <sha1>ACF6C3AE70D32FE025B3D0A6C7F87BB2E6062473</sha1>
            <evidenceCollected>
                <evidence>
                    <source>file</source>
                    <name>name</name>
                    <value>xerces_2_5_0</value>
                </evidence>
                <evidence>
                    <source>jar</source>
                    <name>package</name>
                    <value>apache</value>
                </evidence>
                <evidence>
                    <source>jar</source>
                    <name>package</name>
                    <value>xerces</value>
                </evidence>
            </evidenceCollected>
        </dependency>
        <dependency>
            <fileName>help_plugin.jar</fileName>
            <filePath>/home/bcraig/Documents/Thesis/Analysis/reports/freemind/3rdParty/help_plugin.jar</filePath>
            <md5>9F69A26E088F3746FE70F27903A01999</md5>
            <sha1>38D7B10CD88CEF56389F02DEA62BA55505918D36</sha1>
            <evidenceCollected>
                <evidence>
                    <source>file</source>
                    <name>name</name>
                    <value>help_plugin</value>
                </evidence>
                <evidence>
                    <source>jar</source>
                    <name>package</name>
                    <value>freemindhelpstarter</value>
                </evidence>
                <evidence>
                    <source>jar</source>
                    <name>package</name>
                    <value>help</value>
                </evidence>
                <evidence>
                    <source>jar</source>
                    <name>package</name>
                    <value>plugins</value>
                </evidence>
            </evidenceCollected>
        </dependency>
        <dependency>
            <fileName>batik-bridge.jar</fileName>
            <filePath>/home/bcraig/Documents/Thesis/Analysis/reports/freemind/3rdParty/batik-bridge.jar</filePath>
            <md5>D65115B4DDFD6847437DD26CD23FFD88</md5>
            <sha1>D03AF50F4387453B9F89F4ACFE45314BB200A3FE</sha1>
            <evidenceCollected>
                <evidence>
                    <source>file</source>
                    <name>name</name>
                    <value>batik-bridge</value>
                </evidence>
                <evidence>
                    <source>jar</source>
                    <name>package</name>
                    <value>apache</value>
                </evidence>
                <evidence>
                    <source>jar</source>
                    <name>package</name>
                    <value>batik</value>
                </evidence>
                <evidence>
                    <source>jar</source>
                    <name>package</name>
                    <value>bridge</value>
                </evidence>
            </evidenceCollected>
        </dependency>
        <dependency>
            <fileName>gnu-regexp-1.1.4.jar</fileName>
            <filePath>/home/bcraig/Documents/Thesis/Analysis/reports/freemind/3rdParty/gnu-regexp-1.1.4.jar</filePath>
            <md5>F41316762B63C9A94CA95AF90EA0809E</md5>
            <sha1>85CAE44E6FF2199D20A46E91C171FCEECACE2CA1</sha1>
            <evidenceCollected>
                <evidence>
                    <source>file</source>
                    <name>name</name>
                    <value>1.1.4</value>
                </evidence>
                <evidence>
                    <source>file</source>
                    <name>name</name>
                    <value>gnu-regexp-1.1.4</value>
                </evidence>
                <evidence>
                    <source>file</source>
                    <name>name</name>
                    <value>gnu-regexp-1.1.4</value>
                </evidence>
                <evidence>
                    <source>jar</source>
                    <name>package</name>
                    <value>gnu</value>
                </evidence>
                <evidence>
                    <source>jar</source>
                    <name>package</name>
                    <value>regexp</value>
                </evidence>
            </evidenceCollected>
            <identifiers>
                <identifier type="cpe">
                    <name>(cpe:/a:gnu:m4:1.1.4)</name>
                </identifier>
            </identifiers>
            <vulnerabilities>
                <vulnerability>
                    <name>CVE-2008-1687</name>
                    <cvssScore>7.5</cvssScore>
                    <severity>High</severity>
                    <description>The (1) maketemp and (2) mkstemp builtin functions in GNU m4 before 1.4.11 do not quote their output when a file is created, which might allow context-dependent attackers to trigger a macro expansion, leading to unspecified use of an incorrect filename.</description>
                    <references>
                        <reference>
                            <source>BID</source>
                            <url>http://www.securityfocus.com/bid/28688</url>
                            <name>28688</name>
                        </reference>
                        <reference>
                            <source>MLIST</source>
                            <url>http://www.openwall.com/lists/oss-security/2008/04/07/3</url>
                            <name>[oss-security] 20080406 Re: Security fixes in m4-1.4.11</name>
                        </reference>
                        <reference>
                            <source>MLIST</source>
                            <url>http://www.openwall.com/lists/oss-security/2008/04/07/1</url>
                            <name>[oss-security] 20080406 Security fixes in m4-1.4.11</name>
                        </reference>
                        <reference>
                            <source>MLIST</source>
                            <url>http://www.openwall.com/lists/oss-security/2008/04/07/12</url>
                            <name>[oss-security] 20080407 Re: Security fixes in m4-1.4.11</name>
                        </reference>
                        <reference>
                            <source>MLIST</source>
                            <url>http://www.openwall.com/lists/oss-security/2008/04/07/4</url>
                            <name>[oss-security] 20080407 Re: Security fixes in m4-1.4.11</name>
                        </reference>
                        <reference>
                            <source>SECUNIA</source>
                            <url>http://secunia.com/advisories/29671</url>
                            <name>29671</name>
                        </reference>
                        <reference>
                            <source>SECUNIA</source>
                            <url>http://secunia.com/advisories/29729</url>
                            <name>29729</name>
                        </reference>
                        <reference>
                            <source>SLACKWARE</source>
                            <url>http://slackware.com/security/viewer.php?l=slackware-security&amp;y=2008&amp;m=slackware-security.510612</url>
                            <name>SSA:2008-098-01</name>
                        </reference>
                        <reference>
                            <source>VUPEN</source>
                            <url>http://www.vupen.com/english/advisories/2008/1151/references</url>
                            <name>ADV-2008-1151</name>
                        </reference>
                        <reference>
                            <source>XF</source>
                            <url>http://xforce.iss.net/xforce/xfdb/41706</url>
                            <name>gnu-m4-macros-weak-security(41706)</name>
                        </reference>
                    </references>
                    <vulnerableSoftware>
                        <software allPreviousVersion="true">cpe:/a:gnu:m4:1.4.10</software>
                    </vulnerableSoftware>
                </vulnerability>
            </vulnerabilities>
        </dependency>
        <dependency>
            <fileName>jibx-extras.jar</fileName>
            <filePath>/home/bcraig/Documents/Thesis/Analysis/reports/freemind/3rdParty/jibx-extras.jar</filePath>
            <md5>93404E0FDFBCA7A974B1FA54C737B822</md5>
            <sha1>15355C72D79414EB619E02BF671D03BCDBCDF19E</sha1>
            <evidenceCollected>
                <evidence>
                    <source>file</source>
                    <name>name</name>
                    <value>jibx-extras</value>
                </evidence>
                <evidence>
                    <source>jar</source>
                    <name>package</name>
                    <value>extras</value>
                </evidence>
                <evidence>
                    <source>jar</source>
                    <name>package</name>
                    <value>jibx</value>
                </evidence>
            </evidenceCollected>
        </dependency>
        <dependency>
            <fileName>batik-extension.jar</fileName>
            <filePath>/home/bcraig/Documents/Thesis/Analysis/reports/freemind/3rdParty/batik-extension.jar</filePath>
            <md5>E3AFE848916F6EEDCDF024C5756815C3</md5>
            <sha1>0A79BEF2D24D486BB0D10A7972A9ED2813520170</sha1>
            <evidenceCollected>
                <evidence>
                    <source>file</source>
                    <name>name</name>
                    <value>batik-extension</value>
                </evidence>
                <evidence>
                    <source>jar</source>
                    <name>package</name>
                    <value>apache</value>
                </evidence>
                <evidence>
                    <source>jar</source>
                    <name>package</name>
                    <value>batik</value>
                </evidence>
                <evidence>
                    <source>jar</source>
                    <name>package</name>
                    <value>extension</value>
                </evidence>
                <evidence>
                    <source>jar</source>
                    <name>package</name>
                    <value>svg</value>
                </evidence>
            </evidenceCollected>
        </dependency>
        <dependency>
            <fileName>js.jar</fileName>
            <filePath>/home/bcraig/Documents/Thesis/Analysis/reports/freemind/3rdParty/js.jar</filePath>
            <md5>9C5D3F28C8213478CB5C8C97E84F52A8</md5>
            <sha1>BBD78E99452972854A680AEB598504CD6494400A</sha1>
            <evidenceCollected>
                <evidence>
                    <source>file</source>
                    <name>name</name>
                    <value>js</value>
                </evidence>
                <evidence>
                    <source>jar</source>
                    <name>package</name>
                    <value>javascript</value>
                </evidence>
                <evidence>
                    <source>jar</source>
                    <name>package</name>
                    <value>mozilla</value>
                </evidence>
            </evidenceCollected>
        </dependency>
        <dependency>
            <fileName>xpp3.jar</fileName>
            <filePath>/home/bcraig/Documents/Thesis/Analysis/reports/freemind/3rdParty/xpp3.jar</filePath>
            <md5>8026E7BE78C0542B80F88D2236309007</md5>
            <sha1>94BB6447D8AA2B22A20EB46D11E64ABAE0EE9EF0</sha1>
            <evidenceCollected>
                <evidence>
                    <source>file</source>
                    <name>name</name>
                    <value>xpp3</value>
                </evidence>
                <evidence>
                    <source>jar</source>
                    <name>package</name>
                    <value>xmlpull</value>
                </evidence>
            </evidenceCollected>
        </dependency>
        <dependency>
            <fileName>batik-dom.jar</fileName>
            <filePath>/home/bcraig/Documents/Thesis/Analysis/reports/freemind/3rdParty/batik-dom.jar</filePath>
            <md5>CE481D746C345A3D3046DAB157C8468F</md5>
            <sha1>27983405F0871F28D3B9AB35B44E62610A60564A</sha1>
            <evidenceCollected>
                <evidence>
                    <source>file</source>
                    <name>name</name>
                    <value>batik-dom</value>
                </evidence>
                <evidence>
                    <source>jar</source>
                    <name>package</name>
                    <value>apache</value>
                </evidence>
                <evidence>
                    <source>jar</source>
                    <name>package</name>
                    <value>batik</value>
                </evidence>
                <evidence>
                    <source>jar</source>
                    <name>package</name>
                    <value>dom</value>
                </evidence>
            </evidenceCollected>
        </dependency>
        <dependency>
            <fileName>SimplyHTML.jar</fileName>
            <filePath>/home/bcraig/Documents/Thesis/Analysis/reports/freemind/3rdParty/SimplyHTML.jar</filePath>
            <md5>594AB5F22D084F13E17F441E3995E13C</md5>
            <sha1>2A8F5977A2A4985A12B3CDF9CF77F05A5D8F0321</sha1>
            <evidenceCollected>
                <evidence>
                    <source>file</source>
                    <name>name</name>
                    <value>SimplyHTML</value>
                </evidence>
                <evidence>
                    <source>jar</source>
                    <name>package</name>
                    <value>app</value>
                </evidence>
                <evidence>
                    <source>jar</source>
                    <name>package</name>
                    <value>lightdev</value>
                </evidence>
                <evidence>
                    <source>jar</source>
                    <name>package</name>
                    <value>shtm</value>
                </evidence>
            </evidenceCollected>
        </dependency>
        <dependency>
            <fileName>batik-css.jar</fileName>
            <filePath>/home/bcraig/Documents/Thesis/Analysis/reports/freemind/3rdParty/batik-css.jar</filePath>
            <md5>604C5B77068A95354798268052030B87</md5>
            <sha1>9433BA160F0B7CA6640F750DECEBD99FE98DACD3</sha1>
            <evidenceCollected>
                <evidence>
                    <source>file</source>
                    <name>name</name>
                    <value>batik-css</value>
                </evidence>
                <evidence>
                    <source>jar</source>
                    <name>package</name>
                    <value>apache</value>
                </evidence>
                <evidence>
                    <source>jar</source>
                    <name>package</name>
                    <value>batik</value>
                </evidence>
                <evidence>
                    <source>jar</source>
                    <name>package</name>
                    <value>css</value>
                </evidence>
                <evidence>
                    <source>jar</source>
                    <name>package</name>
                    <value>engine</value>
                </evidence>
            </evidenceCollected>
        </dependency>
        <dependency>
            <fileName>jibx-run.jar</fileName>
            <filePath>/home/bcraig/Documents/Thesis/Analysis/reports/freemind/3rdParty/jibx-run.jar</filePath>
            <md5>6FC0B5D80C3780A0325E535E154141A0</md5>
            <sha1>47E354A7B008BD075720965D6CC35BB38F9F7EA8</sha1>
            <evidenceCollected>
                <evidence>
                    <source>file</source>
                    <name>name</name>
                    <value>jibx-run</value>
                </evidence>
                <evidence>
                    <source>jar</source>
                    <name>package</name>
                    <value>impl</value>
                </evidence>
                <evidence>
                    <source>jar</source>
                    <name>package</name>
                    <value>jibx</value>
                </evidence>
                <evidence>
                    <source>jar</source>
                    <name>package</name>
                    <value>runtime</value>
                </evidence>
            </evidenceCollected>
        </dependency>
        <dependency>
            <fileName>jakarta-oro.jar</fileName>
            <filePath>/home/bcraig/Documents/Thesis/Analysis/reports/freemind/3rdParty/jakarta-oro.jar</filePath>
            <md5>B22A7C4CB68EE639220DB6468E5F623D</md5>
            <sha1>F91D4528652D713FAA54039B26AF468A1229328B</sha1>
            <evidenceCollected>
                <evidence>
                    <source>file</source>
                    <name>name</name>
                    <value>jakarta-oro</value>
                </evidence>
                <evidence>
                    <source>jar</source>
                    <name>package</name>
                    <value>apache</value>
                </evidence>
                <evidence>
                    <source>jar</source>
                    <name>package</name>
                    <value>oro</value>
                </evidence>
                <evidence>
                    <source>jar</source>
                    <name>package</name>
                    <value>text</value>
                </evidence>
            </evidenceCollected>
        </dependency>
        <dependency>
            <fileName>batik-awt-util.jar</fileName>
            <filePath>/home/bcraig/Documents/Thesis/Analysis/reports/freemind/3rdParty/batik-awt-util.jar</filePath>
            <md5>04013947D519C13FD4D82355CB496552</md5>
            <sha1>590750CC8D6A1BA0189B437172B6444578D79C99</sha1>
            <evidenceCollected>
                <evidence>
                    <source>file</source>
                    <name>name</name>
                    <value>batik-awt-util</value>
                </evidence>
                <evidence>
                    <source>jar</source>
                    <name>package</name>
                    <value>apache</value>
                </evidence>
                <evidence>
                    <source>jar</source>
                    <name>package</name>
                    <value>awt</value>
                </evidence>
                <evidence>
                    <source>jar</source>
                    <name>package</name>
                    <value>batik</value>
                </evidence>
                <evidence>
                    <source>jar</source>
                    <name>package</name>
                    <value>ext</value>
                </evidence>
            </evidenceCollected>
        </dependency>
        <dependency>
            <fileName>batik-script.jar</fileName>
            <filePath>/home/bcraig/Documents/Thesis/Analysis/reports/freemind/3rdParty/batik-script.jar</filePath>
            <md5>8AA36330B1BD6D34CC3F2DDF8BD4AE0E</md5>
            <sha1>9D33B244D93374ED0FCE7FB53FE44AAE13F8676F</sha1>
            <evidenceCollected>
                <evidence>
                    <source>file</source>
                    <name>name</name>
                    <value>batik-script</value>
                </evidence>
                <evidence>
                    <source>jar</source>
                    <name>package</name>
                    <value>apache</value>
                </evidence>
                <evidence>
                    <source>jar</source>
                    <name>package</name>
                    <value>batik</value>
                </evidence>
                <evidence>
                    <source>jar</source>
                    <name>package</name>
                    <value>rhino</value>
                </evidence>
                <evidence>
                    <source>jar</source>
                    <name>package</name>
                    <value>script</value>
                </evidence>
            </evidenceCollected>
        </dependency>
        <dependency>
            <fileName>batik-ext.jar</fileName>
            <filePath>/home/bcraig/Documents/Thesis/Analysis/reports/freemind/3rdParty/batik-ext.jar</filePath>
            <md5>511523F6C124B702B20E7D851830F446</md5>
            <sha1>7F6AD5C298DE4F24B9A104B721E86798F5E2216C</sha1>
            <evidenceCollected>
                <evidence>
                    <source>file</source>
                    <name>name</name>
                    <value>batik-ext</value>
                </evidence>
                <evidence>
                    <source>jar</source>
                    <name>package</name>
                    <value>dom</value>
                </evidence>
                <evidence>
                    <source>jar</source>
                    <name>package</name>
                    <value>svg</value>
                </evidence>
                <evidence>
                    <source>jar</source>
                    <name>package</name>
                    <value>w3c</value>
                </evidence>
            </evidenceCollected>
        </dependency>
        <dependency>
            <fileName>log4j-1.2.8.jar</fileName>
            <filePath>/home/bcraig/Documents/Thesis/Analysis/reports/freemind/3rdParty/log4j-1.2.8.jar</filePath>
            <md5>18A4CA847248E5B8606325684342701C</md5>
            <sha1>3640DD71069D7986C9A14D333519216F4CA5C094</sha1>
            <evidenceCollected>
                <evidence>
                    <source>file</source>
                    <name>name</name>
                    <value>log4j-1.2.8</value>
                </evidence>
                <evidence>
                    <source>jar</source>
                    <name>package</name>
                    <value>apache</value>
                </evidence>
                <evidence>
                    <source>jar</source>
                    <name>package</name>
                    <value>log4j</value>
                </evidence>
            </evidenceCollected>
        </dependency>
        <dependency>
            <fileName>batik-transcoder.jar</fileName>
            <filePath>/home/bcraig/Documents/Thesis/Analysis/reports/freemind/3rdParty/batik-transcoder.jar</filePath>
            <md5>C091EDD836215585E4949AE77AA17883</md5>
            <sha1>81B243BA7091C186C4454728D356493DDF69AD96</sha1>
            <evidenceCollected>
                <evidence>
                    <source>file</source>
                    <name>name</name>
                    <value>batik-transcoder</value>
                </evidence>
                <evidence>
                    <source>jar</source>
                    <name>package</name>
                    <value>apache</value>
                </evidence>
                <evidence>
                    <source>jar</source>
                    <name>package</name>
                    <value>batik</value>
                </evidence>
                <evidence>
                    <source>jar</source>
                    <name>package</name>
                    <value>transcoder</value>
                </evidence>
            </evidenceCollected>
        </dependency>
        <dependency>
            <fileName>batik-util.jar</fileName>
            <filePath>/home/bcraig/Documents/Thesis/Analysis/reports/freemind/3rdParty/batik-util.jar</filePath>
            <md5>4A137CE0CE2F8EB24823B55EBB26CB24</md5>
            <sha1>7BEA0185BB630BCA235FFA904B1A03E8A4786A45</sha1>
            <evidenceCollected>
                <evidence>
                    <source>file</source>
                    <name>name</name>
                    <value>batik-util</value>
                </evidence>
                <evidence>
                    <source>jar</source>
                    <name>package</name>
                    <value>apache</value>
                </evidence>
                <evidence>
                    <source>jar</source>
                    <name>package</name>
                    <value>batik</value>
                </evidence>
                <evidence>
                    <source>jar</source>
                    <name>package</name>
                    <value>util</value>
                </evidence>
            </evidenceCollected>
        </dependency>
        <dependency>
            <fileName>jibx-bind.jar</fileName>
            <filePath>/home/bcraig/Documents/Thesis/Analysis/reports/freemind/3rdParty/jibx-bind.jar</filePath>
            <md5>7B4B041B4EF83E28C0DAB8C08BDF3ED0</md5>
            <sha1>F076E6A26D2704D8F50ECDFBDFDC98A465A0735A</sha1>
            <evidenceCollected>
                <evidence>
                    <source>file</source>
                    <name>name</name>
                    <value>jibx-bind</value>
                </evidence>
                <evidence>
                    <source>jar</source>
                    <name>package</name>
                    <value>binding</value>
                </evidence>
                <evidence>
                    <source>jar</source>
                    <name>package</name>
                    <value>jibx</value>
                </evidence>
            </evidenceCollected>
        </dependency>
        <dependency>
            <fileName>commons-logging.jar</fileName>
            <filePath>/home/bcraig/Documents/Thesis/Analysis/reports/freemind/3rdParty/commons-logging.jar</filePath>
            <md5>5BC8BDD15B18018E84FD862993AACA42</md5>
            <sha1>760C711C71588BC273D3E56D196D720A7678CD93</sha1>
            <evidenceCollected>
                <evidence>
                    <source>file</source>
                    <name>name</name>
                    <value>commons-logging</value>
                </evidence>
                <evidence>
                    <source>jar</source>
                    <name>package</name>
                    <value>apache</value>
                </evidence>
                <evidence>
                    <source>jar</source>
                    <name>package</name>
                    <value>commons</value>
                </evidence>
                <evidence>
                    <source>jar</source>
                    <name>package</name>
                    <value>impl</value>
                </evidence>
                <evidence>
                    <source>jar</source>
                    <name>package</name>
                    <value>logging</value>
                </evidence>
                <evidence>
                    <source>jar</source>
                    <name>package name</name>
                    <value>apache</value>
                </evidence>
                <evidence>
                    <source>jar</source>
                    <name>package name</name>
                    <value>commons</value>
                </evidence>
                <evidence>
                    <source>jar</source>
                    <name>package name</name>
                    <value>log</value>
                </evidence>
                <evidence>
                    <source>jar</source>
                    <name>package name</name>
                    <value>logging</value>
                </evidence>
                <evidence>
                    <source>Manifest</source>
                    <name>extension-name</name>
                    <value>org.apache.commons.logging</value>
                </evidence>
                <evidence>
                    <source>Manifest</source>
                    <name>Implementation-Vendor</name>
                    <value>Apache Software Foundation</value>
                </evidence>
                <evidence>
                    <source>Manifest</source>
                    <name>specification-vendor</name>
                    <value>Apache Software Foundation</value>
                </evidence>
            </evidenceCollected>
        </dependency>
        <dependency>
            <fileName>batik-gvt.jar</fileName>
            <filePath>/home/bcraig/Documents/Thesis/Analysis/reports/freemind/3rdParty/batik-gvt.jar</filePath>
            <md5>43AD2CD49B840B47BE6419EFD5CC8004</md5>
            <sha1>C70CD8FFB8F88862E5D7DC39692B6F65F5258956</sha1>
            <evidenceCollected>
                <evidence>
                    <source>file</source>
                    <name>name</name>
                    <value>batik-gvt</value>
                </evidence>
                <evidence>
                    <source>jar</source>
                    <name>package</name>
                    <value>apache</value>
                </evidence>
                <evidence>
                    <source>jar</source>
                    <name>package</name>
                    <value>batik</value>
                </evidence>
                <evidence>
                    <source>jar</source>
                    <name>package</name>
                    <value>gvt</value>
                </evidence>
            </evidenceCollected>
        </dependency>
        <dependency>
            <fileName>muse.jar</fileName>
            <filePath>/home/bcraig/Documents/Thesis/Analysis/reports/freemind/3rdParty/muse.jar</filePath>
            <md5>87685F7B138D0A56806A94D066BCEF08</md5>
            <sha1>81A424872EEB4F30D92FD8160BD7AD1A43CE1C91</sha1>
            <evidenceCollected>
                <evidence>
                    <source>file</source>
                    <name>name</name>
                    <value>muse</value>
                </evidence>
                <evidence>
                    <source>jar</source>
                    <name>package</name>
                    <value>echomine</value>
                </evidence>
            </evidenceCollected>
        </dependency>
    </dependencies>
</analysis>