<?xml version="1.0"?>
<analysis xmlns="https://www.owasp.org/index.php/OWASP_Dependency_Check">
    <projectInfo>
        <name>hibernate</name>
        <reportDate>Feb 18, 2014 2:22:13 PM</reportDate>
        <credits>This report contains data retrieved from the National Vulnerability Database: http://nvd.nist.gov</credits>
    </projectInfo>
    <dependencies>
        <dependency>
            <fileName>c3p0-0.9.1.jar</fileName>
            <filePath>/home/bcraig/Documents/Thesis/Analysis/reports/hibernate/3rdParty/c3p0-0.9.1.jar</filePath>
            <md5>9A4A5AF606DADF98A958A8DC22A903FB</md5>
            <sha1>0759F6C11F515EE799814C43E4A50281220014CA</sha1>
            <evidenceCollected>
                <evidence>
                    <source>file</source>
                    <name>name</name>
                    <value>c3p0-0.9.1</value>
                </evidence>
                <evidence>
                    <source>jar</source>
                    <name>package</name>
                    <value>mchange</value>
                </evidence>
                <evidence>
                    <source>jar</source>
                    <name>package</name>
                    <value>v2</value>
                </evidence>
                <evidence>
                    <source>jar</source>
                    <name>package name</name>
                    <value>c3p0</value>
                </evidence>
                <evidence>
                    <source>jar</source>
                    <name>package name</name>
                    <value>mchange</value>
                </evidence>
                <evidence>
                    <source>jar</source>
                    <name>package name</name>
                    <value>v2</value>
                </evidence>
                <evidence>
                    <source>Manifest</source>
                    <name>extension-name</name>
                    <value>com.mchange.v2.c3p0</value>
                </evidence>
                <evidence>
                    <source>Manifest</source>
                    <name>Implementation-Vendor</name>
                    <value>Machinery For Change, Inc.</value>
                </evidence>
                <evidence>
                    <source>Manifest</source>
                    <name>Implementation-Vendor-Id</name>
                    <value>com.mchange</value>
                </evidence>
                <evidence>
                    <source>Manifest</source>
                    <name>specification-vendor</name>
                    <value>Machinery For Change, Inc.</value>
                </evidence>
            </evidenceCollected>
        </dependency>
        <dependency>
            <fileName>antlr-2.7.7.jar</fileName>
            <filePath>/home/bcraig/Documents/Thesis/Analysis/reports/hibernate/3rdParty/antlr-2.7.7.jar</filePath>
            <md5>F8F1352C52A4C6A500B597596501FC64</md5>
            <sha1>83CD2CD674A217ADE95A4BB83A8A14F351F48BD0</sha1>
            <evidenceCollected>
                <evidence>
                    <source>file</source>
                    <name>name</name>
                    <value>antlr-2.7.7</value>
                </evidence>
                <evidence>
                    <source>jar</source>
                    <name>package</name>
                    <value>antlr</value>
                </evidence>
            </evidenceCollected>
        </dependency>
        <dependency>
            <fileName>jboss-logging-3.1.1.GA.jar</fileName>
            <filePath>/home/bcraig/Documents/Thesis/Analysis/reports/hibernate/3rdParty/jboss-logging-3.1.1.GA.jar</filePath>
            <md5>318993F31F5A2A854FEF9F4EE0971AA9</md5>
            <sha1>7FB1A7EB7FF1D15CAC1802510FEE65C7CA31A869</sha1>
            <description>The JBoss Logging Framework</description>
            <license>GNU Lesser General Public License, version 2.1: http://www.gnu.org/licenses/lgpl-2.1.txt</license>
            <relatedDependencies>
                <relatedDependency>
                    <filePath>/home/bcraig/Documents/Thesis/Analysis/reports/hibernate/3rdParty/jboss-transaction-api_1.1_spec-1.0.1.Final.jar</filePath>
                    <sha1>18F0E1D42F010A8B53AA447BF274A706D5148852</sha1>
                    <md5>679CD909D6130E6BF467B291031E1E2D</md5>
                </relatedDependency>
            </relatedDependencies>
            <evidenceCollected>
                <evidence>
                    <source>file</source>
                    <name>name</name>
                    <value>3.1.1</value>
                </evidence>
                <evidence>
                    <source>file</source>
                    <name>name</name>
                    <value>jboss-logging-3.1.1.GA</value>
                </evidence>
                <evidence>
                    <source>file</source>
                    <name>name</name>
                    <value>jboss-logging-3.1.1.GA</value>
                </evidence>
                <evidence>
                    <source>jar</source>
                    <name>package name</name>
                    <value>jboss</value>
                </evidence>
                <evidence>
                    <source>jar</source>
                    <name>package name</name>
                    <value>logging</value>
                </evidence>
                <evidence>
                    <source>Manifest</source>
                    <name>bundle-docurl</name>
                    <value>http://www.jboss.org</value>
                </evidence>
                <evidence>
                    <source>Manifest</source>
                    <name>Bundle-Name</name>
                    <value>JBoss Logging 3</value>
                </evidence>
                <evidence>
                    <source>Manifest</source>
                    <name>bundle-symbolicname</name>
                    <value>org.jboss.logging.jboss-logging</value>
                </evidence>
                <evidence>
                    <source>Manifest</source>
                    <name>Bundle-Vendor</name>
                    <value>JBoss by Red Hat</value>
                </evidence>
                <evidence>
                    <source>Manifest</source>
                    <name>Bundle-Version</name>
                    <value>3.1.1.GA</value>
                </evidence>
                <evidence>
                    <source>Manifest</source>
                    <name>Implementation-Title</name>
                    <value>JBoss Logging 3</value>
                </evidence>
                <evidence>
                    <source>Manifest</source>
                    <name>implementation-url</name>
                    <value>http://www.jboss.org</value>
                </evidence>
                <evidence>
                    <source>Manifest</source>
                    <name>Implementation-Vendor</name>
                    <value>JBoss by Red Hat</value>
                </evidence>
                <evidence>
                    <source>Manifest</source>
                    <name>Implementation-Vendor-Id</name>
                    <value>org.jboss.logging</value>
                </evidence>
                <evidence>
                    <source>Manifest</source>
                    <name>Implementation-Version</name>
                    <value>3.1.1.GA</value>
                </evidence>
                <evidence>
                    <source>Manifest</source>
                    <name>specification-title</name>
                    <value>JBoss Logging 3</value>
                </evidence>
                <evidence>
                    <source>Manifest</source>
                    <name>specification-vendor</name>
                    <value>JBoss by Red Hat</value>
                </evidence>
                <evidence>
                    <source>Manifest</source>
                    <name>specification-version</name>
                    <value>3.1.1.GA</value>
                </evidence>
                <evidence>
                    <source>pom</source>
                    <name>artifactid</name>
                    <value>jboss-logging</value>
                </evidence>
                <evidence>
                    <source>pom</source>
                    <name>artifactid</name>
                    <value>jboss-logging</value>
                </evidence>
                <evidence>
                    <source>pom</source>
                    <name>description</name>
                    <value>The JBoss Logging Framework</value>
                </evidence>
                <evidence>
                    <source>pom</source>
                    <name>groupid</name>
                    <value>jboss.logging</value>
                </evidence>
                <evidence>
                    <source>pom</source>
                    <name>groupid</name>
                    <value>jboss.logging</value>
                </evidence>
                <evidence>
                    <source>pom</source>
                    <name>name</name>
                    <value>JBoss Logging 3</value>
                </evidence>
                <evidence>
                    <source>pom</source>
                    <name>version</name>
                    <value>3.1.1.GA</value>
                </evidence>
            </evidenceCollected>
            <identifiers>
                <identifier type="cpe">
                    <name>(cpe:/a:jboss:jboss)</name>
                    <url>http://web.nvd.nist.gov/view/vuln/search?cpe=cpe%3A%2Fa%3Ajboss%3Ajboss</url>
                </identifier>
            </identifiers>
            <vulnerabilities>
                <vulnerability>
                    <name>CVE-2007-1157</name>
                    <cvssScore>7.6</cvssScore>
                    <severity>High</severity>
                    <cwe>CWE-352</cwe>
                    <description>Cross-site request forgery (CSRF) vulnerability in jmx-console/HtmlAdaptor in JBoss allows remote attackers to perform privileged actions as administrators via certain MBean operations, a different vulnerability than CVE-2006-3733.</description>
                    <references>
                        <reference>
                            <source>BUGTRAQ</source>
                            <url>http://www.securityfocus.com/archive/1/archive/1/460934/100/0/threaded</url>
                            <name>20070222 JBoss jmx-console CSRF</name>
                        </reference>
                        <reference>
                            <source>BUGTRAQ</source>
                            <url>http://www.securityfocus.com/archive/1/461004/100/0/threaded</url>
                            <name>20070223 Re: JBoss jmx-console CSRF</name>
                        </reference>
                        <reference>
                            <source>OSVDB</source>
                            <url>http://osvdb.org/33142</url>
                            <name>33142</name>
                        </reference>
                        <reference>
                            <source>XF</source>
                            <url>http://xforce.iss.net/xforce/xfdb/32673</url>
                            <name>jboss-jmxconsole-csrf(32673)</name>
                        </reference>
                    </references>
                    <vulnerableSoftware>
                        <software>cpe:/a:jboss:jboss</software>
                    </vulnerableSoftware>
                </vulnerability>
            </vulnerabilities>
        </dependency>
        <dependency>
            <fileName>stax2-api-3.1.1.jar</fileName>
            <filePath>/home/bcraig/Documents/Thesis/Analysis/reports/hibernate/3rdParty/stax2-api-3.1.1.jar</filePath>
            <md5>40D088C7B8B3F6759A40DB54CE1F30E5</md5>
            <sha1>0466EAB062E9D1A3CE2C4631B6D09B5E5C0CBD1B</sha1>
            <license>http://www.opensource.org/licenses/bsd-license.php</license>
            <evidenceCollected>
                <evidence>
                    <source>file</source>
                    <name>name</name>
                    <value>stax2-api-3.1.1</value>
                </evidence>
                <evidence>
                    <source>jar</source>
                    <name>package</name>
                    <value>codehaus</value>
                </evidence>
                <evidence>
                    <source>jar</source>
                    <name>package</name>
                    <value>ri</value>
                </evidence>
                <evidence>
                    <source>jar</source>
                    <name>package</name>
                    <value>stax2</value>
                </evidence>
                <evidence>
                    <source>jar</source>
                    <name>package name</name>
                    <value>codehaus</value>
                </evidence>
                <evidence>
                    <source>jar</source>
                    <name>package name</name>
                    <value>stax2</value>
                </evidence>
                <evidence>
                    <source>Manifest</source>
                    <name>Bundle-Name</name>
                    <value>Stax2 API</value>
                </evidence>
                <evidence>
                    <source>Manifest</source>
                    <name>bundle-requiredexecutionenvironment</name>
                    <value>J2SE-1.4</value>
                </evidence>
                <evidence>
                    <source>Manifest</source>
                    <name>bundle-symbolicname</name>
                    <value>stax2-api</value>
                </evidence>
                <evidence>
                    <source>Manifest</source>
                    <name>Bundle-Vendor</name>
                    <value>http://woodstox.codehaus.org</value>
                </evidence>
                <evidence>
                    <source>Manifest</source>
                    <name>Implementation-Title</name>
                    <value>Stax2 API</value>
                </evidence>
                <evidence>
                    <source>Manifest</source>
                    <name>Implementation-Vendor</name>
                    <value>http://woodstox.codehaus.org</value>
                </evidence>
                <evidence>
                    <source>Manifest</source>
                    <name>specification-title</name>
                    <value>Stax2 API</value>
                </evidence>
                <evidence>
                    <source>Manifest</source>
                    <name>specification-vendor</name>
                    <value>http://woodstox.codehaus.org</value>
                </evidence>
            </evidenceCollected>
        </dependency>
        <dependency>
            <fileName>staxmapper-1.1.0.Final.jar</fileName>
            <filePath>/home/bcraig/Documents/Thesis/Analysis/reports/hibernate/3rdParty/staxmapper-1.1.0.Final.jar</filePath>
            <md5>9718C529233005C6412FD7B7AF40AB8A</md5>
            <sha1>AF938B7FEAD1EB6E1D54E001ACEB7D92BF71C013</sha1>
            <evidenceCollected>
                <evidence>
                    <source>file</source>
                    <name>name</name>
                    <value>1.1.0</value>
                </evidence>
                <evidence>
                    <source>file</source>
                    <name>name</name>
                    <value>staxmapper-1.1.0.Final</value>
                </evidence>
                <evidence>
                    <source>file</source>
                    <name>name</name>
                    <value>staxmapper-1.1.0.Final</value>
                </evidence>
                <evidence>
                    <source>jar</source>
                    <name>package name</name>
                    <value>jboss</value>
                </evidence>
                <evidence>
                    <source>jar</source>
                    <name>package name</name>
                    <value>staxmapper</value>
                </evidence>
                <evidence>
                    <source>Manifest</source>
                    <name>Implementation-Title</name>
                    <value>StAX Mapper</value>
                </evidence>
                <evidence>
                    <source>Manifest</source>
                    <name>implementation-url</name>
                    <value>http://www.jboss.org/staxmapper</value>
                </evidence>
                <evidence>
                    <source>Manifest</source>
                    <name>Implementation-Vendor</name>
                    <value>JBoss by Red Hat</value>
                </evidence>
                <evidence>
                    <source>Manifest</source>
                    <name>Implementation-Vendor-Id</name>
                    <value>org.jboss</value>
                </evidence>
                <evidence>
                    <source>Manifest</source>
                    <name>Implementation-Version</name>
                    <value>1.1.0.Final</value>
                </evidence>
                <evidence>
                    <source>Manifest</source>
                    <name>java-vendor</name>
                    <value>Apple Inc.</value>
                </evidence>
                <evidence>
                    <source>Manifest</source>
                    <name>java-version</name>
                    <value>1.6.0_29</value>
                </evidence>
                <evidence>
                    <source>Manifest</source>
                    <name>os-name</name>
                    <value>Mac OS X</value>
                </evidence>
                <evidence>
                    <source>Manifest</source>
                    <name>os-version</name>
                    <value>10.6.8</value>
                </evidence>
                <evidence>
                    <source>Manifest</source>
                    <name>specification-title</name>
                    <value>StAX Mapper</value>
                </evidence>
                <evidence>
                    <source>Manifest</source>
                    <name>specification-vendor</name>
                    <value>JBoss by Red Hat</value>
                </evidence>
                <evidence>
                    <source>Manifest</source>
                    <name>specification-version</name>
                    <value>1.1.0.Final</value>
                </evidence>
                <evidence>
                    <source>pom</source>
                    <name>artifactid</name>
                    <value>staxmapper</value>
                </evidence>
                <evidence>
                    <source>pom</source>
                    <name>artifactid</name>
                    <value>staxmapper</value>
                </evidence>
                <evidence>
                    <source>pom</source>
                    <name>groupid</name>
                    <value>jboss</value>
                </evidence>
                <evidence>
                    <source>pom</source>
                    <name>groupid</name>
                    <value>jboss</value>
                </evidence>
                <evidence>
                    <source>pom</source>
                    <name>name</name>
                    <value>StAX Mapper</value>
                </evidence>
                <evidence>
                    <source>pom</source>
                    <name>version</name>
                    <value>1.1.0.Final</value>
                </evidence>
            </evidenceCollected>
            <identifiers>
                <identifier type="cpe">
                    <name>(cpe:/a:apple:mac_os_x)</name>
                    <url>http://web.nvd.nist.gov/view/vuln/search?cpe=cpe%3A%2Fa%3Aapple%3Amac_os_x</url>
                </identifier>
                <identifier type="cpe">
                    <name>(cpe:/a:jboss:jboss)</name>
                    <url>http://web.nvd.nist.gov/view/vuln/search?cpe=cpe%3A%2Fa%3Ajboss%3Ajboss</url>
                </identifier>
            </identifiers>
            <vulnerabilities>
                <vulnerability>
                    <name>CVE-2007-1157</name>
                    <cvssScore>7.6</cvssScore>
                    <severity>High</severity>
                    <cwe>CWE-352</cwe>
                    <description>Cross-site request forgery (CSRF) vulnerability in jmx-console/HtmlAdaptor in JBoss allows remote attackers to perform privileged actions as administrators via certain MBean operations, a different vulnerability than CVE-2006-3733.</description>
                    <references>
                        <reference>
                            <source>BUGTRAQ</source>
                            <url>http://www.securityfocus.com/archive/1/archive/1/460934/100/0/threaded</url>
                            <name>20070222 JBoss jmx-console CSRF</name>
                        </reference>
                        <reference>
                            <source>BUGTRAQ</source>
                            <url>http://www.securityfocus.com/archive/1/461004/100/0/threaded</url>
                            <name>20070223 Re: JBoss jmx-console CSRF</name>
                        </reference>
                        <reference>
                            <source>OSVDB</source>
                            <url>http://osvdb.org/33142</url>
                            <name>33142</name>
                        </reference>
                        <reference>
                            <source>XF</source>
                            <url>http://xforce.iss.net/xforce/xfdb/32673</url>
                            <name>jboss-jmxconsole-csrf(32673)</name>
                        </reference>
                    </references>
                    <vulnerableSoftware>
                        <software>cpe:/a:jboss:jboss</software>
                    </vulnerableSoftware>
                </vulnerability>
                <vulnerability>
                    <name>CVE-2006-6130</name>
                    <cvssScore>4.9</cvssScore>
                    <severity>Medium</severity>
                    <description>Apple Mac OS X AppleTalk allows local users to cause a denial of service (kernel panic) by calling the AIOCREGLOCALZN ioctl command with a crafted data structure on an AppleTalk socket.</description>
                    <references>
                        <reference>
                            <source>APPLE</source>
                            <url>http://lists.apple.com/archives/security-announce/2007/Mar/msg00002.html</url>
                            <name>APPLE-SA-2007-03-13</name>
                        </reference>
                        <reference>
                            <source>BID</source>
                            <url>http://www.securityfocus.com/bid/21317</url>
                            <name>21317</name>
                        </reference>
                        <reference>
                            <source>CERT</source>
                            <url>http://www.us-cert.gov/cas/techalerts/TA07-072A.html</url>
                            <name>TA07-072A</name>
                        </reference>
                        <reference>
                            <source>CONFIRM</source>
                            <url>http://docs.info.apple.com/article.html?artnum=305214</url>
                            <name>http://docs.info.apple.com/article.html?artnum=305214</name>
                        </reference>
                        <reference>
                            <source>MISC</source>
                            <url>http://projects.info-pull.com/mokb/MOKB-27-11-2006.html</url>
                            <name>http://projects.info-pull.com/mokb/MOKB-27-11-2006.html</name>
                        </reference>
                        <reference>
                            <source>OSVDB</source>
                            <url>http://www.osvdb.org/30722</url>
                            <name>30722</name>
                        </reference>
                        <reference>
                            <source>SECTRACK</source>
                            <url>http://www.securitytracker.com/id?1017751</url>
                            <name>1017751</name>
                        </reference>
                        <reference>
                            <source>SECUNIA</source>
                            <url>http://secunia.com/advisories/23134</url>
                            <name>23134</name>
                        </reference>
                        <reference>
                            <source>SECUNIA</source>
                            <url>http://secunia.com/advisories/24479</url>
                            <name>24479</name>
                        </reference>
                        <reference>
                            <source>VUPEN</source>
                            <url>http://www.vupen.com/english/advisories/2006/4746</url>
                            <name>ADV-2006-4746</name>
                        </reference>
                        <reference>
                            <source>VUPEN</source>
                            <url>http://www.vupen.com/english/advisories/2007/0930</url>
                            <name>ADV-2007-0930</name>
                        </reference>
                        <reference>
                            <source>XF</source>
                            <url>http://xforce.iss.net/xforce/xfdb/30552</url>
                            <name>macos-aiocreglocalzn-dos(30552)</name>
                        </reference>
                    </references>
                    <vulnerableSoftware>
                        <software>cpe:/a:apple:mac_os_x</software>
                    </vulnerableSoftware>
                </vulnerability>
            </vulnerabilities>
        </dependency>
        <dependency>
            <fileName>woodstox-core-asl-4.1.1.jar</fileName>
            <filePath>/home/bcraig/Documents/Thesis/Analysis/reports/hibernate/3rdParty/woodstox-core-asl-4.1.1.jar</filePath>
            <md5>CD98F73F222298A6E86725D01C3D03CE</md5>
            <sha1>1FC79E0DDF0C72408DDBBC7E558F46A15D7BA84F</sha1>
            <license>http://www.apache.org/licenses/LICENSE-2.0.txt</license>
            <evidenceCollected>
                <evidence>
                    <source>file</source>
                    <name>name</name>
                    <value>woodstox-core-asl-4.1.1</value>
                </evidence>
                <evidence>
                    <source>jar</source>
                    <name>package</name>
                    <value>ctc</value>
                </evidence>
                <evidence>
                    <source>jar</source>
                    <name>package</name>
                    <value>wstx</value>
                </evidence>
                <evidence>
                    <source>jar</source>
                    <name>package name</name>
                    <value>api</value>
                </evidence>
                <evidence>
                    <source>jar</source>
                    <name>package name</name>
                    <value>stax</value>
                </evidence>
                <evidence>
                    <source>Manifest</source>
                    <name>Bundle-Name</name>
                    <value>Woodstox XML-processor</value>
                </evidence>
                <evidence>
                    <source>Manifest</source>
                    <name>bundle-requiredexecutionenvironment</name>
                    <value>J2SE-1.4</value>
                </evidence>
                <evidence>
                    <source>Manifest</source>
                    <name>bundle-symbolicname</name>
                    <value>woodstox-core-asl</value>
                </evidence>
                <evidence>
                    <source>Manifest</source>
                    <name>Bundle-Vendor</name>
                    <value>http://woodstox.codehaus.org</value>
                </evidence>
                <evidence>
                    <source>Manifest</source>
                    <name>Implementation-Title</name>
                    <value>Woodstox XML-processor</value>
                </evidence>
                <evidence>
                    <source>Manifest</source>
                    <name>Implementation-Vendor</name>
                    <value>http://woodstox.codehaus.org</value>
                </evidence>
                <evidence>
                    <source>Manifest</source>
                    <name>specification-title</name>
                    <value>Stax 1.0 API</value>
                </evidence>
                <evidence>
                    <source>Manifest</source>
                    <name>specification-vendor</name>
                    <value>http://jcp.org/en/jsr/detail?id=173</value>
                </evidence>
            </evidenceCollected>
        </dependency>
        <dependency>
            <fileName>jboss-marshalling-1.3.15.GA.jar</fileName>
            <filePath>/home/bcraig/Documents/Thesis/Analysis/reports/hibernate/3rdParty/jboss-marshalling-1.3.15.GA.jar</filePath>
            <md5>3D208C22EEAA56B38A26F34B2427A0B9</md5>
            <sha1>655409440AC9CDD5A8C520CAAFB512A5F19AE1AE</sha1>
            <description>JBoss Marshalling API</description>
            <relatedDependencies>
                <relatedDependency>
                    <filePath>/home/bcraig/Documents/Thesis/Analysis/reports/hibernate/3rdParty/jboss-marshalling-river-1.3.15.GA.jar</filePath>
                    <sha1>E7420E77FB82DE7044378634416C9E7E6F5D17F0</sha1>
                    <md5>728BD810747C8691113BE28E1678FDF8</md5>
                </relatedDependency>
                <relatedDependency>
                    <filePath>/home/bcraig/Documents/Thesis/Analysis/reports/hibernate/3rdParty/jboss-transaction-api_1.1_spec-1.0.1.Final.jar</filePath>
                    <sha1>18F0E1D42F010A8B53AA447BF274A706D5148852</sha1>
                    <md5>679CD909D6130E6BF467B291031E1E2D</md5>
                </relatedDependency>
            </relatedDependencies>
            <evidenceCollected>
                <evidence>
                    <source>file</source>
                    <name>name</name>
                    <value>1.3.15</value>
                </evidence>
                <evidence>
                    <source>file</source>
                    <name>name</name>
                    <value>jboss-marshalling-1.3.15.GA</value>
                </evidence>
                <evidence>
                    <source>file</source>
                    <name>name</name>
                    <value>jboss-marshalling-1.3.15.GA</value>
                </evidence>
                <evidence>
                    <source>jar</source>
                    <name>package name</name>
                    <value>jboss</value>
                </evidence>
                <evidence>
                    <source>jar</source>
                    <name>package name</name>
                    <value>marshalling</value>
                </evidence>
                <evidence>
                    <source>Manifest</source>
                    <name>Implementation-Title</name>
                    <value>JBoss Marshalling API</value>
                </evidence>
                <evidence>
                    <source>Manifest</source>
                    <name>implementation-url</name>
                    <value>http://www.jboss.org/jboss-marshalling-parent/jboss-marshalling</value>
                </evidence>
                <evidence>
                    <source>Manifest</source>
                    <name>Implementation-Vendor</name>
                    <value>JBoss, a division of Red Hat, Inc.</value>
                </evidence>
                <evidence>
                    <source>Manifest</source>
                    <name>Implementation-Vendor-Id</name>
                    <value>org.jboss.marshalling</value>
                </evidence>
                <evidence>
                    <source>Manifest</source>
                    <name>Implementation-Version</name>
                    <value>1.3.15.GA</value>
                </evidence>
                <evidence>
                    <source>Manifest</source>
                    <name>specification-title</name>
                    <value>JBoss Marshalling API</value>
                </evidence>
                <evidence>
                    <source>Manifest</source>
                    <name>specification-vendor</name>
                    <value>JBoss, a division of Red Hat, Inc.</value>
                </evidence>
                <evidence>
                    <source>Manifest</source>
                    <name>specification-version</name>
                    <value>1.3.15.GA</value>
                </evidence>
                <evidence>
                    <source>pom</source>
                    <name>artifactid</name>
                    <value>jboss-marshalling</value>
                </evidence>
                <evidence>
                    <source>pom</source>
                    <name>artifactid</name>
                    <value>jboss-marshalling</value>
                </evidence>
                <evidence>
                    <source>pom</source>
                    <name>description</name>
                    <value>JBoss Marshalling API</value>
                </evidence>
                <evidence>
                    <source>pom</source>
                    <name>groupid</name>
                    <value>jboss.marshalling</value>
                </evidence>
                <evidence>
                    <source>pom</source>
                    <name>groupid</name>
                    <value>jboss.marshalling</value>
                </evidence>
                <evidence>
                    <source>pom</source>
                    <name>name</name>
                    <value>JBoss Marshalling API</value>
                </evidence>
            </evidenceCollected>
            <identifiers>
                <identifier type="cpe">
                    <name>(cpe:/a:jboss:jboss)</name>
                    <url>http://web.nvd.nist.gov/view/vuln/search?cpe=cpe%3A%2Fa%3Ajboss%3Ajboss</url>
                </identifier>
            </identifiers>
            <vulnerabilities>
                <vulnerability>
                    <name>CVE-2007-1157</name>
                    <cvssScore>7.6</cvssScore>
                    <severity>High</severity>
                    <cwe>CWE-352</cwe>
                    <description>Cross-site request forgery (CSRF) vulnerability in jmx-console/HtmlAdaptor in JBoss allows remote attackers to perform privileged actions as administrators via certain MBean operations, a different vulnerability than CVE-2006-3733.</description>
                    <references>
                        <reference>
                            <source>BUGTRAQ</source>
                            <url>http://www.securityfocus.com/archive/1/archive/1/460934/100/0/threaded</url>
                            <name>20070222 JBoss jmx-console CSRF</name>
                        </reference>
                        <reference>
                            <source>BUGTRAQ</source>
                            <url>http://www.securityfocus.com/archive/1/461004/100/0/threaded</url>
                            <name>20070223 Re: JBoss jmx-console CSRF</name>
                        </reference>
                        <reference>
                            <source>OSVDB</source>
                            <url>http://osvdb.org/33142</url>
                            <name>33142</name>
                        </reference>
                        <reference>
                            <source>XF</source>
                            <url>http://xforce.iss.net/xforce/xfdb/32673</url>
                            <name>jboss-jmxconsole-csrf(32673)</name>
                        </reference>
                    </references>
                    <vulnerableSoftware>
                        <software>cpe:/a:jboss:jboss</software>
                    </vulnerableSoftware>
                </vulnerability>
            </vulnerabilities>
        </dependency>
        <dependency>
            <fileName>rhq-pluginAnnotations-3.0.4.jar</fileName>
            <filePath>/home/bcraig/Documents/Thesis/Analysis/reports/hibernate/3rdParty/rhq-pluginAnnotations-3.0.4.jar</filePath>
            <md5>38F17E7755198736DB6749A1A77B47FC</md5>
            <sha1>7A8F94FA824189F8BCF977C105607727C20B0595</sha1>
            <description>Annotations to help generate plugin descriptors</description>
            <evidenceCollected>
                <evidence>
                    <source>file</source>
                    <name>name</name>
                    <value>rhq-pluginAnnotations-3.0.4</value>
                </evidence>
                <evidence>
                    <source>jar</source>
                    <name>package name</name>
                    <value>helpers</value>
                </evidence>
                <evidence>
                    <source>jar</source>
                    <name>package name</name>
                    <value>pluginannotations</value>
                </evidence>
                <evidence>
                    <source>jar</source>
                    <name>package name</name>
                    <value>rhq</value>
                </evidence>
                <evidence>
                    <source>Manifest</source>
                    <name>Implementation-Title</name>
                    <value>RHQ Plugin Annotations</value>
                </evidence>
                <evidence>
                    <source>Manifest</source>
                    <name>Implementation-Vendor</name>
                    <value>Red Hat, Inc.</value>
                </evidence>
                <evidence>
                    <source>Manifest</source>
                    <name>Implementation-Vendor-Id</name>
                    <value>org.rhq.helpers</value>
                </evidence>
                <evidence>
                    <source>Manifest</source>
                    <name>java-vendor</name>
                    <value>Sun Microsystems Inc.</value>
                </evidence>
                <evidence>
                    <source>Manifest</source>
                    <name>os-name</name>
                    <value>Linux</value>
                </evidence>
                <evidence>
                    <source>Manifest</source>
                    <name>specification-title</name>
                    <value>RHQ Plugin Annotations</value>
                </evidence>
                <evidence>
                    <source>Manifest</source>
                    <name>specification-vendor</name>
                    <value>Red Hat, Inc.</value>
                </evidence>
                <evidence>
                    <source>pom</source>
                    <name>artifactid</name>
                    <value>rhq-pluginAnnotations</value>
                </evidence>
                <evidence>
                    <source>pom</source>
                    <name>artifactid</name>
                    <value>rhq-pluginAnnotations</value>
                </evidence>
                <evidence>
                    <source>pom</source>
                    <name>description</name>
                    <value>Annotations to help generate plugin descriptors</value>
                </evidence>
                <evidence>
                    <source>pom</source>
                    <name>groupid</name>
                    <value>rhq.helpers</value>
                </evidence>
                <evidence>
                    <source>pom</source>
                    <name>groupid</name>
                    <value>rhq.helpers</value>
                </evidence>
                <evidence>
                    <source>pom</source>
                    <name>name</name>
                    <value>RHQ Plugin Annotations</value>
                </evidence>
            </evidenceCollected>
        </dependency>
        <dependency>
            <fileName>slf4j-api-1.6.1.jar</fileName>
            <filePath>/home/bcraig/Documents/Thesis/Analysis/reports/hibernate/3rdParty/slf4j-api-1.6.1.jar</filePath>
            <md5>BFF6016DA57E19FB736D0F5742CE60AC</md5>
            <sha1>6F3B8A24BF970F17289B234284C94F43EB42F0E4</sha1>
            <description>The slf4j API</description>
            <evidenceCollected>
                <evidence>
                    <source>file</source>
                    <name>name</name>
                    <value>slf4j-api-1.6.1</value>
                </evidence>
                <evidence>
                    <source>jar</source>
                    <name>package name</name>
                    <value>slf4j</value>
                </evidence>
                <evidence>
                    <source>Manifest</source>
                    <name>Bundle-Name</name>
                    <value>slf4j-api</value>
                </evidence>
                <evidence>
                    <source>Manifest</source>
                    <name>bundle-requiredexecutionenvironment</name>
                    <value>J2SE-1.3</value>
                </evidence>
                <evidence>
                    <source>Manifest</source>
                    <name>bundle-symbolicname</name>
                    <value>slf4j.api</value>
                </evidence>
                <evidence>
                    <source>Manifest</source>
                    <name>Bundle-Vendor</name>
                    <value>SLF4J.ORG</value>
                </evidence>
                <evidence>
                    <source>Manifest</source>
                    <name>Implementation-Title</name>
                    <value>slf4j-api</value>
                </evidence>
                <evidence>
                    <source>pom</source>
                    <name>artifactid</name>
                    <value>slf4j-api</value>
                </evidence>
                <evidence>
                    <source>pom</source>
                    <name>artifactid</name>
                    <value>slf4j-api</value>
                </evidence>
                <evidence>
                    <source>pom</source>
                    <name>description</name>
                    <value>The slf4j API</value>
                </evidence>
                <evidence>
                    <source>pom</source>
                    <name>groupid</name>
                    <value>slf4j</value>
                </evidence>
                <evidence>
                    <source>pom</source>
                    <name>groupid</name>
                    <value>slf4j</value>
                </evidence>
                <evidence>
                    <source>pom</source>
                    <name>name</name>
                    <value>SLF4J API Module</value>
                </evidence>
            </evidenceCollected>
        </dependency>
        <dependency>
            <fileName>jboss-logging-3.1.0.GA.jar</fileName>
            <filePath>/home/bcraig/Documents/Thesis/Analysis/reports/hibernate/3rdParty/jboss-logging-3.1.0.GA.jar</filePath>
            <md5>735BCEA3E47FD715900CFB95EC68B50F</md5>
            <sha1>C71F2856E7B60EFE485DB39B37A31811E6C84365</sha1>
            <description>The JBoss Logging Framework</description>
            <license>GNU Lesser General Public License, version 2.1: http://www.gnu.org/licenses/lgpl-2.1.txt</license>
            <relatedDependencies>
                <relatedDependency>
                    <filePath>/home/bcraig/Documents/Thesis/Analysis/reports/hibernate/3rdParty/jboss-transaction-api_1.1_spec-1.0.1.Final.jar</filePath>
                    <sha1>18F0E1D42F010A8B53AA447BF274A706D5148852</sha1>
                    <md5>679CD909D6130E6BF467B291031E1E2D</md5>
                </relatedDependency>
            </relatedDependencies>
            <evidenceCollected>
                <evidence>
                    <source>file</source>
                    <name>name</name>
                    <value>3.1.0</value>
                </evidence>
                <evidence>
                    <source>file</source>
                    <name>name</name>
                    <value>jboss-logging-3.1.0.GA</value>
                </evidence>
                <evidence>
                    <source>file</source>
                    <name>name</name>
                    <value>jboss-logging-3.1.0.GA</value>
                </evidence>
                <evidence>
                    <source>jar</source>
                    <name>package name</name>
                    <value>jboss</value>
                </evidence>
                <evidence>
                    <source>jar</source>
                    <name>package name</name>
                    <value>logging</value>
                </evidence>
                <evidence>
                    <source>Manifest</source>
                    <name>bundle-docurl</name>
                    <value>http://www.jboss.org</value>
                </evidence>
                <evidence>
                    <source>Manifest</source>
                    <name>Bundle-Name</name>
                    <value>JBoss Logging 3</value>
                </evidence>
                <evidence>
                    <source>Manifest</source>
                    <name>bundle-symbolicname</name>
                    <value>org.jboss.logging.jboss-logging</value>
                </evidence>
                <evidence>
                    <source>Manifest</source>
                    <name>Bundle-Vendor</name>
                    <value>JBoss by Red Hat</value>
                </evidence>
                <evidence>
                    <source>Manifest</source>
                    <name>Bundle-Version</name>
                    <value>3.1.0.GA</value>
                </evidence>
                <evidence>
                    <source>Manifest</source>
                    <name>Implementation-Title</name>
                    <value>JBoss Logging 3</value>
                </evidence>
                <evidence>
                    <source>Manifest</source>
                    <name>implementation-url</name>
                    <value>http://www.jboss.org</value>
                </evidence>
                <evidence>
                    <source>Manifest</source>
                    <name>Implementation-Vendor</name>
                    <value>JBoss by Red Hat</value>
                </evidence>
                <evidence>
                    <source>Manifest</source>
                    <name>Implementation-Vendor-Id</name>
                    <value>org.jboss.logging</value>
                </evidence>
                <evidence>
                    <source>Manifest</source>
                    <name>Implementation-Version</name>
                    <value>3.1.0.GA</value>
                </evidence>
                <evidence>
                    <source>Manifest</source>
                    <name>specification-title</name>
                    <value>JBoss Logging 3</value>
                </evidence>
                <evidence>
                    <source>Manifest</source>
                    <name>specification-vendor</name>
                    <value>JBoss by Red Hat</value>
                </evidence>
                <evidence>
                    <source>Manifest</source>
                    <name>specification-version</name>
                    <value>3.1.0.GA</value>
                </evidence>
                <evidence>
                    <source>pom</source>
                    <name>artifactid</name>
                    <value>jboss-logging</value>
                </evidence>
                <evidence>
                    <source>pom</source>
                    <name>artifactid</name>
                    <value>jboss-logging</value>
                </evidence>
                <evidence>
                    <source>pom</source>
                    <name>description</name>
                    <value>The JBoss Logging Framework</value>
                </evidence>
                <evidence>
                    <source>pom</source>
                    <name>groupid</name>
                    <value>jboss.logging</value>
                </evidence>
                <evidence>
                    <source>pom</source>
                    <name>groupid</name>
                    <value>jboss.logging</value>
                </evidence>
                <evidence>
                    <source>pom</source>
                    <name>name</name>
                    <value>JBoss Logging 3</value>
                </evidence>
                <evidence>
                    <source>pom</source>
                    <name>version</name>
                    <value>3.1.0.GA</value>
                </evidence>
            </evidenceCollected>
            <identifiers>
                <identifier type="cpe">
                    <name>(cpe:/a:jboss:jboss)</name>
                    <url>http://web.nvd.nist.gov/view/vuln/search?cpe=cpe%3A%2Fa%3Ajboss%3Ajboss</url>
                </identifier>
            </identifiers>
            <vulnerabilities>
                <vulnerability>
                    <name>CVE-2007-1157</name>
                    <cvssScore>7.6</cvssScore>
                    <severity>High</severity>
                    <cwe>CWE-352</cwe>
                    <description>Cross-site request forgery (CSRF) vulnerability in jmx-console/HtmlAdaptor in JBoss allows remote attackers to perform privileged actions as administrators via certain MBean operations, a different vulnerability than CVE-2006-3733.</description>
                    <references>
                        <reference>
                            <source>BUGTRAQ</source>
                            <url>http://www.securityfocus.com/archive/1/archive/1/460934/100/0/threaded</url>
                            <name>20070222 JBoss jmx-console CSRF</name>
                        </reference>
                        <reference>
                            <source>BUGTRAQ</source>
                            <url>http://www.securityfocus.com/archive/1/461004/100/0/threaded</url>
                            <name>20070223 Re: JBoss jmx-console CSRF</name>
                        </reference>
                        <reference>
                            <source>OSVDB</source>
                            <url>http://osvdb.org/33142</url>
                            <name>33142</name>
                        </reference>
                        <reference>
                            <source>XF</source>
                            <url>http://xforce.iss.net/xforce/xfdb/32673</url>
                            <name>jboss-jmxconsole-csrf(32673)</name>
                        </reference>
                    </references>
                    <vulnerableSoftware>
                        <software>cpe:/a:jboss:jboss</software>
                    </vulnerableSoftware>
                </vulnerability>
            </vulnerabilities>
        </dependency>
        <dependency>
            <fileName>proxool-0.8.3.jar</fileName>
            <filePath>/home/bcraig/Documents/Thesis/Analysis/reports/hibernate/3rdParty/proxool-0.8.3.jar</filePath>
            <md5>74530C6AE82A445F6DD19B7D99F52A79</md5>
            <sha1>E6867BA5B64E9FA4ED8C33FC89887105E90D003B</sha1>
            <evidenceCollected>
                <evidence>
                    <source>file</source>
                    <name>name</name>
                    <value>proxool-0.8.3</value>
                </evidence>
                <evidence>
                    <source>jar</source>
                    <name>package</name>
                    <value>logicalcobwebs</value>
                </evidence>
            </evidenceCollected>
        </dependency>
        <dependency>
            <fileName>gradle-wrapper.jar</fileName>
            <filePath>/home/bcraig/Documents/Thesis/Analysis/reports/hibernate/3rdParty/gradle-wrapper.jar</filePath>
            <md5>8F5EEE293C39820CB594F40AFF522508</md5>
            <sha1>40EBBA9BEA547837E92DF199C2EDCBE5461912FD</sha1>
            <evidenceCollected>
                <evidence>
                    <source>file</source>
                    <name>name</name>
                    <value>gradle-wrapper</value>
                </evidence>
                <evidence>
                    <source>jar</source>
                    <name>package</name>
                    <value>gradle</value>
                </evidence>
                <evidence>
                    <source>jar</source>
                    <name>package</name>
                    <value>wrapper</value>
                </evidence>
            </evidenceCollected>
        </dependency>
        <dependency>
            <fileName>dom4j-1.6.1.jar</fileName>
            <filePath>/home/bcraig/Documents/Thesis/Analysis/reports/hibernate/3rdParty/dom4j-1.6.1.jar</filePath>
            <md5>4D8F51D3FE3900EFC6E395BE48030D6D</md5>
            <sha1>5D3CCC056B6F056DBF0DDDFDF43894B9065A8F94</sha1>
            <evidenceCollected>
                <evidence>
                    <source>file</source>
                    <name>name</name>
                    <value>dom4j-1.6.1</value>
                </evidence>
                <evidence>
                    <source>jar</source>
                    <name>package</name>
                    <value>dom4j</value>
                </evidence>
                <evidence>
                    <source>jar</source>
                    <name>package name</name>
                    <value>dom</value>
                </evidence>
                <evidence>
                    <source>jar</source>
                    <name>package name</name>
                    <value>dom4j</value>
                </evidence>
                <evidence>
                    <source>Manifest</source>
                    <name>extension-name</name>
                    <value>dom4j</value>
                </evidence>
                <evidence>
                    <source>Manifest</source>
                    <name>Implementation-Title</name>
                    <value>org.dom4j</value>
                </evidence>
                <evidence>
                    <source>Manifest</source>
                    <name>Implementation-Vendor</name>
                    <value>MetaStuff Ltd.</value>
                </evidence>
                <evidence>
                    <source>Manifest</source>
                    <name>specification-title</name>
                    <value>dom4j : XML framework for Java</value>
                </evidence>
                <evidence>
                    <source>Manifest</source>
                    <name>specification-vendor</name>
                    <value>MetaStuff Ltd.</value>
                </evidence>
            </evidenceCollected>
        </dependency>
        <dependency>
            <fileName>ehcache-core-2.4.3.jar</fileName>
            <filePath>/home/bcraig/Documents/Thesis/Analysis/reports/hibernate/3rdParty/ehcache-core-2.4.3.jar</filePath>
            <md5>9D4B1464A2FCBC16AE46740669A0DAB8</md5>
            <sha1>FD258EF6959F27FB678B04F90139DED4588E2D15</sha1>
            <description>This is the ehcache core module. Pair it with other modules for added
        functionality.
    </description>
            <license>The Apache Software License, Version 2.0: src/assemble/EHCACHE-CORE-LICENSE.txt</license>
            <evidenceCollected>
                <evidence>
                    <source>file</source>
                    <name>name</name>
                    <value>ehcache-core-2.4.3</value>
                </evidence>
                <evidence>
                    <source>jar</source>
                    <name>package</name>
                    <value>ehcache</value>
                </evidence>
                <evidence>
                    <source>jar</source>
                    <name>package</name>
                    <value>net</value>
                </evidence>
                <evidence>
                    <source>jar</source>
                    <name>package</name>
                    <value>sf</value>
                </evidence>
                <evidence>
                    <source>jar</source>
                    <name>package name</name>
                    <value>cache</value>
                </evidence>
                <evidence>
                    <source>jar</source>
                    <name>package name</name>
                    <value>ehcache</value>
                </evidence>
                <evidence>
                    <source>pom</source>
                    <name>artifactid</name>
                    <value>ehcache-core</value>
                </evidence>
                <evidence>
                    <source>pom</source>
                    <name>artifactid</name>
                    <value>ehcache-core</value>
                </evidence>
                <evidence>
                    <source>pom</source>
                    <name>description</name>
                    <value>This is the ehcache core module. Pair it with other modules for added
        functionality.</value>
                </evidence>
                <evidence>
                    <source>pom</source>
                    <name>name</name>
                    <value>Ehcache Core</value>
                </evidence>
            </evidenceCollected>
        </dependency>
        <dependency>
            <fileName>infinispan-core-5.2.0.Beta3.jar</fileName>
            <filePath>/home/bcraig/Documents/Thesis/Analysis/reports/hibernate/3rdParty/infinispan-core-5.2.0.Beta3.jar</filePath>
            <md5>539215A205059BB143A159BC9B8D6317</md5>
            <sha1>B4655FF30BEE7413598B64B62105736B94D7EC34</sha1>
            <description>Infinispan core module</description>
            <license>http://repository.jboss.org/licenses/lgpl-2.1.txt</license>
            <evidenceCollected>
                <evidence>
                    <source>file</source>
                    <name>name</name>
                    <value>infinispan-core-5.2.0.Beta3</value>
                </evidence>
                <evidence>
                    <source>jar</source>
                    <name>package name</name>
                    <value>infinispan</value>
                </evidence>
                <evidence>
                    <source>jar</source>
                    <name>package name</name>
                    <value>io</value>
                </evidence>
                <evidence>
                    <source>jar</source>
                    <name>package name</name>
                    <value>jboss</value>
                </evidence>
                <evidence>
                    <source>jar</source>
                    <name>package name</name>
                    <value>module</value>
                </evidence>
                <evidence>
                    <source>Manifest</source>
                    <name>bundle-docurl</name>
                    <value>http://www.infinispan.org/</value>
                </evidence>
                <evidence>
                    <source>Manifest</source>
                    <name>Bundle-Name</name>
                    <value>Infinispan Core</value>
                </evidence>
                <evidence>
                    <source>Manifest</source>
                    <name>bundle-symbolicname</name>
                    <value>org.infinispan.core</value>
                </evidence>
                <evidence>
                    <source>Manifest</source>
                    <name>Bundle-Vendor</name>
                    <value>JBoss, a division of Red Hat</value>
                </evidence>
                <evidence>
                    <source>Manifest</source>
                    <name>Implementation-Title</name>
                    <value>Infinispan Core</value>
                </evidence>
                <evidence>
                    <source>Manifest</source>
                    <name>Implementation-Vendor</name>
                    <value>JBoss, a division of Red Hat</value>
                </evidence>
                <evidence>
                    <source>Manifest</source>
                    <name>Implementation-Vendor-Id</name>
                    <value>org.infinispan</value>
                </evidence>
                <evidence>
                    <source>Manifest</source>
                    <name>specification-title</name>
                    <value>Infinispan Core</value>
                </evidence>
                <evidence>
                    <source>Manifest</source>
                    <name>specification-vendor</name>
                    <value>JBoss, a division of Red Hat</value>
                </evidence>
                <evidence>
                    <source>pom</source>
                    <name>artifactid</name>
                    <value>infinispan-core</value>
                </evidence>
                <evidence>
                    <source>pom</source>
                    <name>artifactid</name>
                    <value>infinispan-core</value>
                </evidence>
                <evidence>
                    <source>pom</source>
                    <name>description</name>
                    <value>Infinispan core module</value>
                </evidence>
                <evidence>
                    <source>pom</source>
                    <name>name</name>
                    <value>Infinispan Core</value>
                </evidence>
            </evidenceCollected>
        </dependency>
        <dependency>
            <fileName>jgroups-3.2.0.CR1.jar</fileName>
            <filePath>/home/bcraig/Documents/Thesis/Analysis/reports/hibernate/3rdParty/jgroups-3.2.0.CR1.jar</filePath>
            <md5>48760471D3F9E71B5A40D7A3598FB1E0</md5>
            <sha1>C389A54515D1DDA9A3BF0403DB2B59C0D9F890B2</sha1>
            <description>build.xml file for JGroups. Needs Ant (jakarta.apache.org) to run</description>
            <license>http://www.opensource.org/licenses/lgpl-2.1.php</license>
            <evidenceCollected>
                <evidence>
                    <source>file</source>
                    <name>name</name>
                    <value>3.2.0.cr1</value>
                </evidence>
                <evidence>
                    <source>file</source>
                    <name>name</name>
                    <value>jgroups-3.2.0.CR1</value>
                </evidence>
                <evidence>
                    <source>file</source>
                    <name>name</name>
                    <value>jgroups-3.2.0.CR1</value>
                </evidence>
                <evidence>
                    <source>jar</source>
                    <name>package</name>
                    <value>jgroups</value>
                </evidence>
                <evidence>
                    <source>jar</source>
                    <name>package name</name>
                    <value>jgroups</value>
                </evidence>
                <evidence>
                    <source>jar</source>
                    <name>package name</name>
                    <value>tp</value>
                </evidence>
                <evidence>
                    <source>Manifest</source>
                    <name>bundle-docurl</name>
                    <value>http://www.jboss.org</value>
                </evidence>
                <evidence>
                    <source>Manifest</source>
                    <name>Bundle-Name</name>
                    <value>JGroups</value>
                </evidence>
                <evidence>
                    <source>Manifest</source>
                    <name>bundle-requiredexecutionenvironment</name>
                    <value>J2SE-1.5</value>
                </evidence>
                <evidence>
                    <source>Manifest</source>
                    <name>bundle-symbolicname</name>
                    <value>org.jgroups</value>
                </evidence>
                <evidence>
                    <source>Manifest</source>
                    <name>Bundle-Vendor</name>
                    <value>JBoss, a division of Red Hat</value>
                </evidence>
                <evidence>
                    <source>Manifest</source>
                    <name>Bundle-Version</name>
                    <value>3.2.0.CR1</value>
                </evidence>
                <evidence>
                    <source>Manifest</source>
                    <name>Implementation-Version</name>
                    <value>3.2.0.CR1</value>
                </evidence>
            </evidenceCollected>
            <identifiers>
                <identifier type="cpe">
                    <name>(cpe:/a:jboss:jboss)</name>
                    <url>http://web.nvd.nist.gov/view/vuln/search?cpe=cpe%3A%2Fa%3Ajboss%3Ajboss</url>
                </identifier>
            </identifiers>
            <vulnerabilities>
                <vulnerability>
                    <name>CVE-2007-1157</name>
                    <cvssScore>7.6</cvssScore>
                    <severity>High</severity>
                    <cwe>CWE-352</cwe>
                    <description>Cross-site request forgery (CSRF) vulnerability in jmx-console/HtmlAdaptor in JBoss allows remote attackers to perform privileged actions as administrators via certain MBean operations, a different vulnerability than CVE-2006-3733.</description>
                    <references>
                        <reference>
                            <source>BUGTRAQ</source>
                            <url>http://www.securityfocus.com/archive/1/archive/1/460934/100/0/threaded</url>
                            <name>20070222 JBoss jmx-console CSRF</name>
                        </reference>
                        <reference>
                            <source>BUGTRAQ</source>
                            <url>http://www.securityfocus.com/archive/1/461004/100/0/threaded</url>
                            <name>20070223 Re: JBoss jmx-console CSRF</name>
                        </reference>
                        <reference>
                            <source>OSVDB</source>
                            <url>http://osvdb.org/33142</url>
                            <name>33142</name>
                        </reference>
                        <reference>
                            <source>XF</source>
                            <url>http://xforce.iss.net/xforce/xfdb/32673</url>
                            <name>jboss-jmxconsole-csrf(32673)</name>
                        </reference>
                    </references>
                    <vulnerableSoftware>
                        <software>cpe:/a:jboss:jboss</software>
                    </vulnerableSoftware>
                </vulnerability>
            </vulnerabilities>
        </dependency>
        <dependency>
            <fileName>javassist-3.15.0-GA.jar</fileName>
            <filePath>/home/bcraig/Documents/Thesis/Analysis/reports/hibernate/3rdParty/javassist-3.15.0-GA.jar</filePath>
            <md5>2FCAE06EEDCDDD3E5B0FE32416F99C1C</md5>
            <sha1>79907309CA4BB4E5E51D4086CC4179B2611358D7</sha1>
            <description>Javassist (JAVA programming ASSISTant) makes Java bytecode manipulation
     simple.  It is a class library for editing bytecodes in Java.
  </description>
            <license>MPL 1.1: http://www.mozilla.org/MPL/MPL-1.1.html
LGPL 2.1: http://www.gnu.org/licenses/lgpl-2.1.html
Apache License 2.0: http://www.apache.org/licenses/</license>
            <evidenceCollected>
                <evidence>
                    <source>file</source>
                    <name>name</name>
                    <value>javassist-3.15.0-GA</value>
                </evidence>
                <evidence>
                    <source>jar</source>
                    <name>package name</name>
                    <value>bytecode</value>
                </evidence>
                <evidence>
                    <source>jar</source>
                    <name>package name</name>
                    <value>javassist</value>
                </evidence>
                <evidence>
                    <source>Manifest</source>
                    <name>specification-title</name>
                    <value>Javassist</value>
                </evidence>
                <evidence>
                    <source>Manifest</source>
                    <name>specification-vendor</name>
                    <value>Shigeru Chiba</value>
                </evidence>
                <evidence>
                    <source>pom</source>
                    <name>artifactid</name>
                    <value>javassist</value>
                </evidence>
                <evidence>
                    <source>pom</source>
                    <name>artifactid</name>
                    <value>javassist</value>
                </evidence>
                <evidence>
                    <source>pom</source>
                    <name>description</name>
                    <value>Javassist (JAVA programming ASSISTant) makes Java bytecode manipulation
     simple.  It is a class library for editing bytecodes in Java.</value>
                </evidence>
                <evidence>
                    <source>pom</source>
                    <name>groupid</name>
                    <value>javassist</value>
                </evidence>
                <evidence>
                    <source>pom</source>
                    <name>groupid</name>
                    <value>javassist</value>
                </evidence>
                <evidence>
                    <source>pom</source>
                    <name>name</name>
                    <value>Javassist</value>
                </evidence>
            </evidenceCollected>
        </dependency>
    </dependencies>
</analysis>