<?xml version="1.0"?>
<analysis xmlns="https://www.owasp.org/index.php/OWASP_Dependency_Check">
    <projectInfo>
        <name>informa</name>
        <reportDate>Feb 18, 2014 2:25:17 PM</reportDate>
        <credits>This report contains data retrieved from the National Vulnerability Database: http://nvd.nist.gov</credits>
    </projectInfo>
    <dependencies>
        <dependency>
            <fileName>junit.jar</fileName>
            <filePath>/home/bcraig/Documents/Thesis/Analysis/reports/informa/3rdParty/junit.jar</filePath>
            <md5>1F40FB782A4F2CF78F161D32670F7A3A</md5>
            <sha1>99129F16442844F6A4A11AE22FBBEE40B14D774F</sha1>
            <evidenceCollected>
                <evidence>
                    <source>file</source>
                    <name>name</name>
                    <value>junit</value>
                </evidence>
                <evidence>
                    <source>jar</source>
                    <name>package</name>
                    <value>junit</value>
                </evidence>
            </evidenceCollected>
        </dependency>
        <dependency>
            <fileName>jdom.jar</fileName>
            <filePath>/home/bcraig/Documents/Thesis/Analysis/reports/informa/3rdParty/jdom.jar</filePath>
            <md5>0B8F97DE82FC9529B1028A77125CE4F8</md5>
            <sha1>A2AC1CD690AB4C80DEFE7F9BCE14D35934C35CEC</sha1>
            <evidenceCollected>
                <evidence>
                    <source>file</source>
                    <name>name</name>
                    <value>jdom</value>
                </evidence>
                <evidence>
                    <source>jar</source>
                    <name>package</name>
                    <value>jdom</value>
                </evidence>
            </evidenceCollected>
        </dependency>
        <dependency>
            <fileName>hibernate3.jar</fileName>
            <filePath>/home/bcraig/Documents/Thesis/Analysis/reports/informa/3rdParty/hibernate3.jar</filePath>
            <md5>78D5C38F1415EFC64F7498F828D8069A</md5>
            <sha1>6FB4CFD6018A7F67968D79A63D24D756266A2349</sha1>
            <evidenceCollected>
                <evidence>
                    <source>file</source>
                    <name>name</name>
                    <value>hibernate3</value>
                </evidence>
                <evidence>
                    <source>jar</source>
                    <name>package</name>
                    <value>hibernate</value>
                </evidence>
            </evidenceCollected>
        </dependency>
        <dependency>
            <fileName>lucene.jar</fileName>
            <filePath>/home/bcraig/Documents/Thesis/Analysis/reports/informa/3rdParty/lucene.jar</filePath>
            <md5>9E63F898D71BE8E7F79C0AAB62CF6B36</md5>
            <sha1>65AB2B91E4DDE9E885D5CF4CB27A84AF770AA841</sha1>
            <evidenceCollected>
                <evidence>
                    <source>file</source>
                    <name>name</name>
                    <value>lucene</value>
                </evidence>
                <evidence>
                    <source>jar</source>
                    <name>package</name>
                    <value>apache</value>
                </evidence>
                <evidence>
                    <source>jar</source>
                    <name>package</name>
                    <value>lucene</value>
                </evidence>
            </evidenceCollected>
        </dependency>
        <dependency>
            <fileName>asm.jar</fileName>
            <filePath>/home/bcraig/Documents/Thesis/Analysis/reports/informa/3rdParty/asm.jar</filePath>
            <md5>8A687877EB19F83B8E62AC51D3499C35</md5>
            <sha1>2D70DD1FB76FCC49C131C6D841D62532870909D0</sha1>
            <evidenceCollected>
                <evidence>
                    <source>file</source>
                    <name>name</name>
                    <value>asm</value>
                </evidence>
                <evidence>
                    <source>jar</source>
                    <name>package</name>
                    <value>asm</value>
                </evidence>
                <evidence>
                    <source>jar</source>
                    <name>package</name>
                    <value>objectweb</value>
                </evidence>
                <evidence>
                    <source>jar</source>
                    <name>package name</name>
                    <value>asm</value>
                </evidence>
                <evidence>
                    <source>Manifest</source>
                    <name>Implementation-Title</name>
                    <value>ASM</value>
                </evidence>
                <evidence>
                    <source>Manifest</source>
                    <name>Implementation-Vendor</name>
                    <value>France Telecom R&amp;D</value>
                </evidence>
            </evidenceCollected>
        </dependency>
        <dependency>
            <fileName>dom4j.jar</fileName>
            <filePath>/home/bcraig/Documents/Thesis/Analysis/reports/informa/3rdParty/dom4j.jar</filePath>
            <md5>4D8F51D3FE3900EFC6E395BE48030D6D</md5>
            <sha1>5D3CCC056B6F056DBF0DDDFDF43894B9065A8F94</sha1>
            <evidenceCollected>
                <evidence>
                    <source>file</source>
                    <name>name</name>
                    <value>dom4j</value>
                </evidence>
                <evidence>
                    <source>jar</source>
                    <name>package</name>
                    <value>dom4j</value>
                </evidence>
                <evidence>
                    <source>jar</source>
                    <name>package name</name>
                    <value>dom</value>
                </evidence>
                <evidence>
                    <source>jar</source>
                    <name>package name</name>
                    <value>dom4j</value>
                </evidence>
                <evidence>
                    <source>Manifest</source>
                    <name>extension-name</name>
                    <value>dom4j</value>
                </evidence>
                <evidence>
                    <source>Manifest</source>
                    <name>Implementation-Title</name>
                    <value>org.dom4j</value>
                </evidence>
                <evidence>
                    <source>Manifest</source>
                    <name>Implementation-Vendor</name>
                    <value>MetaStuff Ltd.</value>
                </evidence>
                <evidence>
                    <source>Manifest</source>
                    <name>specification-title</name>
                    <value>dom4j : XML framework for Java</value>
                </evidence>
                <evidence>
                    <source>Manifest</source>
                    <name>specification-vendor</name>
                    <value>MetaStuff Ltd.</value>
                </evidence>
            </evidenceCollected>
        </dependency>
        <dependency>
            <fileName>spring.jar</fileName>
            <filePath>/home/bcraig/Documents/Thesis/Analysis/reports/informa/3rdParty/spring.jar</filePath>
            <md5>1570DD72C4EEAA95C3F9C93CED59D4C4</md5>
            <sha1>CAAE7AD0758A7FC35D6F45F990C49FA2030BBB09</sha1>
            <relatedDependencies>
                <relatedDependency>
                    <filePath>/home/bcraig/Documents/Thesis/Analysis/reports/informa/3rdParty/spring-mock.jar</filePath>
                    <sha1>1B88E4E58B1B068647DB018608C177B2C4C7920A</sha1>
                    <md5>E2304B5B16505DAC79534DDEA1BD1D92</md5>
                </relatedDependency>
            </relatedDependencies>
            <evidenceCollected>
                <evidence>
                    <source>file</source>
                    <name>name</name>
                    <value>spring</value>
                </evidence>
                <evidence>
                    <source>hint analyzer</source>
                    <name>product</name>
                    <value>springsource_spring_framework</value>
                </evidence>
                <evidence>
                    <source>hint analyzer</source>
                    <name>vendor</name>
                    <value>SpringSource</value>
                </evidence>
                <evidence>
                    <source>hint analyzer</source>
                    <name>vendor</name>
                    <value>vmware</value>
                </evidence>
                <evidence>
                    <source>jar</source>
                    <name>package</name>
                    <value>springframework</value>
                </evidence>
                <evidence>
                    <source>jar</source>
                    <name>package name</name>
                    <value>framework</value>
                </evidence>
                <evidence>
                    <source>Manifest</source>
                    <name>Implementation-Title</name>
                    <value>Spring Framework</value>
                </evidence>
                <evidence>
                    <source>Manifest</source>
                    <name>Implementation-Version</name>
                    <value>2.0</value>
                </evidence>
                <evidence>
                    <source>Manifest</source>
                    <name>spring-version</name>
                    <value>2.0</value>
                </evidence>
            </evidenceCollected>
            <identifiers>
                <identifier type="cpe">
                    <name>(cpe:/a:springsource:spring_framework:2.0)</name>
                    <url>http://web.nvd.nist.gov/view/vuln/search?cpe=cpe%3A%2Fa%3Aspringsource%3Aspring_framework%3A2.0</url>
                </identifier>
                <identifier type="cpe">
                    <name>(cpe:/a:vmware:springsource_spring_framework:2.0)</name>
                </identifier>
            </identifiers>
            <vulnerabilities>
                <vulnerability>
                    <name>CVE-2013-7315</name>
                    <cvssScore>6.8</cvssScore>
                    <severity>Medium</severity>
                    <cwe>CWE-264 Permissions, Privileges, and Access Controls</cwe>
                    <description>The Spring MVC in Spring Framework before 3.2.4 and 4.0.0.M1 through 4.0.0.M2 does not disable external entity resolution for the StAX XMLInputFactory, which allows context-dependent attackers to read arbitrary files, cause a denial of service, and conduct CSRF attacks via crafted XML with JAXB, aka an XML External Entity (XXE) issue, and a different vulnerability than CVE-2013-4152.  NOTE: this issue was SPLIT from CVE-2013-4152 due to different affected versions.</description>
                    <references>
                        <reference>
                            <source>BUGTRAQ</source>
                            <url>http://seclists.org/bugtraq/2013/Aug/154</url>
                            <name>20130822 CVE-2013-4152 XML External Entity (XXE) injection in Spring Framework</name>
                        </reference>
                        <reference>
                            <source>CONFIRM</source>
                            <url>http://www.gopivotal.com/security/cve-2013-4152</url>
                            <name>http://www.gopivotal.com/security/cve-2013-4152</name>
                        </reference>
                        <reference>
                            <source>CONFIRM</source>
                            <url>https://jira.springsource.org/browse/SPR-10806</url>
                            <name>https://jira.springsource.org/browse/SPR-10806</name>
                        </reference>
                        <reference>
                            <source>DEBIAN</source>
                            <url>http://www.debian.org/security/2014/dsa-2842</url>
                            <name>DSA-2842</name>
                        </reference>
                        <reference>
                            <source>FULLDISC</source>
                            <url>http://seclists.org/fulldisclosure/2013/Nov/14</url>
                            <name>20131102 XXE Injection in Spring Framework</name>
                        </reference>
                    </references>
                    <vulnerableSoftware>
                        <software>cpe:/a:springsource:spring_framework:3.0.0</software>
                        <software>cpe:/a:springsource:spring_framework:3.0.0:m1</software>
                        <software>cpe:/a:springsource:spring_framework:3.0.0:m2</software>
                        <software>cpe:/a:springsource:spring_framework:3.0.0:m3</software>
                        <software>cpe:/a:springsource:spring_framework:3.0.0:m4</software>
                        <software>cpe:/a:springsource:spring_framework:3.0.0:rc1</software>
                        <software>cpe:/a:springsource:spring_framework:3.0.0:rc2</software>
                        <software>cpe:/a:springsource:spring_framework:3.0.0:rc3</software>
                        <software>cpe:/a:springsource:spring_framework:3.0.0.m1</software>
                        <software>cpe:/a:springsource:spring_framework:3.0.0.m2</software>
                        <software>cpe:/a:springsource:spring_framework:3.0.1</software>
                        <software>cpe:/a:springsource:spring_framework:3.0.2</software>
                        <software>cpe:/a:springsource:spring_framework:3.0.3</software>
                        <software>cpe:/a:springsource:spring_framework:3.0.4</software>
                        <software>cpe:/a:springsource:spring_framework:3.0.5</software>
                        <software>cpe:/a:springsource:spring_framework:3.0.6</software>
                        <software>cpe:/a:springsource:spring_framework:3.0.7</software>
                        <software>cpe:/a:springsource:spring_framework:3.1.0</software>
                        <software>cpe:/a:springsource:spring_framework:3.1.1</software>
                        <software>cpe:/a:springsource:spring_framework:3.1.2</software>
                        <software>cpe:/a:springsource:spring_framework:3.1.3</software>
                        <software>cpe:/a:springsource:spring_framework:3.1.4</software>
                        <software>cpe:/a:springsource:spring_framework:3.2.0</software>
                        <software>cpe:/a:springsource:spring_framework:3.2.1</software>
                        <software>cpe:/a:springsource:spring_framework:3.2.2</software>
                        <software allPreviousVersion="true">cpe:/a:springsource:spring_framework:3.2.3</software>
                        <software>cpe:/a:springsource:spring_framework:4.0.0:m1</software>
                        <software>cpe:/a:springsource:spring_framework:4.0.0:m2</software>
                    </vulnerableSoftware>
                </vulnerability>
                <vulnerability>
                    <name>CVE-2013-6429</name>
                    <cvssScore>6.8</cvssScore>
                    <severity>Medium</severity>
                    <cwe>CWE-352</cwe>
                    <description>The SourceHttpMessageConverter in Spring MVC in Spring Framework before 3.2.5 and 4.0.0.M1 through 4.0.0.RC1 does not disable external entity resolution, which allows remote attackers to read arbitrary files, cause a denial of service, and conduct CSRF attacks via crafted XML, aka an XML External Entity (XXE) issue, and a different vulnerability than CVE-2013-4152 and CVE-2013-7315.</description>
                    <references>
                        <reference>
                            <source>BUGTRAQ</source>
                            <url>http://www.securityfocus.com/archive/1/archive/1/530770/100/0/threaded</url>
                            <name>20140114 CVE-2013-6429 Fix for XML External Entity (XXE) injection (CVE-2013-4152) in Spring Framework was incomplete</name>
                        </reference>
                        <reference>
                            <source>CONFIRM</source>
                            <url>http://www.gopivotal.com/security/cve-2013-6429</url>
                            <name>http://www.gopivotal.com/security/cve-2013-6429</name>
                        </reference>
                        <reference>
                            <source>CONFIRM</source>
                            <url>https://jira.springsource.org/browse/SPR-11078?page=com.atlassian.jira.plugin.system.issuetabpanels:worklog-tabpanel</url>
                            <name>https://jira.springsource.org/browse/SPR-11078?page=com.atlassian.jira.plugin.system.issuetabpanels:worklog-tabpanel</name>
                        </reference>
                    </references>
                    <vulnerableSoftware>
                        <software>cpe:/a:springsource:spring_framework:1.1.0</software>
                        <software>cpe:/a:springsource:spring_framework:2.0</software>
                        <software>cpe:/a:springsource:spring_framework:2.0:m1</software>
                        <software>cpe:/a:springsource:spring_framework:2.0:m2</software>
                        <software>cpe:/a:springsource:spring_framework:2.0:m3</software>
                        <software>cpe:/a:springsource:spring_framework:2.0:m4</software>
                        <software>cpe:/a:springsource:spring_framework:2.0:m5</software>
                        <software>cpe:/a:springsource:spring_framework:2.0:rc1</software>
                        <software>cpe:/a:springsource:spring_framework:2.0:rc2</software>
                        <software>cpe:/a:springsource:spring_framework:2.0:rc3</software>
                        <software>cpe:/a:springsource:spring_framework:2.0:rc4</software>
                        <software>cpe:/a:springsource:spring_framework:2.0.1</software>
                        <software>cpe:/a:springsource:spring_framework:2.0.2</software>
                        <software>cpe:/a:springsource:spring_framework:2.0.3</software>
                        <software>cpe:/a:springsource:spring_framework:2.0.4</software>
                        <software>cpe:/a:springsource:spring_framework:2.0.5</software>
                        <software>cpe:/a:springsource:spring_framework:2.1:m1</software>
                        <software>cpe:/a:springsource:spring_framework:2.1:m2</software>
                        <software>cpe:/a:springsource:spring_framework:2.1:m3</software>
                        <software>cpe:/a:springsource:spring_framework:2.1:m4</software>
                        <software>cpe:/a:springsource:spring_framework:2.5.0</software>
                        <software>cpe:/a:springsource:spring_framework:2.5.0:rc1</software>
                        <software>cpe:/a:springsource:spring_framework:2.5.0:rc2</software>
                        <software>cpe:/a:springsource:spring_framework:2.5.1</software>
                        <software>cpe:/a:springsource:spring_framework:2.5.2</software>
                        <software>cpe:/a:springsource:spring_framework:2.5.3</software>
                        <software>cpe:/a:springsource:spring_framework:2.5.4</software>
                        <software>cpe:/a:springsource:spring_framework:2.5.5</software>
                        <software>cpe:/a:springsource:spring_framework:2.5.6</software>
                        <software>cpe:/a:springsource:spring_framework:2.5.7</software>
                        <software>cpe:/a:springsource:spring_framework:2.5.7_sr01</software>
                        <software>cpe:/a:springsource:spring_framework:3.0.0</software>
                        <software>cpe:/a:springsource:spring_framework:3.0.0:m1</software>
                        <software>cpe:/a:springsource:spring_framework:3.0.0:m2</software>
                        <software>cpe:/a:springsource:spring_framework:3.0.0:m3</software>
                        <software>cpe:/a:springsource:spring_framework:3.0.0:m4</software>
                        <software>cpe:/a:springsource:spring_framework:3.0.0:rc1</software>
                        <software>cpe:/a:springsource:spring_framework:3.0.0:rc2</software>
                        <software>cpe:/a:springsource:spring_framework:3.0.0:rc3</software>
                        <software>cpe:/a:springsource:spring_framework:3.0.0.m1</software>
                        <software>cpe:/a:springsource:spring_framework:3.0.0.m2</software>
                        <software>cpe:/a:springsource:spring_framework:3.0.1</software>
                        <software>cpe:/a:springsource:spring_framework:3.0.2</software>
                        <software>cpe:/a:springsource:spring_framework:3.0.3</software>
                        <software>cpe:/a:springsource:spring_framework:3.0.4</software>
                        <software>cpe:/a:springsource:spring_framework:3.0.5</software>
                        <software>cpe:/a:springsource:spring_framework:3.0.6</software>
                        <software>cpe:/a:springsource:spring_framework:3.0.7</software>
                        <software>cpe:/a:springsource:spring_framework:3.1.0</software>
                        <software>cpe:/a:springsource:spring_framework:3.1.1</software>
                        <software>cpe:/a:springsource:spring_framework:3.1.2</software>
                        <software>cpe:/a:springsource:spring_framework:3.1.3</software>
                        <software>cpe:/a:springsource:spring_framework:3.1.4</software>
                        <software>cpe:/a:springsource:spring_framework:3.2.0</software>
                        <software>cpe:/a:springsource:spring_framework:3.2.1</software>
                        <software>cpe:/a:springsource:spring_framework:3.2.2</software>
                        <software>cpe:/a:springsource:spring_framework:3.2.3</software>
                        <software allPreviousVersion="true">cpe:/a:springsource:spring_framework:3.2.4</software>
                        <software>cpe:/a:springsource:spring_framework:4.0.0:m1</software>
                        <software>cpe:/a:springsource:spring_framework:4.0.0:m2</software>
                        <software>cpe:/a:springsource:spring_framework:4.0.0:rc1</software>
                    </vulnerableSoftware>
                </vulnerability>
                <vulnerability>
                    <name>CVE-2013-4152</name>
                    <cvssScore>6.8</cvssScore>
                    <severity>Medium</severity>
                    <cwe>CWE-264 Permissions, Privileges, and Access Controls</cwe>
                    <description>The Spring OXM wrapper in Spring Framework before 3.2.4 and 4.0.0.M1, when using the JAXB marshaller, does not disable entity resolution, which allows context-dependent attackers to read arbitrary files, cause a denial of service, and conduct CSRF attacks via an XML external entity declaration in conjunction with an entity reference in a (1) DOMSource, (2) StAXSource, (3) SAXSource, or (4) StreamSource, aka an XML External Entity (XXE) issue.</description>
                    <references>
                        <reference>
                            <source>BUGTRAQ</source>
                            <url>http://seclists.org/bugtraq/2013/Aug/154</url>
                            <name>20130822 CVE-2013-4152 XML External Entity (XXE) injection in Spring Framework</name>
                        </reference>
                        <reference>
                            <source>CONFIRM</source>
                            <url>http://www.gopivotal.com/security/cve-2013-4152</url>
                            <name>http://www.gopivotal.com/security/cve-2013-4152</name>
                        </reference>
                        <reference>
                            <source>CONFIRM</source>
                            <url>https://github.com/spring-projects/spring-framework/pull/317/files</url>
                            <name>https://github.com/spring-projects/spring-framework/pull/317/files</name>
                        </reference>
                        <reference>
                            <source>CONFIRM</source>
                            <url>https://jira.springsource.org/browse/SPR-10806</url>
                            <name>https://jira.springsource.org/browse/SPR-10806</name>
                        </reference>
                        <reference>
                            <source>DEBIAN</source>
                            <url>http://www.debian.org/security/2014/dsa-2842</url>
                            <name>DSA-2842</name>
                        </reference>
                        <reference>
                            <source>FULLDISC</source>
                            <url>http://seclists.org/fulldisclosure/2013/Nov/14</url>
                            <name>20131102 XXE Injection in Spring Framework</name>
                        </reference>
                        <reference>
                            <source>SECUNIA</source>
                            <url>http://secunia.com/advisories/56247</url>
                            <name>56247</name>
                        </reference>
                    </references>
                    <vulnerableSoftware>
                        <software>cpe:/a:springsource:spring_framework:3.0.0</software>
                        <software>cpe:/a:springsource:spring_framework:3.0.0:m1</software>
                        <software>cpe:/a:springsource:spring_framework:3.0.0:m2</software>
                        <software>cpe:/a:springsource:spring_framework:3.0.0:m3</software>
                        <software>cpe:/a:springsource:spring_framework:3.0.0:m4</software>
                        <software>cpe:/a:springsource:spring_framework:3.0.0:rc1</software>
                        <software>cpe:/a:springsource:spring_framework:3.0.0:rc2</software>
                        <software>cpe:/a:springsource:spring_framework:3.0.0:rc3</software>
                        <software>cpe:/a:springsource:spring_framework:3.0.0.m1</software>
                        <software>cpe:/a:springsource:spring_framework:3.0.0.m2</software>
                        <software>cpe:/a:springsource:spring_framework:3.0.1</software>
                        <software>cpe:/a:springsource:spring_framework:3.0.2</software>
                        <software>cpe:/a:springsource:spring_framework:3.0.3</software>
                        <software>cpe:/a:springsource:spring_framework:3.0.4</software>
                        <software>cpe:/a:springsource:spring_framework:3.0.5</software>
                        <software>cpe:/a:springsource:spring_framework:3.0.6</software>
                        <software>cpe:/a:springsource:spring_framework:3.0.7</software>
                        <software>cpe:/a:springsource:spring_framework:3.1.0</software>
                        <software>cpe:/a:springsource:spring_framework:3.1.1</software>
                        <software>cpe:/a:springsource:spring_framework:3.1.2</software>
                        <software>cpe:/a:springsource:spring_framework:3.1.3</software>
                        <software>cpe:/a:springsource:spring_framework:3.1.4</software>
                        <software>cpe:/a:springsource:spring_framework:3.2.0</software>
                        <software>cpe:/a:springsource:spring_framework:3.2.1</software>
                        <software>cpe:/a:springsource:spring_framework:3.2.2</software>
                        <software allPreviousVersion="true">cpe:/a:springsource:spring_framework:3.2.3</software>
                        <software>cpe:/a:springsource:spring_framework:4.0.0:m1</software>
                    </vulnerableSoftware>
                </vulnerability>
                <vulnerability>
                    <name>CVE-2011-2730</name>
                    <cvssScore>7.5</cvssScore>
                    <severity>High</severity>
                    <cwe>CWE-16 Configuration</cwe>
                    <description>VMware SpringSource Spring Framework before 2.5.6.SEC03, 2.5.7.SR023, and 3.x before 3.0.6, when a container supports Expression Language (EL), evaluates EL expressions in tags twice, which allows remote attackers to obtain sensitive information via a (1) name attribute in a (a) spring:hasBindErrors tag; (2) path attribute in a (b) spring:bind or (c) spring:nestedpath tag; (3) arguments, (4) code, (5) text, (6) var, (7) scope, or (8) message attribute in a (d) spring:message or (e) spring:theme tag; or (9) var, (10) scope, or (11) value attribute in a (f) spring:transform tag, aka &quot;Expression Language Injection.&quot;</description>
                    <references>
                        <reference>
                            <source>CONFIRM</source>
                            <url>http://support.springsource.com/security/cve-2011-2730</url>
                            <name>http://support.springsource.com/security/cve-2011-2730</name>
                        </reference>
                        <reference>
                            <source>DEBIAN</source>
                            <url>http://www.debian.org/security/2012/dsa-2504</url>
                            <name>DSA-2504</name>
                        </reference>
                        <reference>
                            <source>MISC</source>
                            <url>http://bugs.debian.org/cgi-bin/bugreport.cgi?bug=677814</url>
                            <name>http://bugs.debian.org/cgi-bin/bugreport.cgi?bug=677814</name>
                        </reference>
                        <reference>
                            <source>MISC</source>
                            <url>https://docs.google.com/document/d/1dc1xxO8UMFaGLOwgkykYdghGWm_2Gn0iCrxFsympqcE/edit</url>
                            <name>https://docs.google.com/document/d/1dc1xxO8UMFaGLOwgkykYdghGWm_2Gn0iCrxFsympqcE/edit</name>
                        </reference>
                        <reference>
                            <source>REDHAT</source>
                            <url>http://rhn.redhat.com/errata/RHSA-2013-0191.html</url>
                            <name>RHSA-2013:0191</name>
                        </reference>
                        <reference>
                            <source>REDHAT</source>
                            <url>http://rhn.redhat.com/errata/RHSA-2013-0192.html</url>
                            <name>RHSA-2013:0192</name>
                        </reference>
                        <reference>
                            <source>REDHAT</source>
                            <url>http://rhn.redhat.com/errata/RHSA-2013-0193.html</url>
                            <name>RHSA-2013:0193</name>
                        </reference>
                        <reference>
                            <source>REDHAT</source>
                            <url>http://rhn.redhat.com/errata/RHSA-2013-0194.html</url>
                            <name>RHSA-2013:0194</name>
                        </reference>
                        <reference>
                            <source>REDHAT</source>
                            <url>http://rhn.redhat.com/errata/RHSA-2013-0195.html</url>
                            <name>RHSA-2013:0195</name>
                        </reference>
                        <reference>
                            <source>REDHAT</source>
                            <url>http://rhn.redhat.com/errata/RHSA-2013-0196.html</url>
                            <name>RHSA-2013:0196</name>
                        </reference>
                        <reference>
                            <source>REDHAT</source>
                            <url>http://rhn.redhat.com/errata/RHSA-2013-0197.html</url>
                            <name>RHSA-2013:0197</name>
                        </reference>
                        <reference>
                            <source>REDHAT</source>
                            <url>http://rhn.redhat.com/errata/RHSA-2013-0198.html</url>
                            <name>RHSA-2013:0198</name>
                        </reference>
                        <reference>
                            <source>REDHAT</source>
                            <url>http://rhn.redhat.com/errata/RHSA-2013-0221.html</url>
                            <name>RHSA-2013:0221</name>
                        </reference>
                        <reference>
                            <source>SECTRACK</source>
                            <url>http://www.securitytracker.com/id/1029151</url>
                            <name>1029151</name>
                        </reference>
                        <reference>
                            <source>SECUNIA</source>
                            <url>http://secunia.com/advisories/51984</url>
                            <name>51984</name>
                        </reference>
                        <reference>
                            <source>SECUNIA</source>
                            <url>http://secunia.com/advisories/52054</url>
                            <name>52054</name>
                        </reference>
                        <reference>
                            <source>SECUNIA</source>
                            <url>http://secunia.com/advisories/55155</url>
                            <name>55155</name>
                        </reference>
                    </references>
                    <vulnerableSoftware>
                        <software>cpe:/a:springsource:spring_framework:2.5.0</software>
                        <software>cpe:/a:springsource:spring_framework:2.5.0:rc1</software>
                        <software>cpe:/a:springsource:spring_framework:2.5.0:rc2</software>
                        <software>cpe:/a:springsource:spring_framework:2.5.1</software>
                        <software>cpe:/a:springsource:spring_framework:2.5.2</software>
                        <software>cpe:/a:springsource:spring_framework:2.5.3</software>
                        <software>cpe:/a:springsource:spring_framework:2.5.4</software>
                        <software>cpe:/a:springsource:spring_framework:2.5.5</software>
                        <software>cpe:/a:springsource:spring_framework:2.5.6</software>
                        <software>cpe:/a:springsource:spring_framework:2.5.7</software>
                        <software allPreviousVersion="true">cpe:/a:springsource:spring_framework:2.5.7_sr01</software>
                        <software>cpe:/a:springsource:spring_framework:3.0.0</software>
                        <software>cpe:/a:springsource:spring_framework:3.0.1</software>
                        <software>cpe:/a:springsource:spring_framework:3.0.2</software>
                        <software>cpe:/a:springsource:spring_framework:3.0.3</software>
                        <software>cpe:/a:springsource:spring_framework:3.0.4</software>
                        <software allPreviousVersion="true">cpe:/a:springsource:spring_framework:3.0.5</software>
                    </vulnerableSoftware>
                </vulnerability>
            </vulnerabilities>
        </dependency>
        <dependency>
            <fileName>hsqldb.jar</fileName>
            <filePath>/home/bcraig/Documents/Thesis/Analysis/reports/informa/3rdParty/hsqldb.jar</filePath>
            <md5>234B164007E189B76BAD31BD08102B23</md5>
            <sha1>947B54A908933E4B419C6EFE68FE54D67AE69E1A</sha1>
            <evidenceCollected>
                <evidence>
                    <source>file</source>
                    <name>name</name>
                    <value>hsqldb</value>
                </evidence>
                <evidence>
                    <source>jar</source>
                    <name>package</name>
                    <value>hsqldb</value>
                </evidence>
            </evidenceCollected>
        </dependency>
        <dependency>
            <fileName>commons-beanutils.jar</fileName>
            <filePath>/home/bcraig/Documents/Thesis/Analysis/reports/informa/3rdParty/commons-beanutils.jar</filePath>
            <md5>0F18ACF5FA857F9959675E14D901A7CE</md5>
            <sha1>5675FD96B29656504B86029551973D60FB41339B</sha1>
            <evidenceCollected>
                <evidence>
                    <source>file</source>
                    <name>name</name>
                    <value>commons-beanutils</value>
                </evidence>
                <evidence>
                    <source>jar</source>
                    <name>package</name>
                    <value>apache</value>
                </evidence>
                <evidence>
                    <source>jar</source>
                    <name>package</name>
                    <value>beanutils</value>
                </evidence>
                <evidence>
                    <source>jar</source>
                    <name>package</name>
                    <value>commons</value>
                </evidence>
                <evidence>
                    <source>jar</source>
                    <name>package name</name>
                    <value>apache</value>
                </evidence>
                <evidence>
                    <source>jar</source>
                    <name>package name</name>
                    <value>beanutils</value>
                </evidence>
                <evidence>
                    <source>jar</source>
                    <name>package name</name>
                    <value>commons</value>
                </evidence>
                <evidence>
                    <source>Manifest</source>
                    <name>extension-name</name>
                    <value>org.apache.commons.beanutils</value>
                </evidence>
                <evidence>
                    <source>Manifest</source>
                    <name>Implementation-Title</name>
                    <value>org.apache.commons.beanutils</value>
                </evidence>
                <evidence>
                    <source>Manifest</source>
                    <name>Implementation-Vendor</name>
                    <value>Apache Software Foundation</value>
                </evidence>
                <evidence>
                    <source>Manifest</source>
                    <name>specification-title</name>
                    <value>Jakarta Commons Beanutils</value>
                </evidence>
                <evidence>
                    <source>Manifest</source>
                    <name>specification-vendor</name>
                    <value>Apache Software Foundation</value>
                </evidence>
            </evidenceCollected>
        </dependency>
        <dependency>
            <fileName>cglib-nodep.jar</fileName>
            <filePath>/home/bcraig/Documents/Thesis/Analysis/reports/informa/3rdParty/cglib-nodep.jar</filePath>
            <md5>CE1DCE4A5F6865FB88D4C7C2728B78ED</md5>
            <sha1>D3851E366B9FE8B7D8215DE0F9EB980B359D8DE0</sha1>
            <evidenceCollected>
                <evidence>
                    <source>file</source>
                    <name>name</name>
                    <value>cglib-nodep</value>
                </evidence>
                <evidence>
                    <source>jar</source>
                    <name>package</name>
                    <value>cglib</value>
                </evidence>
                <evidence>
                    <source>jar</source>
                    <name>package</name>
                    <value>net</value>
                </evidence>
                <evidence>
                    <source>jar</source>
                    <name>package</name>
                    <value>sf</value>
                </evidence>
            </evidenceCollected>
        </dependency>
        <dependency>
            <fileName>ehcache.jar</fileName>
            <filePath>/home/bcraig/Documents/Thesis/Analysis/reports/informa/3rdParty/ehcache.jar</filePath>
            <md5>8D4042757FB3FB519BA6124911B4AA82</md5>
            <sha1>C781C87C2EB4E062A473822486CCA46CD785B24A</sha1>
            <evidenceCollected>
                <evidence>
                    <source>file</source>
                    <name>name</name>
                    <value>ehcache</value>
                </evidence>
                <evidence>
                    <source>jar</source>
                    <name>package</name>
                    <value>ehcache</value>
                </evidence>
                <evidence>
                    <source>jar</source>
                    <name>package</name>
                    <value>net</value>
                </evidence>
                <evidence>
                    <source>jar</source>
                    <name>package</name>
                    <value>sf</value>
                </evidence>
            </evidenceCollected>
        </dependency>
        <dependency>
            <fileName>jta.jar</fileName>
            <filePath>/home/bcraig/Documents/Thesis/Analysis/reports/informa/3rdParty/jta.jar</filePath>
            <md5>C6E3E528816227B97F6B21F709641F8F</md5>
            <sha1>3DD157A4F4FE115AC5D165D6C21463D0CE9E3C7B</sha1>
            <evidenceCollected>
                <evidence>
                    <source>file</source>
                    <name>name</name>
                    <value>jta</value>
                </evidence>
                <evidence>
                    <source>jar</source>
                    <name>package</name>
                    <value>javax</value>
                </evidence>
                <evidence>
                    <source>jar</source>
                    <name>package</name>
                    <value>transaction</value>
                </evidence>
            </evidenceCollected>
        </dependency>
        <dependency>
            <fileName>log4j.jar</fileName>
            <filePath>/home/bcraig/Documents/Thesis/Analysis/reports/informa/3rdParty/log4j.jar</filePath>
            <md5>6A44D84B72897F28189F4792E2015B93</md5>
            <sha1>55856D711AB8B88F8C7B04FD85FF1643FFBFDE7C</sha1>
            <evidenceCollected>
                <evidence>
                    <source>file</source>
                    <name>name</name>
                    <value>log4j</value>
                </evidence>
                <evidence>
                    <source>jar</source>
                    <name>package</name>
                    <value>apache</value>
                </evidence>
                <evidence>
                    <source>jar</source>
                    <name>package</name>
                    <value>log4j</value>
                </evidence>
            </evidenceCollected>
        </dependency>
        <dependency>
            <fileName>asm-attrs.jar</fileName>
            <filePath>/home/bcraig/Documents/Thesis/Analysis/reports/informa/3rdParty/asm-attrs.jar</filePath>
            <md5>9791E464C742D33BAB27DF60DDECAB86</md5>
            <sha1>CC164D056A7118B7A70705F6429CBC6BB44FD8DC</sha1>
            <evidenceCollected>
                <evidence>
                    <source>file</source>
                    <name>name</name>
                    <value>asm-attrs</value>
                </evidence>
                <evidence>
                    <source>jar</source>
                    <name>package</name>
                    <value>asm</value>
                </evidence>
                <evidence>
                    <source>jar</source>
                    <name>package</name>
                    <value>attrs</value>
                </evidence>
                <evidence>
                    <source>jar</source>
                    <name>package</name>
                    <value>objectweb</value>
                </evidence>
                <evidence>
                    <source>jar</source>
                    <name>package name</name>
                    <value>asm</value>
                </evidence>
                <evidence>
                    <source>Manifest</source>
                    <name>Implementation-Title</name>
                    <value>ASM Attribute classes</value>
                </evidence>
                <evidence>
                    <source>Manifest</source>
                    <name>Implementation-Vendor</name>
                    <value>France Telecom R&amp;D</value>
                </evidence>
            </evidenceCollected>
        </dependency>
        <dependency>
            <fileName>commons-collections.jar</fileName>
            <filePath>/home/bcraig/Documents/Thesis/Analysis/reports/informa/3rdParty/commons-collections.jar</filePath>
            <md5>9B47AE4871F91707617DDA4EF1509B2C</md5>
            <sha1>017C599CFCC98D31CE2D2688B4F8826BBEB9AA98</sha1>
            <evidenceCollected>
                <evidence>
                    <source>file</source>
                    <name>name</name>
                    <value>commons-collections</value>
                </evidence>
                <evidence>
                    <source>jar</source>
                    <name>package</name>
                    <value>apache</value>
                </evidence>
                <evidence>
                    <source>jar</source>
                    <name>package</name>
                    <value>collections</value>
                </evidence>
                <evidence>
                    <source>jar</source>
                    <name>package</name>
                    <value>commons</value>
                </evidence>
                <evidence>
                    <source>jar</source>
                    <name>package name</name>
                    <value>apache</value>
                </evidence>
                <evidence>
                    <source>jar</source>
                    <name>package name</name>
                    <value>collections</value>
                </evidence>
                <evidence>
                    <source>jar</source>
                    <name>package name</name>
                    <value>commons</value>
                </evidence>
                <evidence>
                    <source>Manifest</source>
                    <name>extension-name</name>
                    <value>org.apache.commons.collections</value>
                </evidence>
                <evidence>
                    <source>Manifest</source>
                    <name>Implementation-Vendor</name>
                    <value>Apache Software Foundation</value>
                </evidence>
                <evidence>
                    <source>Manifest</source>
                    <name>specification-vendor</name>
                    <value>Apache Software Foundation</value>
                </evidence>
            </evidenceCollected>
        </dependency>
        <dependency>
            <fileName>antlr.jar</fileName>
            <filePath>/home/bcraig/Documents/Thesis/Analysis/reports/informa/3rdParty/antlr.jar</filePath>
            <md5>4DA7E5578E39D21322C2A921609C36B8</md5>
            <sha1>48F148C909E5AD335510499080A3A7F50A3E25C1</sha1>
            <evidenceCollected>
                <evidence>
                    <source>file</source>
                    <name>name</name>
                    <value>antlr</value>
                </evidence>
                <evidence>
                    <source>jar</source>
                    <name>package</name>
                    <value>antlr</value>
                </evidence>
            </evidenceCollected>
        </dependency>
        <dependency>
            <fileName>commons-logging.jar</fileName>
            <filePath>/home/bcraig/Documents/Thesis/Analysis/reports/informa/3rdParty/commons-logging.jar</filePath>
            <md5>8A507817B28077E0478ADD944C64586A</md5>
            <sha1>F029A2AEFE2B3E1517573C580F948CAAC31B1056</sha1>
            <evidenceCollected>
                <evidence>
                    <source>file</source>
                    <name>name</name>
                    <value>commons-logging</value>
                </evidence>
                <evidence>
                    <source>jar</source>
                    <name>package</name>
                    <value>apache</value>
                </evidence>
                <evidence>
                    <source>jar</source>
                    <name>package</name>
                    <value>commons</value>
                </evidence>
                <evidence>
                    <source>jar</source>
                    <name>package</name>
                    <value>impl</value>
                </evidence>
                <evidence>
                    <source>jar</source>
                    <name>package</name>
                    <value>logging</value>
                </evidence>
                <evidence>
                    <source>jar</source>
                    <name>package name</name>
                    <value>apache</value>
                </evidence>
                <evidence>
                    <source>jar</source>
                    <name>package name</name>
                    <value>commons</value>
                </evidence>
                <evidence>
                    <source>jar</source>
                    <name>package name</name>
                    <value>log</value>
                </evidence>
                <evidence>
                    <source>jar</source>
                    <name>package name</name>
                    <value>logging</value>
                </evidence>
                <evidence>
                    <source>Manifest</source>
                    <name>extension-name</name>
                    <value>org.apache.commons.logging</value>
                </evidence>
                <evidence>
                    <source>Manifest</source>
                    <name>Implementation-Vendor</name>
                    <value>Apache Software Foundation</value>
                </evidence>
                <evidence>
                    <source>Manifest</source>
                    <name>specification-vendor</name>
                    <value>Apache Software Foundation</value>
                </evidence>
            </evidenceCollected>
        </dependency>
        <dependency>
            <fileName>commons-lang.jar</fileName>
            <filePath>/home/bcraig/Documents/Thesis/Analysis/reports/informa/3rdParty/commons-lang.jar</filePath>
            <md5>51591549F1662A64543F08A1D4A0CF87</md5>
            <sha1>4763ECC9D78781C915C07EB03E90572C7FF04205</sha1>
            <evidenceCollected>
                <evidence>
                    <source>file</source>
                    <name>name</name>
                    <value>commons-lang</value>
                </evidence>
                <evidence>
                    <source>jar</source>
                    <name>package</name>
                    <value>apache</value>
                </evidence>
                <evidence>
                    <source>jar</source>
                    <name>package</name>
                    <value>commons</value>
                </evidence>
                <evidence>
                    <source>jar</source>
                    <name>package</name>
                    <value>lang</value>
                </evidence>
                <evidence>
                    <source>jar</source>
                    <name>package name</name>
                    <value>apache</value>
                </evidence>
                <evidence>
                    <source>jar</source>
                    <name>package name</name>
                    <value>commons</value>
                </evidence>
                <evidence>
                    <source>jar</source>
                    <name>package name</name>
                    <value>lang</value>
                </evidence>
                <evidence>
                    <source>Manifest</source>
                    <name>extension-name</name>
                    <value>commons-lang</value>
                </evidence>
                <evidence>
                    <source>Manifest</source>
                    <name>Implementation-Title</name>
                    <value>org.apache.commons.lang</value>
                </evidence>
                <evidence>
                    <source>Manifest</source>
                    <name>Implementation-Vendor</name>
                    <value>Apache Software Foundation</value>
                </evidence>
                <evidence>
                    <source>Manifest</source>
                    <name>specification-title</name>
                    <value>Jakarta Commons Lang</value>
                </evidence>
                <evidence>
                    <source>Manifest</source>
                    <name>specification-vendor</name>
                    <value>Apache Software Foundation</value>
                </evidence>
            </evidenceCollected>
        </dependency>
    </dependencies>
</analysis>