<?xml version="1.0"?>
<analysis xmlns="https://www.owasp.org/index.php/OWASP_Dependency_Check">
    <projectInfo>
        <name>itext</name>
        <reportDate>Feb 18, 2014 2:27:24 PM</reportDate>
        <credits>This report contains data retrieved from the National Vulnerability Database: http://nvd.nist.gov</credits>
    </projectInfo>
    <dependencies>
        <dependency>
            <fileName>iText-5.0.3.jar</fileName>
            <filePath>/home/bcraig/Documents/Thesis/Analysis/reports/itext/3rdParty/iText-5.0.3.jar</filePath>
            <md5>14295DC2500C73222ED7DA324D385DAE</md5>
            <sha1>1050C618FED8C32089661AE47141B4E65DE2B62E</sha1>
            <evidenceCollected>
                <evidence>
                    <source>file</source>
                    <name>name</name>
                    <value>iText-5.0.3</value>
                </evidence>
                <evidence>
                    <source>jar</source>
                    <name>package</name>
                    <value>itextpdf</value>
                </evidence>
                <evidence>
                    <source>jar</source>
                    <name>package</name>
                    <value>pdf</value>
                </evidence>
                <evidence>
                    <source>jar</source>
                    <name>package</name>
                    <value>text</value>
                </evidence>
            </evidenceCollected>
        </dependency>
    </dependencies>
</analysis>