<?xml version="1.0"?>
<analysis xmlns="https://www.owasp.org/index.php/OWASP_Dependency_Check">
    <projectInfo>
        <name>ivatagroupware</name>
        <reportDate>Feb 18, 2014 2:28:26 PM</reportDate>
        <credits>This report contains data retrieved from the National Vulnerability Database: http://nvd.nist.gov</credits>
    </projectInfo>
    <dependencies>
        <dependency>
            <fileName>ivatamasks-mask-0.6.2.jar</fileName>
            <filePath>/home/bcraig/Documents/Thesis/Analysis/reports/ivatagroupware/3rdParty/ivatamasks-mask-0.6.2.jar</filePath>
            <md5>79D3E26F4E596DCB59F12033D96F0C50</md5>
            <sha1>590BC4B6AFAA02DEB2E66C23739C76F81A87BE22</sha1>
            <evidenceCollected>
                <evidence>
                    <source>file</source>
                    <name>name</name>
                    <value>ivatamasks-mask-0.6.2</value>
                </evidence>
                <evidence>
                    <source>jar</source>
                    <name>package</name>
                    <value>ivata</value>
                </evidence>
                <evidence>
                    <source>jar</source>
                    <name>package</name>
                    <value>mask</value>
                </evidence>
                <evidence>
                    <source>jar</source>
                    <name>package name</name>
                    <value>ivata</value>
                </evidence>
                <evidence>
                    <source>jar</source>
                    <name>package name</name>
                    <value>mask</value>
                </evidence>
                <evidence>
                    <source>Manifest</source>
                    <name>extension-name</name>
                    <value>ivatamasks-mask</value>
                </evidence>
                <evidence>
                    <source>Manifest</source>
                    <name>Implementation-Title</name>
                    <value>com.ivata.mask</value>
                </evidence>
                <evidence>
                    <source>Manifest</source>
                    <name>Implementation-Vendor</name>
                    <value>ivata limited</value>
                </evidence>
                <evidence>
                    <source>Manifest</source>
                    <name>specification-title</name>
                    <value>Core routines for input masks and lists.</value>
                </evidence>
                <evidence>
                    <source>Manifest</source>
                    <name>specification-vendor</name>
                    <value>ivata limited</value>
                </evidence>
            </evidenceCollected>
        </dependency>
        <dependency>
            <fileName>ivatamasks-web-0.6.2.jar</fileName>
            <filePath>/home/bcraig/Documents/Thesis/Analysis/reports/ivatagroupware/3rdParty/ivatamasks-web-0.6.2.jar</filePath>
            <md5>BB2085A76B8599F9DF1DF4EDA48FD639</md5>
            <sha1>B9E4A3861FAD40B6FC98E8DCC9BA9B8AB76ACB12</sha1>
            <evidenceCollected>
                <evidence>
                    <source>file</source>
                    <name>name</name>
                    <value>ivatamasks-web-0.6.2</value>
                </evidence>
                <evidence>
                    <source>jar</source>
                    <name>package</name>
                    <value>ivata</value>
                </evidence>
                <evidence>
                    <source>jar</source>
                    <name>package</name>
                    <value>mask</value>
                </evidence>
                <evidence>
                    <source>jar</source>
                    <name>package</name>
                    <value>web</value>
                </evidence>
                <evidence>
                    <source>jar</source>
                    <name>package name</name>
                    <value>ivata</value>
                </evidence>
                <evidence>
                    <source>jar</source>
                    <name>package name</name>
                    <value>mask</value>
                </evidence>
                <evidence>
                    <source>jar</source>
                    <name>package name</name>
                    <value>web</value>
                </evidence>
                <evidence>
                    <source>Manifest</source>
                    <name>extension-name</name>
                    <value>ivatamasks-web</value>
                </evidence>
                <evidence>
                    <source>Manifest</source>
                    <name>Implementation-Title</name>
                    <value>com.ivata.mask</value>
                </evidence>
                <evidence>
                    <source>Manifest</source>
                    <name>Implementation-Vendor</name>
                    <value>ivata limited</value>
                </evidence>
                <evidence>
                    <source>Manifest</source>
                    <name>specification-title</name>
                    <value>Routines for Web-based Masks and Lists</value>
                </evidence>
                <evidence>
                    <source>Manifest</source>
                    <name>specification-vendor</name>
                    <value>ivata limited</value>
                </evidence>
            </evidenceCollected>
        </dependency>
        <dependency>
            <fileName>ivatamasks-util-0.6.2.jar</fileName>
            <filePath>/home/bcraig/Documents/Thesis/Analysis/reports/ivatagroupware/3rdParty/ivatamasks-util-0.6.2.jar</filePath>
            <md5>BF4575AFD6492B96EC81ED8F24B7F969</md5>
            <sha1>95ED20EAFDFADB552A4B91ABD62CAA95AF5A6E3D</sha1>
            <evidenceCollected>
                <evidence>
                    <source>file</source>
                    <name>name</name>
                    <value>ivatamasks-util-0.6.2</value>
                </evidence>
                <evidence>
                    <source>jar</source>
                    <name>package</name>
                    <value>ivata</value>
                </evidence>
                <evidence>
                    <source>jar</source>
                    <name>package</name>
                    <value>mask</value>
                </evidence>
                <evidence>
                    <source>jar</source>
                    <name>package</name>
                    <value>util</value>
                </evidence>
                <evidence>
                    <source>jar</source>
                    <name>package name</name>
                    <value>ivata</value>
                </evidence>
                <evidence>
                    <source>jar</source>
                    <name>package name</name>
                    <value>mask</value>
                </evidence>
                <evidence>
                    <source>jar</source>
                    <name>package name</name>
                    <value>util</value>
                </evidence>
                <evidence>
                    <source>Manifest</source>
                    <name>extension-name</name>
                    <value>ivatamasks-util</value>
                </evidence>
                <evidence>
                    <source>Manifest</source>
                    <name>Implementation-Title</name>
                    <value>com.ivata.mask.util</value>
                </evidence>
                <evidence>
                    <source>Manifest</source>
                    <name>Implementation-Vendor</name>
                    <value>ivata limited</value>
                </evidence>
                <evidence>
                    <source>Manifest</source>
                    <name>specification-title</name>
                    <value>Generic utility classes</value>
                </evidence>
                <evidence>
                    <source>Manifest</source>
                    <name>specification-vendor</name>
                    <value>ivata limited</value>
                </evidence>
            </evidenceCollected>
        </dependency>
        <dependency>
            <fileName>ivatamasks-thirdparty-imageinfo-0.1.1.jar</fileName>
            <filePath>/home/bcraig/Documents/Thesis/Analysis/reports/ivatagroupware/3rdParty/ivatamasks-thirdparty-imageinfo-0.1.1.jar</filePath>
            <md5>4CA7232FD3E55B8EF2115EC213211A8C</md5>
            <sha1>6C608E94C28380DC27AFEF5001530154DC95926C</sha1>
            <evidenceCollected>
                <evidence>
                    <source>file</source>
                    <name>name</name>
                    <value>ivatamasks-thirdparty-imageinfo-0.1.1</value>
                </evidence>
                <evidence>
                    <source>jar</source>
                    <name>package</name>
                    <value>freshmeat</value>
                </evidence>
                <evidence>
                    <source>jar</source>
                    <name>package</name>
                    <value>imageinfo</value>
                </evidence>
                <evidence>
                    <source>jar</source>
                    <name>package</name>
                    <value>net</value>
                </evidence>
                <evidence>
                    <source>jar</source>
                    <name>package name</name>
                    <value>imageinfo</value>
                </evidence>
                <evidence>
                    <source>Manifest</source>
                    <name>extension-name</name>
                    <value>ivatamasks-thirdparty-imageinfo</value>
                </evidence>
                <evidence>
                    <source>Manifest</source>
                    <name>Implementation-Title</name>
                    <value></value>
                </evidence>
                <evidence>
                    <source>Manifest</source>
                    <name>Implementation-Vendor</name>
                    <value></value>
                </evidence>
                <evidence>
                    <source>Manifest</source>
                    <name>specification-title</name>
                    <value>ImageInfo class, by Marco Schmidt.</value>
                </evidence>
                <evidence>
                    <source>Manifest</source>
                    <name>specification-vendor</name>
                    <value></value>
                </evidence>
            </evidenceCollected>
        </dependency>
        <dependency>
            <fileName>ivatamasks-webtheme-jar-0.6.2.jar</fileName>
            <filePath>/home/bcraig/Documents/Thesis/Analysis/reports/ivatagroupware/3rdParty/ivatamasks-webtheme-jar-0.6.2.jar</filePath>
            <md5>82F25F724FDB3C03F1011C871EAC3A1E</md5>
            <sha1>21B38E5D0269961D8E5E84F5E0693437807A58AF</sha1>
            <evidenceCollected>
                <evidence>
                    <source>file</source>
                    <name>name</name>
                    <value>ivatamasks-webtheme-jar-0.6.2</value>
                </evidence>
                <evidence>
                    <source>jar</source>
                    <name>package</name>
                    <value>ivata</value>
                </evidence>
                <evidence>
                    <source>jar</source>
                    <name>package</name>
                    <value>mask</value>
                </evidence>
                <evidence>
                    <source>jar</source>
                    <name>package</name>
                    <value>tag</value>
                </evidence>
                <evidence>
                    <source>jar</source>
                    <name>package</name>
                    <value>web</value>
                </evidence>
                <evidence>
                    <source>jar</source>
                    <name>package name</name>
                    <value>ivata</value>
                </evidence>
                <evidence>
                    <source>jar</source>
                    <name>package name</name>
                    <value>mask</value>
                </evidence>
                <evidence>
                    <source>jar</source>
                    <name>package name</name>
                    <value>theme</value>
                </evidence>
                <evidence>
                    <source>jar</source>
                    <name>package name</name>
                    <value>web</value>
                </evidence>
                <evidence>
                    <source>Manifest</source>
                    <name>extension-name</name>
                    <value>ivatamasks-webtheme-jar</value>
                </evidence>
                <evidence>
                    <source>Manifest</source>
                    <name>Implementation-Title</name>
                    <value>com.ivata.mask.web</value>
                </evidence>
                <evidence>
                    <source>Manifest</source>
                    <name>Implementation-Vendor</name>
                    <value>ivata limited</value>
                </evidence>
                <evidence>
                    <source>Manifest</source>
                    <name>specification-title</name>
                    <value>Themed Web GUI environment JAR.</value>
                </evidence>
                <evidence>
                    <source>Manifest</source>
                    <name>specification-vendor</name>
                    <value>ivata limited</value>
                </evidence>
            </evidenceCollected>
        </dependency>
    </dependencies>
</analysis>