<?xml version="1.0"?>
<analysis xmlns="https://www.owasp.org/index.php/OWASP_Dependency_Check">
    <projectInfo>
        <name>jchempaint</name>
        <reportDate>Feb 18, 2014 2:36:17 PM</reportDate>
        <credits>This report contains data retrieved from the National Vulnerability Database: http://nvd.nist.gov</credits>
    </projectInfo>
    <dependencies>
        <dependency>
            <fileName>com-sun-javadoc.jar</fileName>
            <filePath>/home/bcraig/Documents/Thesis/Analysis/reports/jchempaint/3rdParty/com-sun-javadoc.jar</filePath>
            <md5>E61E4B1202B1468CF5BB82081D27ACE2</md5>
            <sha1>60E6803AF35790A6D153977B9BA22F3AB010CA53</sha1>
            <evidenceCollected>
                <evidence>
                    <source>file</source>
                    <name>name</name>
                    <value>com-sun-javadoc</value>
                </evidence>
                <evidence>
                    <source>jar</source>
                    <name>package</name>
                    <value>javadoc</value>
                </evidence>
                <evidence>
                    <source>jar</source>
                    <name>package</name>
                    <value>sun</value>
                </evidence>
                <evidence>
                    <source>jar (hint)</source>
                    <name>package</name>
                    <value>oracle</value>
                </evidence>
            </evidenceCollected>
        </dependency>
        <dependency>
            <fileName>ojdcheck.jar</fileName>
            <filePath>/home/bcraig/Documents/Thesis/Analysis/reports/jchempaint/3rdParty/ojdcheck.jar</filePath>
            <md5>489388205D1F3AF7D5DC037B61C0CA5F</md5>
            <sha1>60974F646A3E8EECC8AFA3847D6CB82959C26B28</sha1>
            <evidenceCollected>
                <evidence>
                    <source>file</source>
                    <name>name</name>
                    <value>ojdcheck</value>
                </evidence>
                <evidence>
                    <source>jar</source>
                    <name>package</name>
                    <value>github</value>
                </evidence>
                <evidence>
                    <source>jar</source>
                    <name>package</name>
                    <value>ojdcheck</value>
                </evidence>
                <evidence>
                    <source>jar</source>
                    <name>package</name>
                    <value>test</value>
                </evidence>
            </evidenceCollected>
        </dependency>
        <dependency>
            <fileName>fest-reflect-1.1.jar</fileName>
            <filePath>/home/bcraig/Documents/Thesis/Analysis/reports/jchempaint/3rdParty/fest-reflect-1.1.jar</filePath>
            <md5>77A237E44E42985E0193C5A5F6AE91E3</md5>
            <sha1>51F644E034DEF25867AB38BC4897F3295AF8BAB9</sha1>
            <description>Fluent Interface that simplifies usage of Java Reflection</description>
            <evidenceCollected>
                <evidence>
                    <source>file</source>
                    <name>name</name>
                    <value>fest-reflect-1.1</value>
                </evidence>
                <evidence>
                    <source>jar</source>
                    <name>package</name>
                    <value>fest</value>
                </evidence>
                <evidence>
                    <source>jar</source>
                    <name>package</name>
                    <value>reflect</value>
                </evidence>
                <evidence>
                    <source>jar</source>
                    <name>package name</name>
                    <value>fest</value>
                </evidence>
                <evidence>
                    <source>jar</source>
                    <name>package name</name>
                    <value>reflect</value>
                </evidence>
                <evidence>
                    <source>jar</source>
                    <name>package name</name>
                    <value>reflection</value>
                </evidence>
                <evidence>
                    <source>pom</source>
                    <name>artifactid</name>
                    <value>fest-reflect</value>
                </evidence>
                <evidence>
                    <source>pom</source>
                    <name>artifactid</name>
                    <value>fest-reflect</value>
                </evidence>
                <evidence>
                    <source>pom</source>
                    <name>description</name>
                    <value>Fluent Interface that simplifies usage of Java Reflection</value>
                </evidence>
                <evidence>
                    <source>pom</source>
                    <name>groupid</name>
                    <value>easytesting</value>
                </evidence>
                <evidence>
                    <source>pom</source>
                    <name>groupid</name>
                    <value>easytesting</value>
                </evidence>
                <evidence>
                    <source>pom</source>
                    <name>name</name>
                    <value>FEST Reflection</value>
                </evidence>
            </evidenceCollected>
        </dependency>
        <dependency>
            <fileName>fest-util-1.1.jar</fileName>
            <filePath>/home/bcraig/Documents/Thesis/Analysis/reports/jchempaint/3rdParty/fest-util-1.1.jar</filePath>
            <md5>4EE56FAFD43786BBDCC48A288E655399</md5>
            <sha1>1BCCA77B874ACB2DE67D3B06B68D750802EF73D5</sha1>
            <description>Utility methods used by FEST modules</description>
            <evidenceCollected>
                <evidence>
                    <source>file</source>
                    <name>name</name>
                    <value>fest-util-1.1</value>
                </evidence>
                <evidence>
                    <source>jar</source>
                    <name>package</name>
                    <value>fest</value>
                </evidence>
                <evidence>
                    <source>jar</source>
                    <name>package</name>
                    <value>util</value>
                </evidence>
                <evidence>
                    <source>jar</source>
                    <name>package name</name>
                    <value>fest</value>
                </evidence>
                <evidence>
                    <source>jar</source>
                    <name>package name</name>
                    <value>util</value>
                </evidence>
                <evidence>
                    <source>pom</source>
                    <name>artifactid</name>
                    <value>fest-util</value>
                </evidence>
                <evidence>
                    <source>pom</source>
                    <name>artifactid</name>
                    <value>fest-util</value>
                </evidence>
                <evidence>
                    <source>pom</source>
                    <name>description</name>
                    <value>Utility methods used by FEST modules</value>
                </evidence>
                <evidence>
                    <source>pom</source>
                    <name>groupid</name>
                    <value>easytesting</value>
                </evidence>
                <evidence>
                    <source>pom</source>
                    <name>groupid</name>
                    <value>easytesting</value>
                </evidence>
                <evidence>
                    <source>pom</source>
                    <name>name</name>
                    <value>FEST Util</value>
                </evidence>
            </evidenceCollected>
        </dependency>
        <dependency>
            <fileName>dbdoclet.jar</fileName>
            <filePath>/home/bcraig/Documents/Thesis/Analysis/reports/jchempaint/3rdParty/dbdoclet.jar</filePath>
            <md5>3E5D65E96D562A4F664E931CD2A89E27</md5>
            <sha1>ED05710109A45327585867E93D77501656565A40</sha1>
            <evidenceCollected>
                <evidence>
                    <source>file</source>
                    <name>name</name>
                    <value>dbdoclet</value>
                </evidence>
                <evidence>
                    <source>jar</source>
                    <name>package</name>
                    <value>docbook</value>
                </evidence>
                <evidence>
                    <source>jar</source>
                    <name>package</name>
                    <value>mf</value>
                </evidence>
                <evidence>
                    <source>jar</source>
                    <name>package</name>
                    <value>tag</value>
                </evidence>
            </evidenceCollected>
        </dependency>
        <dependency>
            <fileName>junit-4.5.jar</fileName>
            <filePath>/home/bcraig/Documents/Thesis/Analysis/reports/jchempaint/3rdParty/junit-4.5.jar</filePath>
            <md5>896973B9728A697494024163343C8112</md5>
            <sha1>7059D3D3BEDC1FCA9B33CDE8503095B3576A0BBA</sha1>
            <evidenceCollected>
                <evidence>
                    <source>file</source>
                    <name>name</name>
                    <value>junit-4.5</value>
                </evidence>
                <evidence>
                    <source>jar</source>
                    <name>package</name>
                    <value>junit</value>
                </evidence>
            </evidenceCollected>
        </dependency>
        <dependency>
            <fileName>vecmath1.2-1.14.jar</fileName>
            <filePath>/home/bcraig/Documents/Thesis/Analysis/reports/jchempaint/3rdParty/vecmath1.2-1.14.jar</filePath>
            <md5>3A4ED884FD3869B83831D0A840496858</md5>
            <sha1>E6DBF3A4B42796F485CD9296F04D1C416CB261B0</sha1>
            <evidenceCollected>
                <evidence>
                    <source>file</source>
                    <name>name</name>
                    <value>vecmath1.2-1.14</value>
                </evidence>
                <evidence>
                    <source>jar</source>
                    <name>package</name>
                    <value>javax</value>
                </evidence>
                <evidence>
                    <source>jar</source>
                    <name>package</name>
                    <value>vecmath</value>
                </evidence>
            </evidenceCollected>
        </dependency>
        <dependency>
            <fileName>commons-cli.jar</fileName>
            <filePath>/home/bcraig/Documents/Thesis/Analysis/reports/jchempaint/3rdParty/commons-cli.jar</filePath>
            <md5>F6FEEB3B3D95F7D09180FD71E96CEAD4</md5>
            <sha1>6DAC9733315224FC562F6268DF58E92D65FD0137</sha1>
            <evidenceCollected>
                <evidence>
                    <source>file</source>
                    <name>name</name>
                    <value>commons-cli</value>
                </evidence>
                <evidence>
                    <source>jar</source>
                    <name>package</name>
                    <value>apache</value>
                </evidence>
                <evidence>
                    <source>jar</source>
                    <name>package</name>
                    <value>cli</value>
                </evidence>
                <evidence>
                    <source>jar</source>
                    <name>package</name>
                    <value>commons</value>
                </evidence>
            </evidenceCollected>
        </dependency>
        <dependency>
            <fileName>cmlxom-2.5-b1.jar</fileName>
            <filePath>/home/bcraig/Documents/Thesis/Analysis/reports/jchempaint/3rdParty/cmlxom-2.5-b1.jar</filePath>
            <md5>EEFA038BC662B34C9575AAEB9CFFB580</md5>
            <sha1>E448AAFBFE1FBBC46941519E86CBA7C650404589</sha1>
            <description>A Java library for processing CML</description>
            <license>Artistic License:  http://www.opensource.org/licenses/artistic-license.php</license>
            <evidenceCollected>
                <evidence>
                    <source>file</source>
                    <name>name</name>
                    <value>cmlxom-2.5-b1</value>
                </evidence>
                <evidence>
                    <source>jar</source>
                    <name>package</name>
                    <value>cml</value>
                </evidence>
                <evidence>
                    <source>jar</source>
                    <name>package</name>
                    <value>element</value>
                </evidence>
                <evidence>
                    <source>jar</source>
                    <name>package</name>
                    <value>xmlcml</value>
                </evidence>
                <evidence>
                    <source>jar</source>
                    <name>package name</name>
                    <value>cml</value>
                </evidence>
                <evidence>
                    <source>pom</source>
                    <name>artifactid</name>
                    <value>cmlxom</value>
                </evidence>
                <evidence>
                    <source>pom</source>
                    <name>artifactid</name>
                    <value>cmlxom</value>
                </evidence>
                <evidence>
                    <source>pom</source>
                    <name>description</name>
                    <value>A Java library for processing CML</value>
                </evidence>
                <evidence>
                    <source>pom</source>
                    <name>groupid</name>
                    <value>cml</value>
                </evidence>
                <evidence>
                    <source>pom</source>
                    <name>groupid</name>
                    <value>cml</value>
                </evidence>
                <evidence>
                    <source>pom</source>
                    <name>name</name>
                    <value>CMLXOM</value>
                </evidence>
                <evidence>
                    <source>pom</source>
                    <name>organization name</name>
                    <value>Peter Murray-Rust</value>
                </evidence>
            </evidenceCollected>
        </dependency>
        <dependency>
            <fileName>com-sun-tools-doclets-Taglet.jar</fileName>
            <filePath>/home/bcraig/Documents/Thesis/Analysis/reports/jchempaint/3rdParty/com-sun-tools-doclets-Taglet.jar</filePath>
            <md5>DD70061B683089E8D33197A4FE34C781</md5>
            <sha1>8602126F41DE5FF3FA22CFB017E6339F78853B31</sha1>
            <evidenceCollected>
                <evidence>
                    <source>file</source>
                    <name>name</name>
                    <value>com-sun-tools-doclets-Taglet</value>
                </evidence>
                <evidence>
                    <source>jar</source>
                    <name>package</name>
                    <value>doclets</value>
                </evidence>
                <evidence>
                    <source>jar</source>
                    <name>package</name>
                    <value>sun</value>
                </evidence>
                <evidence>
                    <source>jar</source>
                    <name>package</name>
                    <value>taglet</value>
                </evidence>
                <evidence>
                    <source>jar</source>
                    <name>package</name>
                    <value>tools</value>
                </evidence>
                <evidence>
                    <source>jar (hint)</source>
                    <name>package</name>
                    <value>oracle</value>
                </evidence>
            </evidenceCollected>
        </dependency>
        <dependency>
            <fileName>jhbasic.jar</fileName>
            <filePath>/home/bcraig/Documents/Thesis/Analysis/reports/jchempaint/3rdParty/jhbasic.jar</filePath>
            <md5>6EB8E7516BFB2209F4331233B9195A17</md5>
            <sha1>FAFD2E6B27CD087899E4456524A378F6470A6CCF</sha1>
            <evidenceCollected>
                <evidence>
                    <source>file</source>
                    <name>name</name>
                    <value>jhbasic</value>
                </evidence>
                <evidence>
                    <source>jar</source>
                    <name>package</name>
                    <value>help</value>
                </evidence>
                <evidence>
                    <source>jar</source>
                    <name>package</name>
                    <value>javax</value>
                </evidence>
                <evidence>
                    <source>jar</source>
                    <name>package name</name>
                    <value>help</value>
                </evidence>
                <evidence>
                    <source>jar</source>
                    <name>package name</name>
                    <value>java</value>
                </evidence>
                <evidence>
                    <source>jar</source>
                    <name>package name</name>
                    <value>javax</value>
                </evidence>
                <evidence>
                    <source>jar</source>
                    <name>package name</name>
                    <value>sun</value>
                </evidence>
                <evidence>
                    <source>jar (hint)</source>
                    <name>package name</name>
                    <value>oracle</value>
                </evidence>
                <evidence>
                    <source>Manifest</source>
                    <name>extension-name</name>
                    <value>javax.help</value>
                </evidence>
                <evidence>
                    <source>Manifest</source>
                    <name>Implementation-Vendor</name>
                    <value>Sun Microsystems, Inc</value>
                </evidence>
                <evidence>
                    <source>Manifest</source>
                    <name>Implementation-Vendor-Id</name>
                    <value>com.sun</value>
                </evidence>
                <evidence>
                    <source>Manifest</source>
                    <name>Implementation-Version</name>
                    <value>1.1.1</value>
                </evidence>
                <evidence>
                    <source>Manifest</source>
                    <name>specification-vendor</name>
                    <value>Sun Microsystems, Inc</value>
                </evidence>
                <evidence>
                    <source>Manifest</source>
                    <name>specification-version</name>
                    <value>1.0</value>
                </evidence>
            </evidenceCollected>
        </dependency>
        <dependency>
            <fileName>xml-apis.jar</fileName>
            <filePath>/home/bcraig/Documents/Thesis/Analysis/reports/jchempaint/3rdParty/xml-apis.jar</filePath>
            <md5>2E7AED876C51AF3EE6A23ED524180D37</md5>
            <sha1>DC7315E359B5E43F20131414D60B5C307AACE975</sha1>
            <evidenceCollected>
                <evidence>
                    <source>file</source>
                    <name>name</name>
                    <value>xml-apis</value>
                </evidence>
                <evidence>
                    <source>jar</source>
                    <name>package</name>
                    <value>dom</value>
                </evidence>
                <evidence>
                    <source>jar</source>
                    <name>package</name>
                    <value>xml</value>
                </evidence>
            </evidenceCollected>
        </dependency>
        <dependency>
            <fileName>commons-cli-1.0.jar</fileName>
            <filePath>/home/bcraig/Documents/Thesis/Analysis/reports/jchempaint/3rdParty/commons-cli-1.0.jar</filePath>
            <md5>F6FEEB3B3D95F7D09180FD71E96CEAD4</md5>
            <sha1>6DAC9733315224FC562F6268DF58E92D65FD0137</sha1>
            <evidenceCollected>
                <evidence>
                    <source>file</source>
                    <name>name</name>
                    <value>commons-cli-1.0</value>
                </evidence>
                <evidence>
                    <source>jar</source>
                    <name>package</name>
                    <value>apache</value>
                </evidence>
                <evidence>
                    <source>jar</source>
                    <name>package</name>
                    <value>cli</value>
                </evidence>
                <evidence>
                    <source>jar</source>
                    <name>package</name>
                    <value>commons</value>
                </evidence>
            </evidenceCollected>
        </dependency>
        <dependency>
            <fileName>fest-swing-1.2a2.jar</fileName>
            <filePath>/home/bcraig/Documents/Thesis/Analysis/reports/jchempaint/3rdParty/fest-swing-1.2a2.jar</filePath>
            <md5>E14327EA05FAE9F9CC6F71BEBE30449E</md5>
            <sha1>2DCA6EECCF8BFC6B1B62FFFA85D608B13D1838CD</sha1>
            <description>Fluent interface for functional GUI testing</description>
            <license>Apache License, Version 2.0: http://www.apache.org/licenses/LICENSE-2.0</license>
            <evidenceCollected>
                <evidence>
                    <source>file</source>
                    <name>name</name>
                    <value>fest-swing-1.2a2</value>
                </evidence>
                <evidence>
                    <source>jar</source>
                    <name>package</name>
                    <value>driver</value>
                </evidence>
                <evidence>
                    <source>jar</source>
                    <name>package</name>
                    <value>fest</value>
                </evidence>
                <evidence>
                    <source>jar</source>
                    <name>package</name>
                    <value>swing</value>
                </evidence>
                <evidence>
                    <source>jar</source>
                    <name>package name</name>
                    <value>fest</value>
                </evidence>
                <evidence>
                    <source>jar</source>
                    <name>package name</name>
                    <value>swing</value>
                </evidence>
                <evidence>
                    <source>jar</source>
                    <name>package name</name>
                    <value>testing</value>
                </evidence>
                <evidence>
                    <source>pom</source>
                    <name>artifactid</name>
                    <value>fest-swing</value>
                </evidence>
                <evidence>
                    <source>pom</source>
                    <name>artifactid</name>
                    <value>fest-swing</value>
                </evidence>
                <evidence>
                    <source>pom</source>
                    <name>description</name>
                    <value>Fluent interface for functional GUI testing</value>
                </evidence>
                <evidence>
                    <source>pom</source>
                    <name>groupid</name>
                    <value>easytesting</value>
                </evidence>
                <evidence>
                    <source>pom</source>
                    <name>groupid</name>
                    <value>easytesting</value>
                </evidence>
                <evidence>
                    <source>pom</source>
                    <name>name</name>
                    <value>FEST Swing</value>
                </evidence>
            </evidenceCollected>
        </dependency>
        <dependency>
            <fileName>jaxen-1.1.1.jar</fileName>
            <filePath>/home/bcraig/Documents/Thesis/Analysis/reports/jchempaint/3rdParty/jaxen-1.1.1.jar</filePath>
            <md5>261D1AA59865842ECC32B3848B0C6538</md5>
            <sha1>9F5D3C5974DBE5CF69C2C2EC7D8A4EB6E0FCE7F9</sha1>
            <evidenceCollected>
                <evidence>
                    <source>file</source>
                    <name>name</name>
                    <value>jaxen-1.1.1</value>
                </evidence>
                <evidence>
                    <source>jar</source>
                    <name>package</name>
                    <value>jaxen</value>
                </evidence>
                <evidence>
                    <source>jar</source>
                    <name>package name</name>
                    <value>jaxen</value>
                </evidence>
                <evidence>
                    <source>jar</source>
                    <name>package name</name>
                    <value>xpath</value>
                </evidence>
                <evidence>
                    <source>Manifest</source>
                    <name>extension-name</name>
                    <value>jaxen</value>
                </evidence>
                <evidence>
                    <source>Manifest</source>
                    <name>Implementation-Title</name>
                    <value>org.jaxen</value>
                </evidence>
                <evidence>
                    <source>Manifest</source>
                    <name>Implementation-Vendor</name>
                    <value>Codehaus</value>
                </evidence>
                <evidence>
                    <source>Manifest</source>
                    <name>specification-title</name>
                    <value>Universal Java XPath Engine</value>
                </evidence>
                <evidence>
                    <source>Manifest</source>
                    <name>specification-vendor</name>
                    <value>Codehaus</value>
                </evidence>
            </evidenceCollected>
        </dependency>
        <dependency>
            <fileName>fest-assert-1.1.jar</fileName>
            <filePath>/home/bcraig/Documents/Thesis/Analysis/reports/jchempaint/3rdParty/fest-assert-1.1.jar</filePath>
            <md5>229896AE1EA0C5C29C4B96D5E6FBEDCF</md5>
            <sha1>2C26FDCCFA91E851B396FC1DCE99793E10F5165D</sha1>
            <description>&apos;Flexible&apos; or &apos;fluent&apos; assertions for testing</description>
            <evidenceCollected>
                <evidence>
                    <source>file</source>
                    <name>name</name>
                    <value>fest-assert-1.1</value>
                </evidence>
                <evidence>
                    <source>jar</source>
                    <name>package</name>
                    <value>assertions</value>
                </evidence>
                <evidence>
                    <source>jar</source>
                    <name>package</name>
                    <value>fest</value>
                </evidence>
                <evidence>
                    <source>jar</source>
                    <name>package name</name>
                    <value>assert</value>
                </evidence>
                <evidence>
                    <source>jar</source>
                    <name>package name</name>
                    <value>assertions</value>
                </evidence>
                <evidence>
                    <source>jar</source>
                    <name>package name</name>
                    <value>fest</value>
                </evidence>
                <evidence>
                    <source>pom</source>
                    <name>artifactid</name>
                    <value>fest-assert</value>
                </evidence>
                <evidence>
                    <source>pom</source>
                    <name>artifactid</name>
                    <value>fest-assert</value>
                </evidence>
                <evidence>
                    <source>pom</source>
                    <name>description</name>
                    <value>&apos;Flexible&apos; or &apos;fluent&apos; assertions for testing</value>
                </evidence>
                <evidence>
                    <source>pom</source>
                    <name>groupid</name>
                    <value>easytesting</value>
                </evidence>
                <evidence>
                    <source>pom</source>
                    <name>groupid</name>
                    <value>easytesting</value>
                </evidence>
                <evidence>
                    <source>pom</source>
                    <name>name</name>
                    <value>FEST Fluent Assertions</value>
                </evidence>
            </evidenceCollected>
        </dependency>
        <dependency>
            <fileName>ccl.jar</fileName>
            <filePath>/home/bcraig/Documents/Thesis/Analysis/reports/jchempaint/3rdParty/ccl.jar</filePath>
            <md5>EC58D62D6EFA81AED85BC67E0B83463A</md5>
            <sha1>1A29ED5FD4EEC4B082D0A71FA2153B1699B3F840</sha1>
            <evidenceCollected>
                <evidence>
                    <source>file</source>
                    <name>name</name>
                    <value>ccl</value>
                </evidence>
                <evidence>
                    <source>jar</source>
                    <name>package</name>
                    <value>ccl</value>
                </evidence>
            </evidenceCollected>
        </dependency>
        <dependency>
            <fileName>asm-3.1.jar</fileName>
            <filePath>/home/bcraig/Documents/Thesis/Analysis/reports/jchempaint/3rdParty/asm-3.1.jar</filePath>
            <md5>4FBE0FD975ECC71480846CE272B483B0</md5>
            <sha1>26CC0E49F46058EF00E6473829BD02A23C0F6744</sha1>
            <evidenceCollected>
                <evidence>
                    <source>file</source>
                    <name>name</name>
                    <value>asm-3.1</value>
                </evidence>
                <evidence>
                    <source>jar</source>
                    <name>package</name>
                    <value>asm</value>
                </evidence>
                <evidence>
                    <source>jar</source>
                    <name>package</name>
                    <value>objectweb</value>
                </evidence>
                <evidence>
                    <source>jar</source>
                    <name>package name</name>
                    <value>asm</value>
                </evidence>
                <evidence>
                    <source>Manifest</source>
                    <name>Implementation-Title</name>
                    <value>ASM</value>
                </evidence>
                <evidence>
                    <source>Manifest</source>
                    <name>Implementation-Vendor</name>
                    <value>France Telecom R&amp;D</value>
                </evidence>
            </evidenceCollected>
        </dependency>
        <dependency>
            <fileName>log4j.jar</fileName>
            <filePath>/home/bcraig/Documents/Thesis/Analysis/reports/jchempaint/3rdParty/log4j.jar</filePath>
            <md5>4D4609998FBC124CE6F0D1D48FCA2614</md5>
            <sha1>F0A0D2E29ED910808C33135A3A5A51BBA6358F7B</sha1>
            <description>Apache Log4j 1.2</description>
            <license>The Apache Software License, Version 2.0: http://www.apache.org/licenses/LICENSE-2.0.txt</license>
            <evidenceCollected>
                <evidence>
                    <source>file</source>
                    <name>name</name>
                    <value>log4j</value>
                </evidence>
                <evidence>
                    <source>jar</source>
                    <name>package</name>
                    <value>apache</value>
                </evidence>
                <evidence>
                    <source>jar</source>
                    <name>package</name>
                    <value>log4j</value>
                </evidence>
                <evidence>
                    <source>jar</source>
                    <name>package name</name>
                    <value>apache</value>
                </evidence>
                <evidence>
                    <source>jar</source>
                    <name>package name</name>
                    <value>log4j</value>
                </evidence>
                <evidence>
                    <source>pom</source>
                    <name>artifactid</name>
                    <value>log4j</value>
                </evidence>
                <evidence>
                    <source>pom</source>
                    <name>artifactid</name>
                    <value>log4j</value>
                </evidence>
                <evidence>
                    <source>pom</source>
                    <name>description</name>
                    <value>Apache Log4j 1.2</value>
                </evidence>
                <evidence>
                    <source>pom</source>
                    <name>groupid</name>
                    <value>log4j</value>
                </evidence>
                <evidence>
                    <source>pom</source>
                    <name>groupid</name>
                    <value>log4j</value>
                </evidence>
                <evidence>
                    <source>pom</source>
                    <name>name</name>
                    <value>Apache Log4j</value>
                </evidence>
                <evidence>
                    <source>pom</source>
                    <name>organization name</name>
                    <value>Apache Software Foundation</value>
                </evidence>
            </evidenceCollected>
        </dependency>
        <dependency>
            <fileName>jgrapht-0.6.0.jar</fileName>
            <filePath>/home/bcraig/Documents/Thesis/Analysis/reports/jchempaint/3rdParty/jgrapht-0.6.0.jar</filePath>
            <md5>68285600B064BDA6DA10EEBA04261517</md5>
            <sha1>FF9E88EB5F6EF4B61111CCFBF70B6BCB04F8268D</sha1>
            <evidenceCollected>
                <evidence>
                    <source>file</source>
                    <name>name</name>
                    <value>jgrapht-0.6.0</value>
                </evidence>
                <evidence>
                    <source>jar</source>
                    <name>package</name>
                    <value>_3pq</value>
                </evidence>
                <evidence>
                    <source>jar</source>
                    <name>package</name>
                    <value>jgrapht</value>
                </evidence>
            </evidenceCollected>
        </dependency>
        <dependency>
            <fileName>xercesImpl-2.9.0.jar</fileName>
            <filePath>/home/bcraig/Documents/Thesis/Analysis/reports/jchempaint/3rdParty/xercesImpl-2.9.0.jar</filePath>
            <md5>A92A6B352D3929BACCE9B7B96D231785</md5>
            <sha1>73258F781E3849999247F11716BA13DF8A1FDC11</sha1>
            <evidenceCollected>
                <evidence>
                    <source>file</source>
                    <name>name</name>
                    <value>xercesImpl-2.9.0</value>
                </evidence>
                <evidence>
                    <source>jar</source>
                    <name>package</name>
                    <value>apache</value>
                </evidence>
                <evidence>
                    <source>jar</source>
                    <name>package</name>
                    <value>xerces</value>
                </evidence>
            </evidenceCollected>
        </dependency>
        <dependency>
            <fileName>xpp3-1.1.4c.jar</fileName>
            <filePath>/home/bcraig/Documents/Thesis/Analysis/reports/jchempaint/3rdParty/xpp3-1.1.4c.jar</filePath>
            <md5>6E3C39F391E4994888B7D0030F775804</md5>
            <sha1>9B988EA84B9E4E9F1874E390CE099B8AC12CFFF5</sha1>
            <evidenceCollected>
                <evidence>
                    <source>file</source>
                    <name>name</name>
                    <value>xpp3-1.1.4c</value>
                </evidence>
                <evidence>
                    <source>jar</source>
                    <name>package</name>
                    <value>builder</value>
                </evidence>
                <evidence>
                    <source>jar</source>
                    <name>package</name>
                    <value>v1</value>
                </evidence>
                <evidence>
                    <source>jar</source>
                    <name>package</name>
                    <value>xmlpull</value>
                </evidence>
            </evidenceCollected>
        </dependency>
        <dependency>
            <fileName>javancss.jar</fileName>
            <filePath>/home/bcraig/Documents/Thesis/Analysis/reports/jchempaint/3rdParty/javancss.jar</filePath>
            <md5>A8C0167AF89D1A4FB12AF9BC273C19BD</md5>
            <sha1>3E8E082FF7971ECCB4290E9BFB2178635F96BE99</sha1>
            <description>
    JavaNCSS is a simple command line utility which measures two standard source code metrics for the Java programming
    language. The metrics are collected globally, for each class and/or for each function.
  </description>
            <license>LGPL: http://www.gnu.org/licenses/lgpl-3.0.txt</license>
            <evidenceCollected>
                <evidence>
                    <source>file</source>
                    <name>name</name>
                    <value>javancss</value>
                </evidence>
                <evidence>
                    <source>jar</source>
                    <name>package name</name>
                    <value>javancss</value>
                </evidence>
                <evidence>
                    <source>jar</source>
                    <name>package name</name>
                    <value>metric</value>
                </evidence>
                <evidence>
                    <source>Manifest</source>
                    <name>Implementation-Title</name>
                    <value>JavaNCSS</value>
                </evidence>
                <evidence>
                    <source>Manifest</source>
                    <name>Implementation-Vendor</name>
                    <value>Chr. Clemens Lee and companions</value>
                </evidence>
                <evidence>
                    <source>Manifest</source>
                    <name>Implementation-Vendor-Id</name>
                    <value>org.codehaus.javancss</value>
                </evidence>
                <evidence>
                    <source>Manifest</source>
                    <name>specification-title</name>
                    <value>JavaNCSS</value>
                </evidence>
                <evidence>
                    <source>Manifest</source>
                    <name>specification-vendor</name>
                    <value>Chr. Clemens Lee and companions</value>
                </evidence>
                <evidence>
                    <source>pom</source>
                    <name>artifactid</name>
                    <value>javancss</value>
                </evidence>
                <evidence>
                    <source>pom</source>
                    <name>artifactid</name>
                    <value>javancss</value>
                </evidence>
                <evidence>
                    <source>pom</source>
                    <name>description</name>
                    <value>JavaNCSS is a simple command line utility which measures two standard source code metrics for the Java programming
    language. The metrics are collected globally, for each class and/or for each function.</value>
                </evidence>
                <evidence>
                    <source>pom</source>
                    <name>groupid</name>
                    <value>codehaus.javancss</value>
                </evidence>
                <evidence>
                    <source>pom</source>
                    <name>groupid</name>
                    <value>codehaus.javancss</value>
                </evidence>
                <evidence>
                    <source>pom</source>
                    <name>name</name>
                    <value>JavaNCSS</value>
                </evidence>
                <evidence>
                    <source>pom</source>
                    <name>organization name</name>
                    <value>Chr. Clemens Lee and companions</value>
                </evidence>
            </evidenceCollected>
        </dependency>
        <dependency>
            <fileName>sjava-0.68.jar</fileName>
            <filePath>/home/bcraig/Documents/Thesis/Analysis/reports/jchempaint/3rdParty/sjava-0.68.jar</filePath>
            <md5>A8D890576B64ED384E40A013BB8C7722</md5>
            <sha1>C5C5B81B8D5EEA229066EB8C3E157525E3B69912</sha1>
            <evidenceCollected>
                <evidence>
                    <source>file</source>
                    <name>name</name>
                    <value>sjava-0.68</value>
                </evidence>
                <evidence>
                    <source>jar</source>
                    <name>package</name>
                    <value>environment</value>
                </evidence>
                <evidence>
                    <source>jar</source>
                    <name>package</name>
                    <value>omegahat</value>
                </evidence>
            </evidenceCollected>
        </dependency>
        <dependency>
            <fileName>JRI.jar</fileName>
            <filePath>/home/bcraig/Documents/Thesis/Analysis/reports/jchempaint/3rdParty/JRI.jar</filePath>
            <md5>5DA35CC08269A3952CA56C40581D242A</md5>
            <sha1>DADE513DD7A8B23637400FBFB71D6022973F00A3</sha1>
            <evidenceCollected>
                <evidence>
                    <source>file</source>
                    <name>name</name>
                    <value>JRI</value>
                </evidence>
                <evidence>
                    <source>jar</source>
                    <name>package</name>
                    <value>jri</value>
                </evidence>
                <evidence>
                    <source>jar</source>
                    <name>package</name>
                    <value>rosuda</value>
                </evidence>
            </evidenceCollected>
        </dependency>
        <dependency>
            <fileName>log4j.mini.jar</fileName>
            <filePath>/home/bcraig/Documents/Thesis/Analysis/reports/jchempaint/3rdParty/log4j.mini.jar</filePath>
            <md5>0C7B9AE76AA854C8782C169E6A63FD99</md5>
            <sha1>16D62ED5AAC01C0AC837D813C8202A387164AA09</sha1>
            <evidenceCollected>
                <evidence>
                    <source>file</source>
                    <name>name</name>
                    <value>log4j.mini</value>
                </evidence>
                <evidence>
                    <source>jar</source>
                    <name>package</name>
                    <value>apache</value>
                </evidence>
                <evidence>
                    <source>jar</source>
                    <name>package</name>
                    <value>log4j</value>
                </evidence>
            </evidenceCollected>
        </dependency>
        <dependency>
            <fileName>ant_doxygen.jar</fileName>
            <filePath>/home/bcraig/Documents/Thesis/Analysis/reports/jchempaint/3rdParty/ant_doxygen.jar</filePath>
            <md5>BE0E102B9889B87D6B0DC76284E2C56F</md5>
            <sha1>00D45336B14A9B49F1FD46D9F2921EF738C34617</sha1>
            <evidenceCollected>
                <evidence>
                    <source>file</source>
                    <name>name</name>
                    <value>ant_doxygen</value>
                </evidence>
                <evidence>
                    <source>jar</source>
                    <name>package</name>
                    <value>doxygen</value>
                </evidence>
                <evidence>
                    <source>jar</source>
                    <name>package</name>
                    <value>tools</value>
                </evidence>
            </evidenceCollected>
        </dependency>
        <dependency>
            <fileName>xom-1.1.jar</fileName>
            <filePath>/home/bcraig/Documents/Thesis/Analysis/reports/jchempaint/3rdParty/xom-1.1.jar</filePath>
            <md5>52157AE949FDF4CD304B5F5C559B811B</md5>
            <sha1>52BDC525B953A8D9DDDA2837B297CE28144119EA</sha1>
            <evidenceCollected>
                <evidence>
                    <source>file</source>
                    <name>name</name>
                    <value>xom-1.1</value>
                </evidence>
                <evidence>
                    <source>jar</source>
                    <name>package</name>
                    <value>jaxen</value>
                </evidence>
            </evidenceCollected>
        </dependency>
        <dependency>
            <fileName>pmd-4.2.5.jar</fileName>
            <filePath>/home/bcraig/Documents/Thesis/Analysis/reports/jchempaint/3rdParty/pmd-4.2.5.jar</filePath>
            <md5>71AE82354C0D0CAD12604CD01AF6585E</md5>
            <sha1>03F9B5AB710C32D03348061056DFB4D2272332B4</sha1>
            <evidenceCollected>
                <evidence>
                    <source>file</source>
                    <name>name</name>
                    <value>pmd-4.2.5</value>
                </evidence>
                <evidence>
                    <source>jar</source>
                    <name>package</name>
                    <value>net</value>
                </evidence>
                <evidence>
                    <source>jar</source>
                    <name>package</name>
                    <value>pmd</value>
                </evidence>
                <evidence>
                    <source>jar</source>
                    <name>package</name>
                    <value>sourceforge</value>
                </evidence>
            </evidenceCollected>
        </dependency>
        <dependency>
            <fileName>javacc.jar</fileName>
            <filePath>/home/bcraig/Documents/Thesis/Analysis/reports/jchempaint/3rdParty/javacc.jar</filePath>
            <md5>98F9F2361D61F106A2D65E5D302EEFBD</md5>
            <sha1>55440B393A188C8EFA26DB43A8292204C15D1DBC</sha1>
            <evidenceCollected>
                <evidence>
                    <source>file</source>
                    <name>name</name>
                    <value>javacc</value>
                </evidence>
                <evidence>
                    <source>jar</source>
                    <name>package</name>
                    <value>javacc</value>
                </evidence>
            </evidenceCollected>
        </dependency>
        <dependency>
            <fileName>yguard.jar</fileName>
            <filePath>/home/bcraig/Documents/Thesis/Analysis/reports/jchempaint/3rdParty/yguard.jar</filePath>
            <md5>B5BE957F8159DBBBBB9F946AB7EE66F4</md5>
            <sha1>45E593E19351B3CA6093D12BD66F74E69D14ED11</sha1>
            <evidenceCollected>
                <evidence>
                    <source>file</source>
                    <name>name</name>
                    <value>yguard</value>
                </evidence>
                <evidence>
                    <source>jar</source>
                    <name>package</name>
                    <value>yworks</value>
                </evidence>
            </evidenceCollected>
        </dependency>
        <dependency>
            <fileName>antlr.jar</fileName>
            <filePath>/home/bcraig/Documents/Thesis/Analysis/reports/jchempaint/3rdParty/antlr.jar</filePath>
            <md5>DB59DC4901D77F4DFA8C9EEF9F824BF1</md5>
            <sha1>869F885543A9F15FD77833081E32B76D697919F6</sha1>
            <evidenceCollected>
                <evidence>
                    <source>file</source>
                    <name>name</name>
                    <value>antlr</value>
                </evidence>
                <evidence>
                    <source>jar</source>
                    <name>package</name>
                    <value>antlr</value>
                </evidence>
            </evidenceCollected>
        </dependency>
        <dependency>
            <fileName>jniinchi-0.5.jar</fileName>
            <filePath>/home/bcraig/Documents/Thesis/Analysis/reports/jchempaint/3rdParty/jniinchi-0.5.jar</filePath>
            <md5>936C7258FFA5337A5F8BE43C657BC767</md5>
            <sha1>C995F8274B04679A13E554608221859B537E5783</sha1>
            <description>
    The JNI InChI Wrapper project provides JNI (Java Native Interface)
    wrappers for the InChI (International Chemical Identifier) C++
    library distributed by IUPAC.
  </description>
            <license>GNU Lesser General Public License: http://www.gnu.org/licenses/</license>
            <evidenceCollected>
                <evidence>
                    <source>file</source>
                    <name>name</name>
                    <value>jniinchi-0.5</value>
                </evidence>
                <evidence>
                    <source>jar</source>
                    <name>package</name>
                    <value>apache</value>
                </evidence>
                <evidence>
                    <source>jar</source>
                    <name>package</name>
                    <value>log4j</value>
                </evidence>
                <evidence>
                    <source>jar</source>
                    <name>package name</name>
                    <value>config</value>
                </evidence>
                <evidence>
                    <source>jar</source>
                    <name>package name</name>
                    <value>deploy</value>
                </evidence>
                <evidence>
                    <source>jar</source>
                    <name>package name</name>
                    <value>jnati</value>
                </evidence>
                <evidence>
                    <source>jar</source>
                    <name>package name</name>
                    <value>jniinchi</value>
                </evidence>
                <evidence>
                    <source>jar</source>
                    <name>package name</name>
                    <value>net</value>
                </evidence>
                <evidence>
                    <source>jar</source>
                    <name>package name</name>
                    <value>nt</value>
                </evidence>
                <evidence>
                    <source>jar</source>
                    <name>package name</name>
                    <value>or</value>
                </evidence>
                <evidence>
                    <source>jar</source>
                    <name>package name</name>
                    <value>sea36</value>
                </evidence>
                <evidence>
                    <source>jar</source>
                    <name>package name</name>
                    <value>sf</value>
                </evidence>
                <evidence>
                    <source>jar</source>
                    <name>package name</name>
                    <value>util</value>
                </evidence>
                <evidence>
                    <source>pom</source>
                    <name>artifactid</name>
                    <value>jnati-core</value>
                </evidence>
                <evidence>
                    <source>pom</source>
                    <name>artifactid</name>
                    <value>jnati-core</value>
                </evidence>
                <evidence>
                    <source>pom</source>
                    <name>artifactid</name>
                    <value>jnati-deploy</value>
                </evidence>
                <evidence>
                    <source>pom</source>
                    <name>artifactid</name>
                    <value>jnati-deploy</value>
                </evidence>
                <evidence>
                    <source>pom</source>
                    <name>artifactid</name>
                    <value>jniinchi</value>
                </evidence>
                <evidence>
                    <source>pom</source>
                    <name>artifactid</name>
                    <value>jniinchi</value>
                </evidence>
                <evidence>
                    <source>pom</source>
                    <name>artifactid</name>
                    <value>util-config</value>
                </evidence>
                <evidence>
                    <source>pom</source>
                    <name>artifactid</name>
                    <value>util-config</value>
                </evidence>
                <evidence>
                    <source>pom</source>
                    <name>description</name>
                    <value>A framework for distributing, loading and running native code from
    within java.</value>
                </evidence>
                <evidence>
                    <source>pom</source>
                    <name>description</name>
                    <value>The JNI InChI Wrapper project provides JNI (Java Native Interface)
    wrappers for the InChI (International Chemical Identifier) C++
    library distributed by IUPAC.</value>
                </evidence>
                <evidence>
                    <source>pom</source>
                    <name>groupid</name>
                    <value>net.sf</value>
                </evidence>
                <evidence>
                    <source>pom</source>
                    <name>groupid</name>
                    <value>net.sf</value>
                </evidence>
                <evidence>
                    <source>pom</source>
                    <name>groupid</name>
                    <value>net.sf.jnati</value>
                </evidence>
                <evidence>
                    <source>pom</source>
                    <name>groupid</name>
                    <value>net.sf.jnati</value>
                </evidence>
                <evidence>
                    <source>pom</source>
                    <name>groupid</name>
                    <value>sea36.util</value>
                </evidence>
                <evidence>
                    <source>pom</source>
                    <name>groupid</name>
                    <value>sea36.util</value>
                </evidence>
                <evidence>
                    <source>pom</source>
                    <name>name</name>
                    <value>Java Native Execution Framework</value>
                </evidence>
                <evidence>
                    <source>pom</source>
                    <name>name</name>
                    <value>JNI InChI Wrapper</value>
                </evidence>
            </evidenceCollected>
        </dependency>
        <dependency>
            <fileName>ant-contrib-1.0b3.jar</fileName>
            <filePath>/home/bcraig/Documents/Thesis/Analysis/reports/jchempaint/3rdParty/ant-contrib-1.0b3.jar</filePath>
            <md5>A6495D687A143CBAEFA2AB812C69B42E</md5>
            <sha1>943CD5C8802B2A3A64A010EFB86EC19BAC142E40</sha1>
            <evidenceCollected>
                <evidence>
                    <source>file</source>
                    <name>name</name>
                    <value>ant-contrib-1.0b3</value>
                </evidence>
                <evidence>
                    <source>jar</source>
                    <name>package</name>
                    <value>antcontrib</value>
                </evidence>
                <evidence>
                    <source>jar</source>
                    <name>package</name>
                    <value>net</value>
                </evidence>
                <evidence>
                    <source>jar</source>
                    <name>package</name>
                    <value>sf</value>
                </evidence>
                <evidence>
                    <source>Manifest</source>
                    <name>build-timestamp</name>
                    <value>02/11/2006 11:46:36</value>
                </evidence>
            </evidenceCollected>
        </dependency>
        <dependency>
            <fileName>jama-1.0.2.jar</fileName>
            <filePath>/home/bcraig/Documents/Thesis/Analysis/reports/jchempaint/3rdParty/jama-1.0.2.jar</filePath>
            <md5>BF957578D1BCDE6702DBC8F7F7540ED7</md5>
            <sha1>BFD45F177DF7AC93EEB1DB750CFCEA61BBA68890</sha1>
            <evidenceCollected>
                <evidence>
                    <source>file</source>
                    <name>name</name>
                    <value>jama-1.0.2</value>
                </evidence>
                <evidence>
                    <source>jar</source>
                    <name>package</name>
                    <value>jama</value>
                </evidence>
            </evidenceCollected>
        </dependency>
        <dependency>
            <fileName>jfontchooser.jar</fileName>
            <filePath>/home/bcraig/Documents/Thesis/Analysis/reports/jchempaint/3rdParty/jfontchooser.jar</filePath>
            <md5>819FCDF54C4F462F8C3E88D2CCDDCF87</md5>
            <sha1>BF3B15F93C0769CF7E6B1E9718F6D62591EFB4DF</sha1>
            <evidenceCollected>
                <evidence>
                    <source>file</source>
                    <name>name</name>
                    <value>jfontchooser</value>
                </evidence>
                <evidence>
                    <source>jar</source>
                    <name>package</name>
                    <value>font</value>
                </evidence>
                <evidence>
                    <source>jar</source>
                    <name>package</name>
                    <value>ozten</value>
                </evidence>
                <evidence>
                    <source>jar</source>
                    <name>package name</name>
                    <value>font</value>
                </evidence>
                <evidence>
                    <source>jar</source>
                    <name>package name</name>
                    <value>jfontchooser</value>
                </evidence>
                <evidence>
                    <source>jar</source>
                    <name>package name</name>
                    <value>ozten</value>
                </evidence>
                <evidence>
                    <source>Manifest</source>
                    <name>name</name>
                    <value>com/ozten/font/JFontChooser.class</value>
                </evidence>
            </evidenceCollected>
        </dependency>
    </dependencies>
</analysis>