<?xml version="1.0"?>
<analysis xmlns="https://www.owasp.org/index.php/OWASP_Dependency_Check">
    <projectInfo>
        <name>jena</name>
        <reportDate>Feb 18, 2014 2:38:19 PM</reportDate>
        <credits>This report contains data retrieved from the National Vulnerability Database: http://nvd.nist.gov</credits>
    </projectInfo>
    <dependencies>
        <dependency>
            <fileName>slf4j-log4j12-1.5.8.jar</fileName>
            <filePath>/home/bcraig/Documents/Thesis/Analysis/reports/jena/3rdParty/slf4j-log4j12-1.5.8.jar</filePath>
            <md5>CEB427BCC9947A40DF1D48895B0A6D57</md5>
            <sha1>DA00A151C4DB31B5BE23E5F2B9F528735FDDC384</sha1>
            <description>
		The slf4j log4j-12 binding
	</description>
            <evidenceCollected>
                <evidence>
                    <source>file</source>
                    <name>name</name>
                    <value>slf4j-log4j12-1.5.8</value>
                </evidence>
                <evidence>
                    <source>jar</source>
                    <name>package name</name>
                    <value>slf4j</value>
                </evidence>
                <evidence>
                    <source>Manifest</source>
                    <name>Bundle-Name</name>
                    <value>slf4j-log4j12</value>
                </evidence>
                <evidence>
                    <source>Manifest</source>
                    <name>bundle-requiredexecutionenvironment</name>
                    <value>J2SE-1.3</value>
                </evidence>
                <evidence>
                    <source>Manifest</source>
                    <name>bundle-symbolicname</name>
                    <value>slf4j.log4j12</value>
                </evidence>
                <evidence>
                    <source>Manifest</source>
                    <name>Bundle-Vendor</name>
                    <value>SLF4J.ORG</value>
                </evidence>
                <evidence>
                    <source>Manifest</source>
                    <name>Implementation-Title</name>
                    <value>slf4j-log4j12</value>
                </evidence>
                <evidence>
                    <source>pom</source>
                    <name>artifactid</name>
                    <value>slf4j-log4j12</value>
                </evidence>
                <evidence>
                    <source>pom</source>
                    <name>artifactid</name>
                    <value>slf4j-log4j12</value>
                </evidence>
                <evidence>
                    <source>pom</source>
                    <name>description</name>
                    <value>The slf4j log4j-12 binding</value>
                </evidence>
                <evidence>
                    <source>pom</source>
                    <name>groupid</name>
                    <value>slf4j</value>
                </evidence>
                <evidence>
                    <source>pom</source>
                    <name>groupid</name>
                    <value>slf4j</value>
                </evidence>
                <evidence>
                    <source>pom</source>
                    <name>name</name>
                    <value>SLF4J LOG4J-12 Binding</value>
                </evidence>
            </evidenceCollected>
        </dependency>
        <dependency>
            <fileName>junit-4.5.jar</fileName>
            <filePath>/home/bcraig/Documents/Thesis/Analysis/reports/jena/3rdParty/junit-4.5.jar</filePath>
            <md5>896973B9728A697494024163343C8112</md5>
            <sha1>7059D3D3BEDC1FCA9B33CDE8503095B3576A0BBA</sha1>
            <evidenceCollected>
                <evidence>
                    <source>file</source>
                    <name>name</name>
                    <value>junit-4.5</value>
                </evidence>
                <evidence>
                    <source>jar</source>
                    <name>package</name>
                    <value>junit</value>
                </evidence>
            </evidenceCollected>
        </dependency>
        <dependency>
            <fileName>icu4j-3.4.4.jar</fileName>
            <filePath>/home/bcraig/Documents/Thesis/Analysis/reports/jena/3rdParty/icu4j-3.4.4.jar</filePath>
            <md5>92422A9465CCC608BC7A8AE9CF594509</md5>
            <sha1>21CF76CCD5ECCF7145EEB1D4F398FC6DBA3FCEDE</sha1>
            <evidenceCollected>
                <evidence>
                    <source>file</source>
                    <name>name</name>
                    <value>icu4j-3.4.4</value>
                </evidence>
                <evidence>
                    <source>jar</source>
                    <name>package</name>
                    <value>ibm</value>
                </evidence>
                <evidence>
                    <source>jar</source>
                    <name>package</name>
                    <value>icu</value>
                </evidence>
                <evidence>
                    <source>jar</source>
                    <name>package</name>
                    <value>text</value>
                </evidence>
            </evidenceCollected>
        </dependency>
        <dependency>
            <fileName>stax-api-1.0.1.jar</fileName>
            <filePath>/home/bcraig/Documents/Thesis/Analysis/reports/jena/3rdParty/stax-api-1.0.1.jar</filePath>
            <md5>7D436A53C64490BEE564C576BABB36B4</md5>
            <sha1>49C100CAF72D658ACA8E58BD74A4BA90FA2B0D70</sha1>
            <evidenceCollected>
                <evidence>
                    <source>file</source>
                    <name>name</name>
                    <value>stax-api-1.0.1</value>
                </evidence>
                <evidence>
                    <source>jar</source>
                    <name>package</name>
                    <value>javax</value>
                </evidence>
                <evidence>
                    <source>jar</source>
                    <name>package</name>
                    <value>stream</value>
                </evidence>
                <evidence>
                    <source>jar</source>
                    <name>package</name>
                    <value>xml</value>
                </evidence>
                <evidence>
                    <source>Manifest</source>
                    <name>Implementation-Title</name>
                    <value>StAX 1.0 API</value>
                </evidence>
                <evidence>
                    <source>Manifest</source>
                    <name>Implementation-Vendor</name>
                    <value>JCP</value>
                </evidence>
                <evidence>
                    <source>Manifest</source>
                    <name>specification-title</name>
                    <value>StAX</value>
                </evidence>
                <evidence>
                    <source>Manifest</source>
                    <name>specification-vendor</name>
                    <value>JCP-173</value>
                </evidence>
            </evidenceCollected>
        </dependency>
        <dependency>
            <fileName>arq-2.8.4.jar</fileName>
            <filePath>/home/bcraig/Documents/Thesis/Analysis/reports/jena/3rdParty/arq-2.8.4.jar</filePath>
            <md5>539E0D6E2B89A4B30415F187C654BE8B</md5>
            <sha1>065E343D3E5A3F34325E4DDD4B0C279C86BD5A48</sha1>
            <description>ARQ is a SPARQL query engine for Jena</description>
            <license>BSD-style license: http://openjena.org/license.html</license>
            <evidenceCollected>
                <evidence>
                    <source>file</source>
                    <name>name</name>
                    <value>2.8.4</value>
                </evidence>
                <evidence>
                    <source>file</source>
                    <name>name</name>
                    <value>arq-2.8.4</value>
                </evidence>
                <evidence>
                    <source>file</source>
                    <name>name</name>
                    <value>arq-2.8.4</value>
                </evidence>
                <evidence>
                    <source>jar</source>
                    <name>package</name>
                    <value>hp</value>
                </evidence>
                <evidence>
                    <source>jar</source>
                    <name>package</name>
                    <value>hpl</value>
                </evidence>
                <evidence>
                    <source>jar</source>
                    <name>package</name>
                    <value>jena</value>
                </evidence>
                <evidence>
                    <source>jar</source>
                    <name>package</name>
                    <value>sparql</value>
                </evidence>
                <evidence>
                    <source>jar</source>
                    <name>package name</name>
                    <value>arq</value>
                </evidence>
                <evidence>
                    <source>jar</source>
                    <name>package name</name>
                    <value>hp</value>
                </evidence>
                <evidence>
                    <source>jar</source>
                    <name>package name</name>
                    <value>hpl</value>
                </evidence>
                <evidence>
                    <source>jar</source>
                    <name>package name</name>
                    <value>jena</value>
                </evidence>
                <evidence>
                    <source>jar</source>
                    <name>package name</name>
                    <value>query</value>
                </evidence>
                <evidence>
                    <source>jar</source>
                    <name>package name</name>
                    <value>sparql</value>
                </evidence>
                <evidence>
                    <source>pom</source>
                    <name>artifactid</name>
                    <value>arq</value>
                </evidence>
                <evidence>
                    <source>pom</source>
                    <name>artifactid</name>
                    <value>arq</value>
                </evidence>
                <evidence>
                    <source>pom</source>
                    <name>description</name>
                    <value>ARQ is a SPARQL query engine for Jena</value>
                </evidence>
                <evidence>
                    <source>pom</source>
                    <name>groupid</name>
                    <value>hp.hpl.jena</value>
                </evidence>
                <evidence>
                    <source>pom</source>
                    <name>groupid</name>
                    <value>hp.hpl.jena</value>
                </evidence>
                <evidence>
                    <source>pom</source>
                    <name>name</name>
                    <value>ARQ</value>
                </evidence>
                <evidence>
                    <source>pom</source>
                    <name>organization name</name>
                    <value>OpenJena</value>
                </evidence>
                <evidence>
                    <source>pom</source>
                    <name>version</name>
                    <value>2.8.4</value>
                </evidence>
            </evidenceCollected>
            <identifiers>
                <identifier type="cpe">
                    <name>(cpe:/a:hp:hp:2.8.4)</name>
                </identifier>
            </identifiers>
        </dependency>
        <dependency>
            <fileName>xercesImpl-2.7.1.jar</fileName>
            <filePath>/home/bcraig/Documents/Thesis/Analysis/reports/jena/3rdParty/xercesImpl-2.7.1.jar</filePath>
            <md5>BC3A50120BBB72AFE43A8D26D1633D0D</md5>
            <sha1>815D652B79B71B7C82A71126D3D7CE8FC8BCCDEF</sha1>
            <evidenceCollected>
                <evidence>
                    <source>file</source>
                    <name>name</name>
                    <value>xercesImpl-2.7.1</value>
                </evidence>
                <evidence>
                    <source>jar</source>
                    <name>package</name>
                    <value>apache</value>
                </evidence>
                <evidence>
                    <source>jar</source>
                    <name>package</name>
                    <value>xerces</value>
                </evidence>
            </evidenceCollected>
        </dependency>
        <dependency>
            <fileName>log4j-1.2.13.jar</fileName>
            <filePath>/home/bcraig/Documents/Thesis/Analysis/reports/jena/3rdParty/log4j-1.2.13.jar</filePath>
            <md5>52169B4A318E3246483F39F62B84B948</md5>
            <sha1>8B1B85D04EEA979C33109EA42808B7D3F6D355AB</sha1>
            <evidenceCollected>
                <evidence>
                    <source>file</source>
                    <name>name</name>
                    <value>log4j-1.2.13</value>
                </evidence>
                <evidence>
                    <source>jar</source>
                    <name>package</name>
                    <value>apache</value>
                </evidence>
                <evidence>
                    <source>jar</source>
                    <name>package</name>
                    <value>log4j</value>
                </evidence>
            </evidenceCollected>
        </dependency>
        <dependency>
            <fileName>iri-0.8.jar</fileName>
            <filePath>/home/bcraig/Documents/Thesis/Analysis/reports/jena/3rdParty/iri-0.8.jar</filePath>
            <md5>475E01F6ED4C775114D2D2DFDFB9B354</md5>
            <sha1>CC78B59E2539C78AF923C12939D8D1CDE44B5CC1</sha1>
            <license>BSD-style license: http://jena.sourceforge.net/iri/license.html</license>
            <evidenceCollected>
                <evidence>
                    <source>file</source>
                    <name>name</name>
                    <value>0.8</value>
                </evidence>
                <evidence>
                    <source>file</source>
                    <name>name</name>
                    <value>iri-0.8</value>
                </evidence>
                <evidence>
                    <source>file</source>
                    <name>name</name>
                    <value>iri-0.8</value>
                </evidence>
                <evidence>
                    <source>jar</source>
                    <name>package</name>
                    <value>hp</value>
                </evidence>
                <evidence>
                    <source>jar</source>
                    <name>package</name>
                    <value>hpl</value>
                </evidence>
                <evidence>
                    <source>jar</source>
                    <name>package</name>
                    <value>iri</value>
                </evidence>
                <evidence>
                    <source>jar</source>
                    <name>package</name>
                    <value>jena</value>
                </evidence>
                <evidence>
                    <source>jar</source>
                    <name>package name</name>
                    <value>hp</value>
                </evidence>
                <evidence>
                    <source>jar</source>
                    <name>package name</name>
                    <value>hpl</value>
                </evidence>
                <evidence>
                    <source>jar</source>
                    <name>package name</name>
                    <value>iri</value>
                </evidence>
                <evidence>
                    <source>jar</source>
                    <name>package name</name>
                    <value>jena</value>
                </evidence>
                <evidence>
                    <source>pom</source>
                    <name>artifactid</name>
                    <value>iri</value>
                </evidence>
                <evidence>
                    <source>pom</source>
                    <name>artifactid</name>
                    <value>iri</value>
                </evidence>
                <evidence>
                    <source>pom</source>
                    <name>groupid</name>
                    <value>hp.hpl.jena</value>
                </evidence>
                <evidence>
                    <source>pom</source>
                    <name>groupid</name>
                    <value>hp.hpl.jena</value>
                </evidence>
                <evidence>
                    <source>pom</source>
                    <name>name</name>
                    <value>Jena IRI</value>
                </evidence>
                <evidence>
                    <source>pom</source>
                    <name>organization name</name>
                    <value>Hewlett-Packard</value>
                </evidence>
                <evidence>
                    <source>pom</source>
                    <name>version</name>
                    <value>0.8</value>
                </evidence>
            </evidenceCollected>
            <identifiers>
                <identifier type="cpe">
                    <name>(cpe:/a:hp:hp:0.8)</name>
                </identifier>
            </identifiers>
        </dependency>
        <dependency>
            <fileName>slf4j-api-1.5.8.jar</fileName>
            <filePath>/home/bcraig/Documents/Thesis/Analysis/reports/jena/3rdParty/slf4j-api-1.5.8.jar</filePath>
            <md5>A93B02424A468550A00B1046F5FA1294</md5>
            <sha1>2AAF496DFD551ADB9B079F58A7E2D55EB383FC82</sha1>
            <description>The slf4j API</description>
            <evidenceCollected>
                <evidence>
                    <source>file</source>
                    <name>name</name>
                    <value>slf4j-api-1.5.8</value>
                </evidence>
                <evidence>
                    <source>jar</source>
                    <name>package name</name>
                    <value>slf4j</value>
                </evidence>
                <evidence>
                    <source>Manifest</source>
                    <name>Bundle-Name</name>
                    <value>slf4j-api</value>
                </evidence>
                <evidence>
                    <source>Manifest</source>
                    <name>bundle-requiredexecutionenvironment</name>
                    <value>J2SE-1.3</value>
                </evidence>
                <evidence>
                    <source>Manifest</source>
                    <name>bundle-symbolicname</name>
                    <value>slf4j.api</value>
                </evidence>
                <evidence>
                    <source>Manifest</source>
                    <name>Bundle-Vendor</name>
                    <value>SLF4J.ORG</value>
                </evidence>
                <evidence>
                    <source>Manifest</source>
                    <name>Implementation-Title</name>
                    <value>slf4j-api</value>
                </evidence>
                <evidence>
                    <source>pom</source>
                    <name>artifactid</name>
                    <value>slf4j-api</value>
                </evidence>
                <evidence>
                    <source>pom</source>
                    <name>artifactid</name>
                    <value>slf4j-api</value>
                </evidence>
                <evidence>
                    <source>pom</source>
                    <name>description</name>
                    <value>The slf4j API</value>
                </evidence>
                <evidence>
                    <source>pom</source>
                    <name>groupid</name>
                    <value>slf4j</value>
                </evidence>
                <evidence>
                    <source>pom</source>
                    <name>groupid</name>
                    <value>slf4j</value>
                </evidence>
                <evidence>
                    <source>pom</source>
                    <name>name</name>
                    <value>SLF4J API Module</value>
                </evidence>
            </evidenceCollected>
        </dependency>
        <dependency>
            <fileName>lucene-core-2.3.1.jar</fileName>
            <filePath>/home/bcraig/Documents/Thesis/Analysis/reports/jena/3rdParty/lucene-core-2.3.1.jar</filePath>
            <md5>784D262AFC2BC259CD9B8E458F051EC7</md5>
            <sha1>1079F7F33D1D1561D3A40EEA9708A99E4F17A058</sha1>
            <evidenceCollected>
                <evidence>
                    <source>file</source>
                    <name>name</name>
                    <value>lucene-core-2.3.1</value>
                </evidence>
                <evidence>
                    <source>jar</source>
                    <name>package</name>
                    <value>apache</value>
                </evidence>
                <evidence>
                    <source>jar</source>
                    <name>package</name>
                    <value>lucene</value>
                </evidence>
                <evidence>
                    <source>jar</source>
                    <name>package name</name>
                    <value>apache</value>
                </evidence>
                <evidence>
                    <source>jar</source>
                    <name>package name</name>
                    <value>lucene</value>
                </evidence>
                <evidence>
                    <source>jar</source>
                    <name>package name</name>
                    <value>search</value>
                </evidence>
                <evidence>
                    <source>Manifest</source>
                    <name>Implementation-Title</name>
                    <value>org.apache.lucene</value>
                </evidence>
                <evidence>
                    <source>Manifest</source>
                    <name>Implementation-Vendor</name>
                    <value>The Apache Software Foundation</value>
                </evidence>
                <evidence>
                    <source>Manifest</source>
                    <name>specification-title</name>
                    <value>Lucene Search Engine: core</value>
                </evidence>
                <evidence>
                    <source>Manifest</source>
                    <name>specification-vendor</name>
                    <value>The Apache Software Foundation</value>
                </evidence>
            </evidenceCollected>
        </dependency>
        <dependency>
            <fileName>wstx-asl-3.2.9.jar</fileName>
            <filePath>/home/bcraig/Documents/Thesis/Analysis/reports/jena/3rdParty/wstx-asl-3.2.9.jar</filePath>
            <md5>8CB7D88FACA2DA5A3F9A3C50EEE1FC3B</md5>
            <sha1>C82B6E8F225BB799540E558B10EE24D268035597</sha1>
            <evidenceCollected>
                <evidence>
                    <source>file</source>
                    <name>name</name>
                    <value>wstx-asl-3.2.9</value>
                </evidence>
                <evidence>
                    <source>jar</source>
                    <name>package</name>
                    <value>ctc</value>
                </evidence>
                <evidence>
                    <source>jar</source>
                    <name>package</name>
                    <value>wstx</value>
                </evidence>
                <evidence>
                    <source>jar</source>
                    <name>package name</name>
                    <value>api</value>
                </evidence>
                <evidence>
                    <source>jar</source>
                    <name>package name</name>
                    <value>codehaus</value>
                </evidence>
                <evidence>
                    <source>jar</source>
                    <name>package name</name>
                    <value>stax</value>
                </evidence>
                <evidence>
                    <source>Manifest</source>
                    <name>Implementation-Title</name>
                    <value>WoodSToX XML-processor</value>
                </evidence>
                <evidence>
                    <source>Manifest</source>
                    <name>Implementation-Vendor</name>
                    <value>woodstox.codehaus.org</value>
                </evidence>
                <evidence>
                    <source>Manifest</source>
                    <name>specification-title</name>
                    <value>StAX 1.0 API</value>
                </evidence>
                <evidence>
                    <source>Manifest</source>
                    <name>specification-vendor</name>
                    <value>http://jcp.org/en/jsr/detail?id=173</value>
                </evidence>
            </evidenceCollected>
        </dependency>
    </dependencies>
</analysis>