<?xml version="1.0"?>
<analysis xmlns="https://www.owasp.org/index.php/OWASP_Dependency_Check">
    <projectInfo>
        <name>jfreechart</name>
        <reportDate>Feb 18, 2014 2:41:21 PM</reportDate>
        <credits>This report contains data retrieved from the National Vulnerability Database: http://nvd.nist.gov</credits>
    </projectInfo>
    <dependencies>
        <dependency>
            <fileName>junit.jar</fileName>
            <filePath>/home/bcraig/Documents/Thesis/Analysis/reports/jfreechart/3rdParty/junit.jar</filePath>
            <md5>1F40FB782A4F2CF78F161D32670F7A3A</md5>
            <sha1>99129F16442844F6A4A11AE22FBBEE40B14D774F</sha1>
            <evidenceCollected>
                <evidence>
                    <source>file</source>
                    <name>name</name>
                    <value>junit</value>
                </evidence>
                <evidence>
                    <source>jar</source>
                    <name>package</name>
                    <value>junit</value>
                </evidence>
            </evidenceCollected>
        </dependency>
        <dependency>
            <fileName>iText-2.1.5.jar</fileName>
            <filePath>/home/bcraig/Documents/Thesis/Analysis/reports/jfreechart/3rdParty/iText-2.1.5.jar</filePath>
            <md5>A42254F61F65EC0BBFCA66193196CA9D</md5>
            <sha1>A25C4C425EBF812C65184E81D4C84D22E8641B35</sha1>
            <evidenceCollected>
                <evidence>
                    <source>file</source>
                    <name>name</name>
                    <value>iText-2.1.5</value>
                </evidence>
                <evidence>
                    <source>jar</source>
                    <name>package</name>
                    <value>lowagie</value>
                </evidence>
                <evidence>
                    <source>jar</source>
                    <name>package</name>
                    <value>pdf</value>
                </evidence>
                <evidence>
                    <source>jar</source>
                    <name>package</name>
                    <value>text</value>
                </evidence>
            </evidenceCollected>
        </dependency>
        <dependency>
            <fileName>jcommon-1.0.16.jar</fileName>
            <filePath>/home/bcraig/Documents/Thesis/Analysis/reports/jfreechart/3rdParty/jcommon-1.0.16.jar</filePath>
            <md5>9B67A2A8BA65BB07611E5732DA60FE0E</md5>
            <sha1>348F9E02DFD982B105133AEA7F702BACA4427364</sha1>
            <evidenceCollected>
                <evidence>
                    <source>file</source>
                    <name>name</name>
                    <value>jcommon-1.0.16</value>
                </evidence>
                <evidence>
                    <source>jar</source>
                    <name>package</name>
                    <value>jfree</value>
                </evidence>
                <evidence>
                    <source>jar</source>
                    <name>package</name>
                    <value>ui</value>
                </evidence>
            </evidenceCollected>
        </dependency>
        <dependency>
            <fileName>servlet.jar</fileName>
            <filePath>/home/bcraig/Documents/Thesis/Analysis/reports/jfreechart/3rdParty/servlet.jar</filePath>
            <md5>E464FC7C8DF0648EE7F7D53470DE023B</md5>
            <sha1>2C033740B8F78C1081AF25C0173FC57317D2783A</sha1>
            <evidenceCollected>
                <evidence>
                    <source>file</source>
                    <name>name</name>
                    <value>servlet</value>
                </evidence>
                <evidence>
                    <source>jar</source>
                    <name>package</name>
                    <value>javax</value>
                </evidence>
                <evidence>
                    <source>jar</source>
                    <name>package</name>
                    <value>servlet</value>
                </evidence>
            </evidenceCollected>
        </dependency>
        <dependency>
            <fileName>gnujaxp.jar</fileName>
            <filePath>/home/bcraig/Documents/Thesis/Analysis/reports/jfreechart/3rdParty/gnujaxp.jar</filePath>
            <md5>03251779FA71E7B47A36E88F96DCD9AC</md5>
            <sha1>EE000286D00C5209D5644462C1CFEA87FC8B1342</sha1>
            <evidenceCollected>
                <evidence>
                    <source>file</source>
                    <name>name</name>
                    <value>gnujaxp</value>
                </evidence>
                <evidence>
                    <source>jar</source>
                    <name>package</name>
                    <value>xml</value>
                </evidence>
                <evidence>
                    <source>jar</source>
                    <name>package name</name>
                    <value>gnu</value>
                </evidence>
                <evidence>
                    <source>Manifest</source>
                    <name>extension-name</name>
                    <value>GNUJAXP</value>
                </evidence>
                <evidence>
                    <source>Manifest</source>
                    <name>Implementation-Title</name>
                    <value>GNU JAXP</value>
                </evidence>
                <evidence>
                    <source>Manifest</source>
                    <name>implementation-url</name>
                    <value>http://www.gnu.org/software/classpathx/jaxp</value>
                </evidence>
                <evidence>
                    <source>Manifest</source>
                    <name>Implementation-Vendor</name>
                    <value>Free Software Foundation</value>
                </evidence>
            </evidenceCollected>
        </dependency>
        <dependency>
            <fileName>swtgraphics2d.jar</fileName>
            <filePath>/home/bcraig/Documents/Thesis/Analysis/reports/jfreechart/3rdParty/swtgraphics2d.jar</filePath>
            <md5>60C4438FF71294A03DF6E630CC46C797</md5>
            <sha1>96886AF234AD6F1C81BEE95B798C37D93E1A1DA5</sha1>
            <evidenceCollected>
                <evidence>
                    <source>file</source>
                    <name>name</name>
                    <value>swtgraphics2d</value>
                </evidence>
                <evidence>
                    <source>jar</source>
                    <name>package</name>
                    <value>experimental</value>
                </evidence>
                <evidence>
                    <source>jar</source>
                    <name>package</name>
                    <value>jfree</value>
                </evidence>
                <evidence>
                    <source>jar</source>
                    <name>package</name>
                    <value>swt</value>
                </evidence>
            </evidenceCollected>
        </dependency>
    </dependencies>
</analysis>