<?xml version="1.0"?>
<analysis xmlns="https://www.owasp.org/index.php/OWASP_Dependency_Check">
    <projectInfo>
        <name>jgraphpad</name>
        <reportDate>Feb 18, 2014 2:43:26 PM</reportDate>
        <credits>This report contains data retrieved from the National Vulnerability Database: http://nvd.nist.gov</credits>
    </projectInfo>
    <dependencies>
        <dependency>
            <fileName>jnlp.jar</fileName>
            <filePath>/home/bcraig/Documents/Thesis/Analysis/reports/jgraphpad/3rdParty/jnlp.jar</filePath>
            <md5>04C2E86FCFF96BC61A5ED44993DB9737</md5>
            <sha1>456A222BA1345D564CAF7CD3699D8FA98EEFE219</sha1>
            <evidenceCollected>
                <evidence>
                    <source>file</source>
                    <name>name</name>
                    <value>jnlp</value>
                </evidence>
                <evidence>
                    <source>jar</source>
                    <name>package</name>
                    <value>javax</value>
                </evidence>
                <evidence>
                    <source>jar</source>
                    <name>package</name>
                    <value>jnlp</value>
                </evidence>
            </evidenceCollected>
        </dependency>
        <dependency>
            <fileName>library.jar</fileName>
            <filePath>/home/bcraig/Documents/Thesis/Analysis/reports/jgraphpad/3rdParty/library.jar</filePath>
            <md5>7E758EE6CB48A50B95CAFA0D92D21774</md5>
            <sha1>3C23519C06ECE69B7160B323C1A49D4CB5EF5BE2</sha1>
            <evidenceCollected>
                <evidence>
                    <source>file</source>
                    <name>name</name>
                    <value>library</value>
                </evidence>
                <evidence>
                    <source>jar</source>
                    <name>package</name>
                    <value>jgraph</value>
                </evidence>
                <evidence>
                    <source>jar</source>
                    <name>package</name>
                    <value>library</value>
                </evidence>
                <evidence>
                    <source>jar</source>
                    <name>package</name>
                    <value>plugins</value>
                </evidence>
            </evidenceCollected>
        </dependency>
        <dependency>
            <fileName>gpgraph.jar</fileName>
            <filePath>/home/bcraig/Documents/Thesis/Analysis/reports/jgraphpad/3rdParty/gpgraph.jar</filePath>
            <md5>E0AECC36304606DF81E0496E46B94D88</md5>
            <sha1>71F4133FB03FBABAD0CD3A92EB44024C7BD88AD5</sha1>
            <evidenceCollected>
                <evidence>
                    <source>file</source>
                    <name>name</name>
                    <value>gpgraph</value>
                </evidence>
                <evidence>
                    <source>jar</source>
                    <name>package</name>
                    <value>gpgraph</value>
                </evidence>
                <evidence>
                    <source>jar</source>
                    <name>package</name>
                    <value>jgraph</value>
                </evidence>
                <evidence>
                    <source>jar</source>
                    <name>package</name>
                    <value>plugins</value>
                </evidence>
            </evidenceCollected>
        </dependency>
        <dependency>
            <fileName>console.jar</fileName>
            <filePath>/home/bcraig/Documents/Thesis/Analysis/reports/jgraphpad/3rdParty/console.jar</filePath>
            <md5>92FF355443A607B3C7A43B0D4C5E427D</md5>
            <sha1>B5844F5565C1C79F0BD57A9C9B0FEB6F5A4BF446</sha1>
            <evidenceCollected>
                <evidence>
                    <source>file</source>
                    <name>name</name>
                    <value>console</value>
                </evidence>
                <evidence>
                    <source>jar</source>
                    <name>package</name>
                    <value>console</value>
                </evidence>
                <evidence>
                    <source>jar</source>
                    <name>package</name>
                    <value>jgraph</value>
                </evidence>
                <evidence>
                    <source>jar</source>
                    <name>package</name>
                    <value>plugins</value>
                </evidence>
            </evidenceCollected>
        </dependency>
        <dependency>
            <fileName>jgraph.jar</fileName>
            <filePath>/home/bcraig/Documents/Thesis/Analysis/reports/jgraphpad/3rdParty/jgraph.jar</filePath>
            <md5>E238E43F18BCBD0AFB020618BD610D18</md5>
            <sha1>E33A13C0BC9FC728147AF62037E3C9B144DBAA44</sha1>
            <evidenceCollected>
                <evidence>
                    <source>file</source>
                    <name>name</name>
                    <value>jgraph</value>
                </evidence>
                <evidence>
                    <source>jar</source>
                    <name>package</name>
                    <value>graph</value>
                </evidence>
                <evidence>
                    <source>jar</source>
                    <name>package</name>
                    <value>jgraph</value>
                </evidence>
            </evidenceCollected>
        </dependency>
        <dependency>
            <fileName>codecs.jar</fileName>
            <filePath>/home/bcraig/Documents/Thesis/Analysis/reports/jgraphpad/3rdParty/codecs.jar</filePath>
            <md5>50A0F8922C1713CC7028A864DE433982</md5>
            <sha1>C97BDE879D7CAF0F7D0EE4FB0DA682CDE695B700</sha1>
            <evidenceCollected>
                <evidence>
                    <source>file</source>
                    <name>name</name>
                    <value>codecs</value>
                </evidence>
                <evidence>
                    <source>jar</source>
                    <name>package</name>
                    <value>codecs</value>
                </evidence>
                <evidence>
                    <source>jar</source>
                    <name>package</name>
                    <value>jgraph</value>
                </evidence>
                <evidence>
                    <source>jar</source>
                    <name>package</name>
                    <value>plugins</value>
                </evidence>
            </evidenceCollected>
        </dependency>
        <dependency>
            <fileName>Pack200Task.jar</fileName>
            <filePath>/home/bcraig/Documents/Thesis/Analysis/reports/jgraphpad/3rdParty/Pack200Task.jar</filePath>
            <md5>22A635DA791DB26F4112CAF525BEEF2E</md5>
            <sha1>9B0232C38753FD754D02CB08443BD6E5B960FB55</sha1>
            <evidenceCollected>
                <evidence>
                    <source>file</source>
                    <name>name</name>
                    <value>Pack200Task</value>
                </evidence>
                <evidence>
                    <source>jar</source>
                    <name>package</name>
                    <value>ant</value>
                </evidence>
                <evidence>
                    <source>jar</source>
                    <name>package</name>
                    <value>apache</value>
                </evidence>
                <evidence>
                    <source>jar</source>
                    <name>package</name>
                    <value>sun</value>
                </evidence>
                <evidence>
                    <source>jar</source>
                    <name>package</name>
                    <value>tools</value>
                </evidence>
                <evidence>
                    <source>jar (hint)</source>
                    <name>package</name>
                    <value>oracle</value>
                </evidence>
            </evidenceCollected>
        </dependency>
        <dependency>
            <fileName>layouts.jar</fileName>
            <filePath>/home/bcraig/Documents/Thesis/Analysis/reports/jgraphpad/3rdParty/layouts.jar</filePath>
            <md5>2D93D31D44BB60697173422FFB5BD7F8</md5>
            <sha1>4B87290791A4837F593AAE943242612F57524E5D</sha1>
            <evidenceCollected>
                <evidence>
                    <source>file</source>
                    <name>name</name>
                    <value>layouts</value>
                </evidence>
                <evidence>
                    <source>jar</source>
                    <name>package</name>
                    <value>jgraph</value>
                </evidence>
                <evidence>
                    <source>jar</source>
                    <name>package</name>
                    <value>layouts</value>
                </evidence>
                <evidence>
                    <source>jar</source>
                    <name>package</name>
                    <value>plugins</value>
                </evidence>
            </evidenceCollected>
        </dependency>
        <dependency>
            <fileName>translations.jar</fileName>
            <filePath>/home/bcraig/Documents/Thesis/Analysis/reports/jgraphpad/3rdParty/translations.jar</filePath>
            <md5>E95D7655C99438646132F335C1003747</md5>
            <sha1>FDFFD32CD798D181D4EE863D66D42BA626A8B12B</sha1>
            <evidenceCollected>
                <evidence>
                    <source>file</source>
                    <name>name</name>
                    <value>translations</value>
                </evidence>
            </evidenceCollected>
        </dependency>
    </dependencies>
</analysis>