<?xml version="1.0"?>
<analysis xmlns="https://www.owasp.org/index.php/OWASP_Dependency_Check">
    <projectInfo>
        <name>jgroups</name>
        <reportDate>Feb 18, 2014 2:45:24 PM</reportDate>
        <credits>This report contains data retrieved from the National Vulnerability Database: http://nvd.nist.gov</credits>
    </projectInfo>
    <dependencies>
        <dependency>
            <fileName>serializer.jar</fileName>
            <filePath>/home/bcraig/Documents/Thesis/Analysis/reports/jgroups/3rdParty/serializer.jar</filePath>
            <md5>430CC359220715B7B24EA746E789F0C0</md5>
            <sha1>B5F719D8328C67ABC7514A6140150B3B140A07BE</sha1>
            <evidenceCollected>
                <evidence>
                    <source>file</source>
                    <name>name</name>
                    <value>serializer</value>
                </evidence>
                <evidence>
                    <source>jar</source>
                    <name>package</name>
                    <value>apache</value>
                </evidence>
                <evidence>
                    <source>jar</source>
                    <name>package</name>
                    <value>serializer</value>
                </evidence>
                <evidence>
                    <source>jar</source>
                    <name>package</name>
                    <value>xml</value>
                </evidence>
            </evidenceCollected>
        </dependency>
        <dependency>
            <fileName>ant-junit.jar</fileName>
            <filePath>/home/bcraig/Documents/Thesis/Analysis/reports/jgroups/3rdParty/ant-junit.jar</filePath>
            <md5>4B0A0F89C97C3E0057141D0CD0C04AA6</md5>
            <sha1>9E8E789512D471A99C7081399D15619F61FFD3B6</sha1>
            <evidenceCollected>
                <evidence>
                    <source>file</source>
                    <name>name</name>
                    <value>ant-junit</value>
                </evidence>
                <evidence>
                    <source>jar</source>
                    <name>package</name>
                    <value>ant</value>
                </evidence>
                <evidence>
                    <source>jar</source>
                    <name>package</name>
                    <value>apache</value>
                </evidence>
                <evidence>
                    <source>jar</source>
                    <name>package</name>
                    <value>taskdefs</value>
                </evidence>
                <evidence>
                    <source>jar</source>
                    <name>package</name>
                    <value>tools</value>
                </evidence>
            </evidenceCollected>
        </dependency>
        <dependency>
            <fileName>ant-launcher.jar</fileName>
            <filePath>/home/bcraig/Documents/Thesis/Analysis/reports/jgroups/3rdParty/ant-launcher.jar</filePath>
            <md5>2FAE8D3E81DCC51B8874A9916EB64CB2</md5>
            <sha1>B06FD72D7CABD5EC39CEA153A21FA5CEA5D37F71</sha1>
            <evidenceCollected>
                <evidence>
                    <source>file</source>
                    <name>name</name>
                    <value>ant-launcher</value>
                </evidence>
                <evidence>
                    <source>jar</source>
                    <name>package</name>
                    <value>ant</value>
                </evidence>
                <evidence>
                    <source>jar</source>
                    <name>package</name>
                    <value>apache</value>
                </evidence>
                <evidence>
                    <source>jar</source>
                    <name>package</name>
                    <value>launch</value>
                </evidence>
                <evidence>
                    <source>jar</source>
                    <name>package</name>
                    <value>tools</value>
                </evidence>
            </evidenceCollected>
        </dependency>
        <dependency>
            <fileName>xalan.jar</fileName>
            <filePath>/home/bcraig/Documents/Thesis/Analysis/reports/jgroups/3rdParty/xalan.jar</filePath>
            <md5>198C83E6C3158A99BBC50413B65B468A</md5>
            <sha1>21620624832079173B942EE325FF257AC0F1BFEF</sha1>
            <evidenceCollected>
                <evidence>
                    <source>file</source>
                    <name>name</name>
                    <value>xalan</value>
                </evidence>
                <evidence>
                    <source>jar</source>
                    <name>package</name>
                    <value>apache</value>
                </evidence>
            </evidenceCollected>
        </dependency>
        <dependency>
            <fileName>bsh-1.2b3.jar</fileName>
            <filePath>/home/bcraig/Documents/Thesis/Analysis/reports/jgroups/3rdParty/bsh-1.2b3.jar</filePath>
            <md5>3D6718DB030AD8F96277A0297D84B47E</md5>
            <sha1>8E98A1A51F58E6E44892B12FE538E3D3FD6572B2</sha1>
            <evidenceCollected>
                <evidence>
                    <source>file</source>
                    <name>name</name>
                    <value>bsh-1.2b3</value>
                </evidence>
                <evidence>
                    <source>jar</source>
                    <name>package</name>
                    <value>bsh</value>
                </evidence>
            </evidenceCollected>
        </dependency>
        <dependency>
            <fileName>ant.jar</fileName>
            <filePath>/home/bcraig/Documents/Thesis/Analysis/reports/jgroups/3rdParty/ant.jar</filePath>
            <md5>C5C499F1EEF9367C657E89BB881C69AA</md5>
            <sha1>7D18FAF23DF1A5C3A43613952E0E8A182664564B</sha1>
            <evidenceCollected>
                <evidence>
                    <source>file</source>
                    <name>name</name>
                    <value>ant</value>
                </evidence>
                <evidence>
                    <source>jar</source>
                    <name>package</name>
                    <value>ant</value>
                </evidence>
                <evidence>
                    <source>jar</source>
                    <name>package</name>
                    <value>apache</value>
                </evidence>
                <evidence>
                    <source>jar</source>
                    <name>package</name>
                    <value>tools</value>
                </evidence>
            </evidenceCollected>
        </dependency>
        <dependency>
            <fileName>bouncycastle.jar</fileName>
            <filePath>/home/bcraig/Documents/Thesis/Analysis/reports/jgroups/3rdParty/bouncycastle.jar</filePath>
            <md5>19C955394FDDDB4FCC6C399F5389D749</md5>
            <sha1>01661CF3BA2B74F42BC00B70A0F6F52E3374F48F</sha1>
            <evidenceCollected>
                <evidence>
                    <source>file</source>
                    <name>name</name>
                    <value>bouncycastle</value>
                </evidence>
                <evidence>
                    <source>jar</source>
                    <name>package</name>
                    <value>bouncycastle</value>
                </evidence>
            </evidenceCollected>
        </dependency>
        <dependency>
            <fileName>log4j.jar</fileName>
            <filePath>/home/bcraig/Documents/Thesis/Analysis/reports/jgroups/3rdParty/log4j.jar</filePath>
            <md5>599B8BA07D1D04F0EA34414E861D7AD1</md5>
            <sha1>03B254C872B95141751F414E353A25C2AC261B51</sha1>
            <evidenceCollected>
                <evidence>
                    <source>file</source>
                    <name>name</name>
                    <value>log4j</value>
                </evidence>
                <evidence>
                    <source>jar</source>
                    <name>package</name>
                    <value>apache</value>
                </evidence>
                <evidence>
                    <source>jar</source>
                    <name>package</name>
                    <value>log4j</value>
                </evidence>
            </evidenceCollected>
        </dependency>
        <dependency>
            <fileName>testng.jar</fileName>
            <filePath>/home/bcraig/Documents/Thesis/Analysis/reports/jgroups/3rdParty/testng.jar</filePath>
            <md5>BD326BA22194AA063BD34C1A75F7CDAA</md5>
            <sha1>D688EAD9B2C6299DBECC3ADF1B3B30B2D6F33A05</sha1>
            <evidenceCollected>
                <evidence>
                    <source>file</source>
                    <name>name</name>
                    <value>testng</value>
                </evidence>
                <evidence>
                    <source>jar</source>
                    <name>package</name>
                    <value>testng</value>
                </evidence>
            </evidenceCollected>
        </dependency>
    </dependencies>
</analysis>