<?xml version="1.0"?>
<analysis xmlns="https://www.owasp.org/index.php/OWASP_Dependency_Check">
    <projectInfo>
        <name>jmoney</name>
        <reportDate>Feb 18, 2014 2:48:31 PM</reportDate>
        <credits>This report contains data retrieved from the National Vulnerability Database: http://nvd.nist.gov</credits>
    </projectInfo>
    <dependencies>
        <dependency>
            <fileName>kunststoff-2.0.1.jar</fileName>
            <filePath>/home/bcraig/Documents/Thesis/Analysis/reports/jmoney/3rdParty/kunststoff-2.0.1.jar</filePath>
            <md5>9E9B0CECBFEC07C50BD07A1001D00F2E</md5>
            <sha1>FEAC5E6A3E999EC2BBB1694D58BA136072C39FBC</sha1>
            <evidenceCollected>
                <evidence>
                    <source>file</source>
                    <name>name</name>
                    <value>kunststoff-2.0.1</value>
                </evidence>
                <evidence>
                    <source>jar</source>
                    <name>package</name>
                    <value>incors</value>
                </evidence>
                <evidence>
                    <source>jar</source>
                    <name>package</name>
                    <value>kunststoff</value>
                </evidence>
                <evidence>
                    <source>jar</source>
                    <name>package</name>
                    <value>plaf</value>
                </evidence>
            </evidenceCollected>
        </dependency>
        <dependency>
            <fileName>commons-logging-1.0.3.jar</fileName>
            <filePath>/home/bcraig/Documents/Thesis/Analysis/reports/jmoney/3rdParty/commons-logging-1.0.3.jar</filePath>
            <md5>2C5FB11F1E2193EE7EE8A6B0B3DB2B59</md5>
            <sha1>2BD98B05832B4D1208407DF2A998D338D950744E</sha1>
            <evidenceCollected>
                <evidence>
                    <source>file</source>
                    <name>name</name>
                    <value>commons-logging-1.0.3</value>
                </evidence>
                <evidence>
                    <source>jar</source>
                    <name>package</name>
                    <value>apache</value>
                </evidence>
                <evidence>
                    <source>jar</source>
                    <name>package</name>
                    <value>commons</value>
                </evidence>
                <evidence>
                    <source>jar</source>
                    <name>package</name>
                    <value>impl</value>
                </evidence>
                <evidence>
                    <source>jar</source>
                    <name>package</name>
                    <value>logging</value>
                </evidence>
                <evidence>
                    <source>jar</source>
                    <name>package name</name>
                    <value>apache</value>
                </evidence>
                <evidence>
                    <source>jar</source>
                    <name>package name</name>
                    <value>commons</value>
                </evidence>
                <evidence>
                    <source>jar</source>
                    <name>package name</name>
                    <value>log</value>
                </evidence>
                <evidence>
                    <source>jar</source>
                    <name>package name</name>
                    <value>logging</value>
                </evidence>
                <evidence>
                    <source>Manifest</source>
                    <name>extension-name</name>
                    <value>org.apache.commons.logging</value>
                </evidence>
                <evidence>
                    <source>Manifest</source>
                    <name>Implementation-Vendor</name>
                    <value>Apache Software Foundation</value>
                </evidence>
                <evidence>
                    <source>Manifest</source>
                    <name>specification-vendor</name>
                    <value>Apache Software Foundation</value>
                </evidence>
            </evidenceCollected>
        </dependency>
        <dependency>
            <fileName>jasperreports-0.5.0.jar</fileName>
            <filePath>/home/bcraig/Documents/Thesis/Analysis/reports/jmoney/3rdParty/jasperreports-0.5.0.jar</filePath>
            <md5>2D446B5ADAD8C8987D3CF1FA6643DC1F</md5>
            <sha1>4A6C9C454DD427D8E12A03D5C37BBAC7E31D290E</sha1>
            <evidenceCollected>
                <evidence>
                    <source>file</source>
                    <name>name</name>
                    <value>jasperreports-0.5.0</value>
                </evidence>
                <evidence>
                    <source>jar</source>
                    <name>package</name>
                    <value>dori</value>
                </evidence>
                <evidence>
                    <source>jar</source>
                    <name>package</name>
                    <value>engine</value>
                </evidence>
                <evidence>
                    <source>jar</source>
                    <name>package</name>
                    <value>jasper</value>
                </evidence>
            </evidenceCollected>
        </dependency>
    </dependencies>
</analysis>