<?xml version="1.0"?>
<analysis xmlns="https://www.owasp.org/index.php/OWASP_Dependency_Check">
    <projectInfo>
        <name>joggplayer</name>
        <reportDate>Feb 18, 2014 2:49:35 PM</reportDate>
        <credits>This report contains data retrieved from the National Vulnerability Database: http://nvd.nist.gov</credits>
    </projectInfo>
    <dependencies>
        <dependency>
            <fileName>AutoUpdatingJOggPlayer.jar</fileName>
            <filePath>/home/bcraig/Documents/Thesis/Analysis/reports/joggplayer/3rdParty/AutoUpdatingJOggPlayer.jar</filePath>
            <md5>6653EF8DF9A01EA08DB128036119FFF5</md5>
            <sha1>99783A61525027CADEC893C3B392DD2E9617BA58</sha1>
            <evidenceCollected>
                <evidence>
                    <source>file</source>
                    <name>name</name>
                    <value>AutoUpdatingJOggPlayer</value>
                </evidence>
                <evidence>
                    <source>jar</source>
                    <name>package</name>
                    <value>bc</value>
                </evidence>
                <evidence>
                    <source>jar</source>
                    <name>package</name>
                    <value>ca</value>
                </evidence>
                <evidence>
                    <source>jar</source>
                    <name>package</name>
                    <value>webarts</value>
                </evidence>
            </evidenceCollected>
        </dependency>
        <dependency>
            <fileName>jOggPlayer.jar</fileName>
            <filePath>/home/bcraig/Documents/Thesis/Analysis/reports/joggplayer/3rdParty/jOggPlayer.jar</filePath>
            <md5>3AEBFDF100117E6FB61DEC1F7B32ECC0</md5>
            <sha1>05E05E6D0B98504D548AC711C208F0CE97436A14</sha1>
            <evidenceCollected>
                <evidence>
                    <source>file</source>
                    <name>name</name>
                    <value>jOggPlayer</value>
                </evidence>
                <evidence>
                    <source>jar</source>
                    <name>package</name>
                    <value>bc</value>
                </evidence>
                <evidence>
                    <source>jar</source>
                    <name>package</name>
                    <value>ca</value>
                </evidence>
                <evidence>
                    <source>jar</source>
                    <name>package</name>
                    <value>webarts</value>
                </evidence>
            </evidenceCollected>
        </dependency>
    </dependencies>
</analysis>