<?xml version="1.0"?>
<analysis xmlns="https://www.owasp.org/index.php/OWASP_Dependency_Check">
    <projectInfo>
        <name>jrat</name>
        <reportDate>Feb 18, 2014 2:52:33 PM</reportDate>
        <credits>This report contains data retrieved from the National Vulnerability Database: http://nvd.nist.gov</credits>
    </projectInfo>
    <dependencies>
        <dependency>
            <fileName>junit.jar</fileName>
            <filePath>/home/bcraig/Documents/Thesis/Analysis/reports/jrat/3rdParty/junit.jar</filePath>
            <md5>1F40FB782A4F2CF78F161D32670F7A3A</md5>
            <sha1>99129F16442844F6A4A11AE22FBBEE40B14D774F</sha1>
            <evidenceCollected>
                <evidence>
                    <source>file</source>
                    <name>name</name>
                    <value>junit</value>
                </evidence>
                <evidence>
                    <source>jar</source>
                    <name>package</name>
                    <value>junit</value>
                </evidence>
            </evidenceCollected>
        </dependency>
        <dependency>
            <fileName>bcel.jar</fileName>
            <filePath>/home/bcraig/Documents/Thesis/Analysis/reports/jrat/3rdParty/bcel.jar</filePath>
            <md5>4493E54DE2912A1A00709D9B73B7EBEE</md5>
            <sha1>72F29921813CFEAEEC01144A33B8B45EBE0BE550</sha1>
            <evidenceCollected>
                <evidence>
                    <source>file</source>
                    <name>name</name>
                    <value>bcel</value>
                </evidence>
                <evidence>
                    <source>jar</source>
                    <name>package</name>
                    <value>apache</value>
                </evidence>
                <evidence>
                    <source>jar</source>
                    <name>package</name>
                    <value>bcel</value>
                </evidence>
                <evidence>
                    <source>jar</source>
                    <name>package</name>
                    <value>generic</value>
                </evidence>
            </evidenceCollected>
        </dependency>
        <dependency>
            <fileName>shiftone-arbor.jar</fileName>
            <filePath>/home/bcraig/Documents/Thesis/Analysis/reports/jrat/3rdParty/shiftone-arbor.jar</filePath>
            <md5>3C7B8EA426278113C0F8D26386A1E873</md5>
            <sha1>FCB3677947E11450D56C2A48C0B851689E3BA2C9</sha1>
            <evidenceCollected>
                <evidence>
                    <source>file</source>
                    <name>name</name>
                    <value>shiftone-arbor</value>
                </evidence>
                <evidence>
                    <source>jar</source>
                    <name>package</name>
                    <value>arbor</value>
                </evidence>
                <evidence>
                    <source>jar</source>
                    <name>package</name>
                    <value>shiftone</value>
                </evidence>
                <evidence>
                    <source>jar</source>
                    <name>package name</name>
                    <value>arbor</value>
                </evidence>
                <evidence>
                    <source>jar</source>
                    <name>package name</name>
                    <value>shiftone</value>
                </evidence>
                <evidence>
                    <source>Manifest</source>
                    <name>built-on</name>
                    <value>November 10 2002</value>
                </evidence>
                <evidence>
                    <source>Manifest</source>
                    <name>product-name</name>
                    <value>ShiftOne Arbor 1.4</value>
                </evidence>
                <evidence>
                    <source>Manifest</source>
                    <name>project-home</name>
                    <value>http://sourceforge.net/projects/xarbor</value>
                </evidence>
            </evidenceCollected>
        </dependency>
    </dependencies>
</analysis>