<?xml version="1.0"?>
<analysis xmlns="https://www.owasp.org/index.php/OWASP_Dependency_Check">
    <projectInfo>
        <name>jsXe</name>
        <reportDate>Feb 18, 2014 2:58:42 PM</reportDate>
        <credits>This report contains data retrieved from the National Vulnerability Database: http://nvd.nist.gov</credits>
    </projectInfo>
    <dependencies>
        <dependency>
            <fileName>xml-apis.jar</fileName>
            <filePath>/home/bcraig/Documents/Thesis/Analysis/reports/jsXe/3rdParty/xml-apis.jar</filePath>
            <md5>6DEE9238DD2900171197104951940778</md5>
            <sha1>3845D5AABD62DC1954F2C0E84A799068C917AD2B</sha1>
            <evidenceCollected>
                <evidence>
                    <source>file</source>
                    <name>name</name>
                    <value>xml-apis</value>
                </evidence>
                <evidence>
                    <source>jar</source>
                    <name>package</name>
                    <value>dom</value>
                </evidence>
                <evidence>
                    <source>jar</source>
                    <name>package</name>
                    <value>xml</value>
                </evidence>
            </evidenceCollected>
        </dependency>
        <dependency>
            <fileName>resolver.jar</fileName>
            <filePath>/home/bcraig/Documents/Thesis/Analysis/reports/jsXe/3rdParty/resolver.jar</filePath>
            <md5>39546D6A7F9CF0FD971874D43214DBE4</md5>
            <sha1>A6DC742FEE6B739BAE3F58D79CDE7B5C725FD43E</sha1>
            <evidenceCollected>
                <evidence>
                    <source>file</source>
                    <name>name</name>
                    <value>resolver</value>
                </evidence>
                <evidence>
                    <source>jar</source>
                    <name>package</name>
                    <value>apache</value>
                </evidence>
                <evidence>
                    <source>jar</source>
                    <name>package</name>
                    <value>resolver</value>
                </evidence>
                <evidence>
                    <source>jar</source>
                    <name>package</name>
                    <value>xml</value>
                </evidence>
            </evidenceCollected>
        </dependency>
        <dependency>
            <fileName>xercesImpl.jar</fileName>
            <filePath>/home/bcraig/Documents/Thesis/Analysis/reports/jsXe/3rdParty/xercesImpl.jar</filePath>
            <md5>7EB2DB331A62E74744AB79AAB5B454BD</md5>
            <sha1>CFD3EBE2F8034E660344F9108C3E2DAF78C29CC3</sha1>
            <evidenceCollected>
                <evidence>
                    <source>file</source>
                    <name>name</name>
                    <value>xercesImpl</value>
                </evidence>
                <evidence>
                    <source>jar</source>
                    <name>package</name>
                    <value>apache</value>
                </evidence>
                <evidence>
                    <source>jar</source>
                    <name>package</name>
                    <value>xerces</value>
                </evidence>
            </evidenceCollected>
        </dependency>
    </dependencies>
</analysis>