<?xml version="1.0"?>
<analysis xmlns="https://www.owasp.org/index.php/OWASP_Dependency_Check">
    <projectInfo>
        <name>jung</name>
        <reportDate>Feb 18, 2014 3:00:47 PM</reportDate>
        <credits>This report contains data retrieved from the National Vulnerability Database: http://nvd.nist.gov</credits>
    </projectInfo>
    <dependencies>
        <dependency>
            <fileName>collections-generic-4.01.jar</fileName>
            <filePath>/home/bcraig/Documents/Thesis/Analysis/reports/jung/3rdParty/collections-generic-4.01.jar</filePath>
            <md5>4102D1E52EF23F97BA20821642D1DF18</md5>
            <sha1>12DDDECD8E8C24F5C9453A6D3ECB13B38E59DB52</sha1>
            <evidenceCollected>
                <evidence>
                    <source>file</source>
                    <name>name</name>
                    <value>collections-generic-4.01</value>
                </evidence>
                <evidence>
                    <source>jar</source>
                    <name>package</name>
                    <value>apache</value>
                </evidence>
                <evidence>
                    <source>jar</source>
                    <name>package</name>
                    <value>collections15</value>
                </evidence>
                <evidence>
                    <source>jar</source>
                    <name>package</name>
                    <value>commons</value>
                </evidence>
                <evidence>
                    <source>jar</source>
                    <name>package name</name>
                    <value>collection</value>
                </evidence>
                <evidence>
                    <source>jar</source>
                    <name>package name</name>
                    <value>commons</value>
                </evidence>
                <evidence>
                    <source>Manifest</source>
                    <name>extension-name</name>
                    <value>collections-generic</value>
                </evidence>
                <evidence>
                    <source>Manifest</source>
                    <name>Implementation-Vendor</name>
                    <value>LarvaLabs, Inc.</value>
                </evidence>
                <evidence>
                    <source>Manifest</source>
                    <name>Implementation-Vendor-Id</name>
                    <value></value>
                </evidence>
                <evidence>
                    <source>Manifest</source>
                    <name>specification-title</name>
                    <value>Commons Collections</value>
                </evidence>
                <evidence>
                    <source>Manifest</source>
                    <name>specification-vendor</name>
                    <value>LarvaLabs, Inc.</value>
                </evidence>
            </evidenceCollected>
        </dependency>
        <dependency>
            <fileName>j3d-core-1.3.1.jar</fileName>
            <filePath>/home/bcraig/Documents/Thesis/Analysis/reports/jung/3rdParty/j3d-core-1.3.1.jar</filePath>
            <md5>29387C5A97199779DD22F7E059CA0A31</md5>
            <sha1>EFDDA417BB92831D4E4A6C48D7BC9D231537E88D</sha1>
            <evidenceCollected>
                <evidence>
                    <source>file</source>
                    <name>name</name>
                    <value>1.3.1</value>
                </evidence>
                <evidence>
                    <source>file</source>
                    <name>name</name>
                    <value>j3d-core-1.3.1</value>
                </evidence>
                <evidence>
                    <source>file</source>
                    <name>name</name>
                    <value>j3d-core-1.3.1</value>
                </evidence>
                <evidence>
                    <source>jar</source>
                    <name>package</name>
                    <value>j3d</value>
                </evidence>
                <evidence>
                    <source>jar</source>
                    <name>package</name>
                    <value>javax</value>
                </evidence>
                <evidence>
                    <source>jar</source>
                    <name>package</name>
                    <value>media</value>
                </evidence>
                <evidence>
                    <source>jar</source>
                    <name>package name</name>
                    <value>j3d</value>
                </evidence>
                <evidence>
                    <source>jar</source>
                    <name>package name</name>
                    <value>javax</value>
                </evidence>
                <evidence>
                    <source>jar</source>
                    <name>package name</name>
                    <value>media</value>
                </evidence>
                <evidence>
                    <source>Manifest</source>
                    <name>extension-name</name>
                    <value>javax.media.j3d</value>
                </evidence>
                <evidence>
                    <source>Manifest</source>
                    <name>Implementation-Title</name>
                    <value>Java 3D Core Runtime Environment</value>
                </evidence>
                <evidence>
                    <source>Manifest</source>
                    <name>Implementation-Vendor</name>
                    <value>Sun Microsystems, Inc.</value>
                </evidence>
                <evidence>
                    <source>Manifest</source>
                    <name>Implementation-Vendor-Id</name>
                    <value>com.sun</value>
                </evidence>
                <evidence>
                    <source>Manifest</source>
                    <name>Implementation-Version</name>
                    <value>1.3.1</value>
                </evidence>
                <evidence>
                    <source>Manifest</source>
                    <name>specification-title</name>
                    <value>Java 3D API Specification</value>
                </evidence>
                <evidence>
                    <source>Manifest</source>
                    <name>specification-vendor</name>
                    <value>Sun Microsystems, Inc.</value>
                </evidence>
                <evidence>
                    <source>Manifest</source>
                    <name>specification-version</name>
                    <value>1.3</value>
                </evidence>
            </evidenceCollected>
        </dependency>
        <dependency>
            <fileName>stax-api-1.0.1.jar</fileName>
            <filePath>/home/bcraig/Documents/Thesis/Analysis/reports/jung/3rdParty/stax-api-1.0.1.jar</filePath>
            <md5>7D436A53C64490BEE564C576BABB36B4</md5>
            <sha1>49C100CAF72D658ACA8E58BD74A4BA90FA2B0D70</sha1>
            <evidenceCollected>
                <evidence>
                    <source>file</source>
                    <name>name</name>
                    <value>stax-api-1.0.1</value>
                </evidence>
                <evidence>
                    <source>jar</source>
                    <name>package</name>
                    <value>javax</value>
                </evidence>
                <evidence>
                    <source>jar</source>
                    <name>package</name>
                    <value>stream</value>
                </evidence>
                <evidence>
                    <source>jar</source>
                    <name>package</name>
                    <value>xml</value>
                </evidence>
                <evidence>
                    <source>Manifest</source>
                    <name>Implementation-Title</name>
                    <value>StAX 1.0 API</value>
                </evidence>
                <evidence>
                    <source>Manifest</source>
                    <name>Implementation-Vendor</name>
                    <value>JCP</value>
                </evidence>
                <evidence>
                    <source>Manifest</source>
                    <name>specification-title</name>
                    <value>StAX</value>
                </evidence>
                <evidence>
                    <source>Manifest</source>
                    <name>specification-vendor</name>
                    <value>JCP-173</value>
                </evidence>
            </evidenceCollected>
        </dependency>
        <dependency>
            <fileName>concurrent-1.3.4.jar</fileName>
            <filePath>/home/bcraig/Documents/Thesis/Analysis/reports/jung/3rdParty/concurrent-1.3.4.jar</filePath>
            <md5>F29B9D930D3426EBC56919EBA10FBD4D</md5>
            <sha1>1CF394C2A388199DB550CDA311174A4C6A7D117C</sha1>
            <evidenceCollected>
                <evidence>
                    <source>file</source>
                    <name>name</name>
                    <value>concurrent-1.3.4</value>
                </evidence>
                <evidence>
                    <source>jar</source>
                    <name>package</name>
                    <value>cs</value>
                </evidence>
                <evidence>
                    <source>jar</source>
                    <name>package</name>
                    <value>dl</value>
                </evidence>
                <evidence>
                    <source>jar</source>
                    <name>package</name>
                    <value>edu</value>
                </evidence>
                <evidence>
                    <source>jar</source>
                    <name>package</name>
                    <value>oswego</value>
                </evidence>
            </evidenceCollected>
        </dependency>
        <dependency>
            <fileName>colt-1.2.0.jar</fileName>
            <filePath>/home/bcraig/Documents/Thesis/Analysis/reports/jung/3rdParty/colt-1.2.0.jar</filePath>
            <md5>F6BE558E44DE25DF08B9F515B2A7FFEE</md5>
            <sha1>0ABC984F3ADC760684D49E0F11DDF167BA516D4F</sha1>
            <evidenceCollected>
                <evidence>
                    <source>file</source>
                    <name>name</name>
                    <value>colt-1.2.0</value>
                </evidence>
                <evidence>
                    <source>jar</source>
                    <name>package</name>
                    <value>cern</value>
                </evidence>
                <evidence>
                    <source>jar</source>
                    <name>package</name>
                    <value>colt</value>
                </evidence>
            </evidenceCollected>
        </dependency>
        <dependency>
            <fileName>vecmath-1.3.1.jar</fileName>
            <filePath>/home/bcraig/Documents/Thesis/Analysis/reports/jung/3rdParty/vecmath-1.3.1.jar</filePath>
            <md5>D7E1AB8FC389A50F2B4BB4A6BEBC9E1C</md5>
            <sha1>A0AE4F51DA409FA0C20FA0CA59E6BBC9413AE71D</sha1>
            <evidenceCollected>
                <evidence>
                    <source>file</source>
                    <name>name</name>
                    <value>vecmath-1.3.1</value>
                </evidence>
                <evidence>
                    <source>jar</source>
                    <name>package</name>
                    <value>javax</value>
                </evidence>
                <evidence>
                    <source>jar</source>
                    <name>package</name>
                    <value>vecmath</value>
                </evidence>
                <evidence>
                    <source>jar</source>
                    <name>package name</name>
                    <value>javax</value>
                </evidence>
                <evidence>
                    <source>jar</source>
                    <name>package name</name>
                    <value>vecmath</value>
                </evidence>
                <evidence>
                    <source>Manifest</source>
                    <name>extension-name</name>
                    <value>javax.vecmath</value>
                </evidence>
                <evidence>
                    <source>Manifest</source>
                    <name>Implementation-Title</name>
                    <value>Java 3D Vecmath Runtime Environment</value>
                </evidence>
                <evidence>
                    <source>Manifest</source>
                    <name>Implementation-Vendor</name>
                    <value>Sun Microsystems, Inc.</value>
                </evidence>
                <evidence>
                    <source>Manifest</source>
                    <name>Implementation-Vendor-Id</name>
                    <value>com.sun</value>
                </evidence>
                <evidence>
                    <source>Manifest</source>
                    <name>specification-title</name>
                    <value>Java 3D API Specification</value>
                </evidence>
                <evidence>
                    <source>Manifest</source>
                    <name>specification-vendor</name>
                    <value>Sun Microsystems, Inc.</value>
                </evidence>
            </evidenceCollected>
        </dependency>
        <dependency>
            <fileName>wstx-asl-3.2.6.jar</fileName>
            <filePath>/home/bcraig/Documents/Thesis/Analysis/reports/jung/3rdParty/wstx-asl-3.2.6.jar</filePath>
            <md5>F3794A87DFE108A4CB4E1599F4937842</md5>
            <sha1>4A9245455960A63D8A92F58810DB80AC5368F91C</sha1>
            <evidenceCollected>
                <evidence>
                    <source>file</source>
                    <name>name</name>
                    <value>wstx-asl-3.2.6</value>
                </evidence>
                <evidence>
                    <source>jar</source>
                    <name>package</name>
                    <value>ctc</value>
                </evidence>
                <evidence>
                    <source>jar</source>
                    <name>package</name>
                    <value>wstx</value>
                </evidence>
                <evidence>
                    <source>jar</source>
                    <name>package name</name>
                    <value>api</value>
                </evidence>
                <evidence>
                    <source>jar</source>
                    <name>package name</name>
                    <value>codehaus</value>
                </evidence>
                <evidence>
                    <source>jar</source>
                    <name>package name</name>
                    <value>stax</value>
                </evidence>
                <evidence>
                    <source>Manifest</source>
                    <name>Implementation-Title</name>
                    <value>WoodSToX XML-processor</value>
                </evidence>
                <evidence>
                    <source>Manifest</source>
                    <name>Implementation-Vendor</name>
                    <value>woodstox.codehaus.org</value>
                </evidence>
                <evidence>
                    <source>Manifest</source>
                    <name>specification-title</name>
                    <value>StAX 1.0 API</value>
                </evidence>
                <evidence>
                    <source>Manifest</source>
                    <name>specification-vendor</name>
                    <value>http://jcp.org/en/jsr/detail?id=173</value>
                </evidence>
            </evidenceCollected>
        </dependency>
    </dependencies>
</analysis>