<?xml version="1.0"?>
<analysis xmlns="https://www.owasp.org/index.php/OWASP_Dependency_Check">
    <projectInfo>
        <name>megamek</name>
        <reportDate>Feb 18, 2014 3:07:00 PM</reportDate>
        <credits>This report contains data retrieved from the National Vulnerability Database: http://nvd.nist.gov</credits>
    </projectInfo>
    <dependencies>
        <dependency>
            <fileName>formsrt.jar</fileName>
            <filePath>/home/bcraig/Documents/Thesis/Analysis/reports/megamek/3rdParty/formsrt.jar</filePath>
            <md5>D081C2C1A56F2A9D395DB35078B444E4</md5>
            <sha1>F98E65E891E91643DE4AE088FADF7E8867E3DFFA</sha1>
            <evidenceCollected>
                <evidence>
                    <source>file</source>
                    <name>name</name>
                    <value>formsrt</value>
                </evidence>
                <evidence>
                    <source>jar</source>
                    <name>package</name>
                    <value>forms</value>
                </evidence>
                <evidence>
                    <source>jar</source>
                    <name>package</name>
                    <value>jeta</value>
                </evidence>
            </evidenceCollected>
        </dependency>
        <dependency>
            <fileName>jarbundler-2.1.0.jar</fileName>
            <filePath>/home/bcraig/Documents/Thesis/Analysis/reports/megamek/3rdParty/jarbundler-2.1.0.jar</filePath>
            <md5>06CF4FD57716D70C697F3C39CA5CA82D</md5>
            <sha1>84F1FBCF60AEB90560BA3D554B72217C0836935E</sha1>
            <description>ANT task for creating Mac OS X application bundles</description>
            <evidenceCollected>
                <evidence>
                    <source>file</source>
                    <name>name</name>
                    <value>2.1.0</value>
                </evidence>
                <evidence>
                    <source>file</source>
                    <name>name</name>
                    <value>jarbundler-2.1.0</value>
                </evidence>
                <evidence>
                    <source>file</source>
                    <name>name</name>
                    <value>jarbundler-2.1.0</value>
                </evidence>
                <evidence>
                    <source>hint analyzer</source>
                    <name>product</name>
                    <value>springsource_spring_framework</value>
                </evidence>
                <evidence>
                    <source>hint analyzer</source>
                    <name>vendor</name>
                    <value>SpringSource</value>
                </evidence>
                <evidence>
                    <source>hint analyzer</source>
                    <name>vendor</name>
                    <value>vmware</value>
                </evidence>
                <evidence>
                    <source>jar</source>
                    <name>package</name>
                    <value>jarbundler</value>
                </evidence>
                <evidence>
                    <source>jar</source>
                    <name>package</name>
                    <value>net</value>
                </evidence>
                <evidence>
                    <source>jar</source>
                    <name>package</name>
                    <value>sourceforge</value>
                </evidence>
                <evidence>
                    <source>manifest</source>
                    <name>description</name>
                    <value>ANT task for creating Mac OS X application bundles</value>
                </evidence>
            </evidenceCollected>
            <identifiers>
                <identifier type="cpe">
                    <name>(cpe:/a:springsource:spring_framework:2.1.0)</name>
                </identifier>
                <identifier type="cpe">
                    <name>(cpe:/a:vmware:springsource_spring_framework:2.1.0)</name>
                </identifier>
            </identifiers>
            <vulnerabilities>
                <vulnerability>
                    <name>CVE-2013-7315</name>
                    <cvssScore>6.8</cvssScore>
                    <severity>Medium</severity>
                    <cwe>CWE-264 Permissions, Privileges, and Access Controls</cwe>
                    <description>The Spring MVC in Spring Framework before 3.2.4 and 4.0.0.M1 through 4.0.0.M2 does not disable external entity resolution for the StAX XMLInputFactory, which allows context-dependent attackers to read arbitrary files, cause a denial of service, and conduct CSRF attacks via crafted XML with JAXB, aka an XML External Entity (XXE) issue, and a different vulnerability than CVE-2013-4152.  NOTE: this issue was SPLIT from CVE-2013-4152 due to different affected versions.</description>
                    <references>
                        <reference>
                            <source>BUGTRAQ</source>
                            <url>http://seclists.org/bugtraq/2013/Aug/154</url>
                            <name>20130822 CVE-2013-4152 XML External Entity (XXE) injection in Spring Framework</name>
                        </reference>
                        <reference>
                            <source>CONFIRM</source>
                            <url>http://www.gopivotal.com/security/cve-2013-4152</url>
                            <name>http://www.gopivotal.com/security/cve-2013-4152</name>
                        </reference>
                        <reference>
                            <source>CONFIRM</source>
                            <url>https://jira.springsource.org/browse/SPR-10806</url>
                            <name>https://jira.springsource.org/browse/SPR-10806</name>
                        </reference>
                        <reference>
                            <source>DEBIAN</source>
                            <url>http://www.debian.org/security/2014/dsa-2842</url>
                            <name>DSA-2842</name>
                        </reference>
                        <reference>
                            <source>FULLDISC</source>
                            <url>http://seclists.org/fulldisclosure/2013/Nov/14</url>
                            <name>20131102 XXE Injection in Spring Framework</name>
                        </reference>
                    </references>
                    <vulnerableSoftware>
                        <software>cpe:/a:springsource:spring_framework:3.0.0</software>
                        <software>cpe:/a:springsource:spring_framework:3.0.0:m1</software>
                        <software>cpe:/a:springsource:spring_framework:3.0.0:m2</software>
                        <software>cpe:/a:springsource:spring_framework:3.0.0:m3</software>
                        <software>cpe:/a:springsource:spring_framework:3.0.0:m4</software>
                        <software>cpe:/a:springsource:spring_framework:3.0.0:rc1</software>
                        <software>cpe:/a:springsource:spring_framework:3.0.0:rc2</software>
                        <software>cpe:/a:springsource:spring_framework:3.0.0:rc3</software>
                        <software>cpe:/a:springsource:spring_framework:3.0.0.m1</software>
                        <software>cpe:/a:springsource:spring_framework:3.0.0.m2</software>
                        <software>cpe:/a:springsource:spring_framework:3.0.1</software>
                        <software>cpe:/a:springsource:spring_framework:3.0.2</software>
                        <software>cpe:/a:springsource:spring_framework:3.0.3</software>
                        <software>cpe:/a:springsource:spring_framework:3.0.4</software>
                        <software>cpe:/a:springsource:spring_framework:3.0.5</software>
                        <software>cpe:/a:springsource:spring_framework:3.0.6</software>
                        <software>cpe:/a:springsource:spring_framework:3.0.7</software>
                        <software>cpe:/a:springsource:spring_framework:3.1.0</software>
                        <software>cpe:/a:springsource:spring_framework:3.1.1</software>
                        <software>cpe:/a:springsource:spring_framework:3.1.2</software>
                        <software>cpe:/a:springsource:spring_framework:3.1.3</software>
                        <software>cpe:/a:springsource:spring_framework:3.1.4</software>
                        <software>cpe:/a:springsource:spring_framework:3.2.0</software>
                        <software>cpe:/a:springsource:spring_framework:3.2.1</software>
                        <software>cpe:/a:springsource:spring_framework:3.2.2</software>
                        <software allPreviousVersion="true">cpe:/a:springsource:spring_framework:3.2.3</software>
                        <software>cpe:/a:springsource:spring_framework:4.0.0:m1</software>
                        <software>cpe:/a:springsource:spring_framework:4.0.0:m2</software>
                    </vulnerableSoftware>
                </vulnerability>
                <vulnerability>
                    <name>CVE-2013-6429</name>
                    <cvssScore>6.8</cvssScore>
                    <severity>Medium</severity>
                    <cwe>CWE-352</cwe>
                    <description>The SourceHttpMessageConverter in Spring MVC in Spring Framework before 3.2.5 and 4.0.0.M1 through 4.0.0.RC1 does not disable external entity resolution, which allows remote attackers to read arbitrary files, cause a denial of service, and conduct CSRF attacks via crafted XML, aka an XML External Entity (XXE) issue, and a different vulnerability than CVE-2013-4152 and CVE-2013-7315.</description>
                    <references>
                        <reference>
                            <source>BUGTRAQ</source>
                            <url>http://www.securityfocus.com/archive/1/archive/1/530770/100/0/threaded</url>
                            <name>20140114 CVE-2013-6429 Fix for XML External Entity (XXE) injection (CVE-2013-4152) in Spring Framework was incomplete</name>
                        </reference>
                        <reference>
                            <source>CONFIRM</source>
                            <url>http://www.gopivotal.com/security/cve-2013-6429</url>
                            <name>http://www.gopivotal.com/security/cve-2013-6429</name>
                        </reference>
                        <reference>
                            <source>CONFIRM</source>
                            <url>https://jira.springsource.org/browse/SPR-11078?page=com.atlassian.jira.plugin.system.issuetabpanels:worklog-tabpanel</url>
                            <name>https://jira.springsource.org/browse/SPR-11078?page=com.atlassian.jira.plugin.system.issuetabpanels:worklog-tabpanel</name>
                        </reference>
                    </references>
                    <vulnerableSoftware>
                        <software>cpe:/a:springsource:spring_framework:1.1.0</software>
                        <software>cpe:/a:springsource:spring_framework:2.0</software>
                        <software>cpe:/a:springsource:spring_framework:2.0:m1</software>
                        <software>cpe:/a:springsource:spring_framework:2.0:m2</software>
                        <software>cpe:/a:springsource:spring_framework:2.0:m3</software>
                        <software>cpe:/a:springsource:spring_framework:2.0:m4</software>
                        <software>cpe:/a:springsource:spring_framework:2.0:m5</software>
                        <software>cpe:/a:springsource:spring_framework:2.0:rc1</software>
                        <software>cpe:/a:springsource:spring_framework:2.0:rc2</software>
                        <software>cpe:/a:springsource:spring_framework:2.0:rc3</software>
                        <software>cpe:/a:springsource:spring_framework:2.0:rc4</software>
                        <software>cpe:/a:springsource:spring_framework:2.0.1</software>
                        <software>cpe:/a:springsource:spring_framework:2.0.2</software>
                        <software>cpe:/a:springsource:spring_framework:2.0.3</software>
                        <software>cpe:/a:springsource:spring_framework:2.0.4</software>
                        <software>cpe:/a:springsource:spring_framework:2.0.5</software>
                        <software>cpe:/a:springsource:spring_framework:2.1:m1</software>
                        <software>cpe:/a:springsource:spring_framework:2.1:m2</software>
                        <software>cpe:/a:springsource:spring_framework:2.1:m3</software>
                        <software>cpe:/a:springsource:spring_framework:2.1:m4</software>
                        <software>cpe:/a:springsource:spring_framework:2.5.0</software>
                        <software>cpe:/a:springsource:spring_framework:2.5.0:rc1</software>
                        <software>cpe:/a:springsource:spring_framework:2.5.0:rc2</software>
                        <software>cpe:/a:springsource:spring_framework:2.5.1</software>
                        <software>cpe:/a:springsource:spring_framework:2.5.2</software>
                        <software>cpe:/a:springsource:spring_framework:2.5.3</software>
                        <software>cpe:/a:springsource:spring_framework:2.5.4</software>
                        <software>cpe:/a:springsource:spring_framework:2.5.5</software>
                        <software>cpe:/a:springsource:spring_framework:2.5.6</software>
                        <software>cpe:/a:springsource:spring_framework:2.5.7</software>
                        <software>cpe:/a:springsource:spring_framework:2.5.7_sr01</software>
                        <software>cpe:/a:springsource:spring_framework:3.0.0</software>
                        <software>cpe:/a:springsource:spring_framework:3.0.0:m1</software>
                        <software>cpe:/a:springsource:spring_framework:3.0.0:m2</software>
                        <software>cpe:/a:springsource:spring_framework:3.0.0:m3</software>
                        <software>cpe:/a:springsource:spring_framework:3.0.0:m4</software>
                        <software>cpe:/a:springsource:spring_framework:3.0.0:rc1</software>
                        <software>cpe:/a:springsource:spring_framework:3.0.0:rc2</software>
                        <software>cpe:/a:springsource:spring_framework:3.0.0:rc3</software>
                        <software>cpe:/a:springsource:spring_framework:3.0.0.m1</software>
                        <software>cpe:/a:springsource:spring_framework:3.0.0.m2</software>
                        <software>cpe:/a:springsource:spring_framework:3.0.1</software>
                        <software>cpe:/a:springsource:spring_framework:3.0.2</software>
                        <software>cpe:/a:springsource:spring_framework:3.0.3</software>
                        <software>cpe:/a:springsource:spring_framework:3.0.4</software>
                        <software>cpe:/a:springsource:spring_framework:3.0.5</software>
                        <software>cpe:/a:springsource:spring_framework:3.0.6</software>
                        <software>cpe:/a:springsource:spring_framework:3.0.7</software>
                        <software>cpe:/a:springsource:spring_framework:3.1.0</software>
                        <software>cpe:/a:springsource:spring_framework:3.1.1</software>
                        <software>cpe:/a:springsource:spring_framework:3.1.2</software>
                        <software>cpe:/a:springsource:spring_framework:3.1.3</software>
                        <software>cpe:/a:springsource:spring_framework:3.1.4</software>
                        <software>cpe:/a:springsource:spring_framework:3.2.0</software>
                        <software>cpe:/a:springsource:spring_framework:3.2.1</software>
                        <software>cpe:/a:springsource:spring_framework:3.2.2</software>
                        <software>cpe:/a:springsource:spring_framework:3.2.3</software>
                        <software allPreviousVersion="true">cpe:/a:springsource:spring_framework:3.2.4</software>
                        <software>cpe:/a:springsource:spring_framework:4.0.0:m1</software>
                        <software>cpe:/a:springsource:spring_framework:4.0.0:m2</software>
                        <software>cpe:/a:springsource:spring_framework:4.0.0:rc1</software>
                    </vulnerableSoftware>
                </vulnerability>
                <vulnerability>
                    <name>CVE-2013-4152</name>
                    <cvssScore>6.8</cvssScore>
                    <severity>Medium</severity>
                    <cwe>CWE-264 Permissions, Privileges, and Access Controls</cwe>
                    <description>The Spring OXM wrapper in Spring Framework before 3.2.4 and 4.0.0.M1, when using the JAXB marshaller, does not disable entity resolution, which allows context-dependent attackers to read arbitrary files, cause a denial of service, and conduct CSRF attacks via an XML external entity declaration in conjunction with an entity reference in a (1) DOMSource, (2) StAXSource, (3) SAXSource, or (4) StreamSource, aka an XML External Entity (XXE) issue.</description>
                    <references>
                        <reference>
                            <source>BUGTRAQ</source>
                            <url>http://seclists.org/bugtraq/2013/Aug/154</url>
                            <name>20130822 CVE-2013-4152 XML External Entity (XXE) injection in Spring Framework</name>
                        </reference>
                        <reference>
                            <source>CONFIRM</source>
                            <url>http://www.gopivotal.com/security/cve-2013-4152</url>
                            <name>http://www.gopivotal.com/security/cve-2013-4152</name>
                        </reference>
                        <reference>
                            <source>CONFIRM</source>
                            <url>https://github.com/spring-projects/spring-framework/pull/317/files</url>
                            <name>https://github.com/spring-projects/spring-framework/pull/317/files</name>
                        </reference>
                        <reference>
                            <source>CONFIRM</source>
                            <url>https://jira.springsource.org/browse/SPR-10806</url>
                            <name>https://jira.springsource.org/browse/SPR-10806</name>
                        </reference>
                        <reference>
                            <source>DEBIAN</source>
                            <url>http://www.debian.org/security/2014/dsa-2842</url>
                            <name>DSA-2842</name>
                        </reference>
                        <reference>
                            <source>FULLDISC</source>
                            <url>http://seclists.org/fulldisclosure/2013/Nov/14</url>
                            <name>20131102 XXE Injection in Spring Framework</name>
                        </reference>
                        <reference>
                            <source>SECUNIA</source>
                            <url>http://secunia.com/advisories/56247</url>
                            <name>56247</name>
                        </reference>
                    </references>
                    <vulnerableSoftware>
                        <software>cpe:/a:springsource:spring_framework:3.0.0</software>
                        <software>cpe:/a:springsource:spring_framework:3.0.0:m1</software>
                        <software>cpe:/a:springsource:spring_framework:3.0.0:m2</software>
                        <software>cpe:/a:springsource:spring_framework:3.0.0:m3</software>
                        <software>cpe:/a:springsource:spring_framework:3.0.0:m4</software>
                        <software>cpe:/a:springsource:spring_framework:3.0.0:rc1</software>
                        <software>cpe:/a:springsource:spring_framework:3.0.0:rc2</software>
                        <software>cpe:/a:springsource:spring_framework:3.0.0:rc3</software>
                        <software>cpe:/a:springsource:spring_framework:3.0.0.m1</software>
                        <software>cpe:/a:springsource:spring_framework:3.0.0.m2</software>
                        <software>cpe:/a:springsource:spring_framework:3.0.1</software>
                        <software>cpe:/a:springsource:spring_framework:3.0.2</software>
                        <software>cpe:/a:springsource:spring_framework:3.0.3</software>
                        <software>cpe:/a:springsource:spring_framework:3.0.4</software>
                        <software>cpe:/a:springsource:spring_framework:3.0.5</software>
                        <software>cpe:/a:springsource:spring_framework:3.0.6</software>
                        <software>cpe:/a:springsource:spring_framework:3.0.7</software>
                        <software>cpe:/a:springsource:spring_framework:3.1.0</software>
                        <software>cpe:/a:springsource:spring_framework:3.1.1</software>
                        <software>cpe:/a:springsource:spring_framework:3.1.2</software>
                        <software>cpe:/a:springsource:spring_framework:3.1.3</software>
                        <software>cpe:/a:springsource:spring_framework:3.1.4</software>
                        <software>cpe:/a:springsource:spring_framework:3.2.0</software>
                        <software>cpe:/a:springsource:spring_framework:3.2.1</software>
                        <software>cpe:/a:springsource:spring_framework:3.2.2</software>
                        <software allPreviousVersion="true">cpe:/a:springsource:spring_framework:3.2.3</software>
                        <software>cpe:/a:springsource:spring_framework:4.0.0:m1</software>
                    </vulnerableSoftware>
                </vulnerability>
                <vulnerability>
                    <name>CVE-2011-2730</name>
                    <cvssScore>7.5</cvssScore>
                    <severity>High</severity>
                    <cwe>CWE-16 Configuration</cwe>
                    <description>VMware SpringSource Spring Framework before 2.5.6.SEC03, 2.5.7.SR023, and 3.x before 3.0.6, when a container supports Expression Language (EL), evaluates EL expressions in tags twice, which allows remote attackers to obtain sensitive information via a (1) name attribute in a (a) spring:hasBindErrors tag; (2) path attribute in a (b) spring:bind or (c) spring:nestedpath tag; (3) arguments, (4) code, (5) text, (6) var, (7) scope, or (8) message attribute in a (d) spring:message or (e) spring:theme tag; or (9) var, (10) scope, or (11) value attribute in a (f) spring:transform tag, aka &quot;Expression Language Injection.&quot;</description>
                    <references>
                        <reference>
                            <source>CONFIRM</source>
                            <url>http://support.springsource.com/security/cve-2011-2730</url>
                            <name>http://support.springsource.com/security/cve-2011-2730</name>
                        </reference>
                        <reference>
                            <source>DEBIAN</source>
                            <url>http://www.debian.org/security/2012/dsa-2504</url>
                            <name>DSA-2504</name>
                        </reference>
                        <reference>
                            <source>MISC</source>
                            <url>http://bugs.debian.org/cgi-bin/bugreport.cgi?bug=677814</url>
                            <name>http://bugs.debian.org/cgi-bin/bugreport.cgi?bug=677814</name>
                        </reference>
                        <reference>
                            <source>MISC</source>
                            <url>https://docs.google.com/document/d/1dc1xxO8UMFaGLOwgkykYdghGWm_2Gn0iCrxFsympqcE/edit</url>
                            <name>https://docs.google.com/document/d/1dc1xxO8UMFaGLOwgkykYdghGWm_2Gn0iCrxFsympqcE/edit</name>
                        </reference>
                        <reference>
                            <source>REDHAT</source>
                            <url>http://rhn.redhat.com/errata/RHSA-2013-0191.html</url>
                            <name>RHSA-2013:0191</name>
                        </reference>
                        <reference>
                            <source>REDHAT</source>
                            <url>http://rhn.redhat.com/errata/RHSA-2013-0192.html</url>
                            <name>RHSA-2013:0192</name>
                        </reference>
                        <reference>
                            <source>REDHAT</source>
                            <url>http://rhn.redhat.com/errata/RHSA-2013-0193.html</url>
                            <name>RHSA-2013:0193</name>
                        </reference>
                        <reference>
                            <source>REDHAT</source>
                            <url>http://rhn.redhat.com/errata/RHSA-2013-0194.html</url>
                            <name>RHSA-2013:0194</name>
                        </reference>
                        <reference>
                            <source>REDHAT</source>
                            <url>http://rhn.redhat.com/errata/RHSA-2013-0195.html</url>
                            <name>RHSA-2013:0195</name>
                        </reference>
                        <reference>
                            <source>REDHAT</source>
                            <url>http://rhn.redhat.com/errata/RHSA-2013-0196.html</url>
                            <name>RHSA-2013:0196</name>
                        </reference>
                        <reference>
                            <source>REDHAT</source>
                            <url>http://rhn.redhat.com/errata/RHSA-2013-0197.html</url>
                            <name>RHSA-2013:0197</name>
                        </reference>
                        <reference>
                            <source>REDHAT</source>
                            <url>http://rhn.redhat.com/errata/RHSA-2013-0198.html</url>
                            <name>RHSA-2013:0198</name>
                        </reference>
                        <reference>
                            <source>REDHAT</source>
                            <url>http://rhn.redhat.com/errata/RHSA-2013-0221.html</url>
                            <name>RHSA-2013:0221</name>
                        </reference>
                        <reference>
                            <source>SECTRACK</source>
                            <url>http://www.securitytracker.com/id/1029151</url>
                            <name>1029151</name>
                        </reference>
                        <reference>
                            <source>SECUNIA</source>
                            <url>http://secunia.com/advisories/51984</url>
                            <name>51984</name>
                        </reference>
                        <reference>
                            <source>SECUNIA</source>
                            <url>http://secunia.com/advisories/52054</url>
                            <name>52054</name>
                        </reference>
                        <reference>
                            <source>SECUNIA</source>
                            <url>http://secunia.com/advisories/55155</url>
                            <name>55155</name>
                        </reference>
                    </references>
                    <vulnerableSoftware>
                        <software>cpe:/a:springsource:spring_framework:2.5.0</software>
                        <software>cpe:/a:springsource:spring_framework:2.5.0:rc1</software>
                        <software>cpe:/a:springsource:spring_framework:2.5.0:rc2</software>
                        <software>cpe:/a:springsource:spring_framework:2.5.1</software>
                        <software>cpe:/a:springsource:spring_framework:2.5.2</software>
                        <software>cpe:/a:springsource:spring_framework:2.5.3</software>
                        <software>cpe:/a:springsource:spring_framework:2.5.4</software>
                        <software>cpe:/a:springsource:spring_framework:2.5.5</software>
                        <software>cpe:/a:springsource:spring_framework:2.5.6</software>
                        <software>cpe:/a:springsource:spring_framework:2.5.7</software>
                        <software allPreviousVersion="true">cpe:/a:springsource:spring_framework:2.5.7_sr01</software>
                        <software>cpe:/a:springsource:spring_framework:3.0.0</software>
                        <software>cpe:/a:springsource:spring_framework:3.0.1</software>
                        <software>cpe:/a:springsource:spring_framework:3.0.2</software>
                        <software>cpe:/a:springsource:spring_framework:3.0.3</software>
                        <software>cpe:/a:springsource:spring_framework:3.0.4</software>
                        <software allPreviousVersion="true">cpe:/a:springsource:spring_framework:3.0.5</software>
                    </vulnerableSoftware>
                </vulnerability>
            </vulnerabilities>
        </dependency>
        <dependency>
            <fileName>Ostermiller.jar</fileName>
            <filePath>/home/bcraig/Documents/Thesis/Analysis/reports/megamek/3rdParty/Ostermiller.jar</filePath>
            <md5>F13FAF6D4FFD29AC76244947BDB98A43</md5>
            <sha1>F0F9A253FB7AFEA63D52B3031217EA5E662B11D1</sha1>
            <evidenceCollected>
                <evidence>
                    <source>file</source>
                    <name>name</name>
                    <value>Ostermiller</value>
                </evidence>
                <evidence>
                    <source>jar</source>
                    <name>package</name>
                    <value>ostermiller</value>
                </evidence>
                <evidence>
                    <source>jar</source>
                    <name>package</name>
                    <value>util</value>
                </evidence>
            </evidenceCollected>
        </dependency>
        <dependency>
            <fileName>forms.jar</fileName>
            <filePath>/home/bcraig/Documents/Thesis/Analysis/reports/megamek/3rdParty/forms.jar</filePath>
            <md5>415583D579E7530BC1ADCFDFA558EB50</md5>
            <sha1>D5AE5D18B9462993911024437191BAB558D3C001</sha1>
            <evidenceCollected>
                <evidence>
                    <source>file</source>
                    <name>name</name>
                    <value>forms</value>
                </evidence>
                <evidence>
                    <source>jar</source>
                    <name>package</name>
                    <value>forms</value>
                </evidence>
                <evidence>
                    <source>jar</source>
                    <name>package</name>
                    <value>jgoodies</value>
                </evidence>
                <evidence>
                    <source>jar</source>
                    <name>package name</name>
                    <value>forms</value>
                </evidence>
                <evidence>
                    <source>jar</source>
                    <name>package name</name>
                    <value>jgoodies</value>
                </evidence>
                <evidence>
                    <source>Manifest</source>
                    <name>Implementation-Title</name>
                    <value>JGoodies Forms</value>
                </evidence>
                <evidence>
                    <source>Manifest</source>
                    <name>Implementation-Vendor</name>
                    <value>JGoodies Karsten Lentzsch</value>
                </evidence>
                <evidence>
                    <source>Manifest</source>
                    <name>specification-title</name>
                    <value>JGoodies Forms API Specification</value>
                </evidence>
                <evidence>
                    <source>Manifest</source>
                    <name>specification-vendor</name>
                    <value>JGoodies Karsten Lentzsch</value>
                </evidence>
            </evidenceCollected>
        </dependency>
        <dependency>
            <fileName>j3dutils.jar</fileName>
            <filePath>/home/bcraig/Documents/Thesis/Analysis/reports/megamek/3rdParty/j3dutils.jar</filePath>
            <md5>650DFFBFAA76FB69C45318245A8B3CC6</md5>
            <sha1>39446A9EF38D164A90EA407C021837E7A2495302</sha1>
            <evidenceCollected>
                <evidence>
                    <source>file</source>
                    <name>name</name>
                    <value>3</value>
                </evidence>
                <evidence>
                    <source>file</source>
                    <name>name</name>
                    <value>j3dutils</value>
                </evidence>
                <evidence>
                    <source>file</source>
                    <name>name</name>
                    <value>j3dutils</value>
                </evidence>
                <evidence>
                    <source>jar</source>
                    <name>package</name>
                    <value>j3d</value>
                </evidence>
                <evidence>
                    <source>jar</source>
                    <name>package</name>
                    <value>sun</value>
                </evidence>
                <evidence>
                    <source>jar</source>
                    <name>package</name>
                    <value>utils</value>
                </evidence>
                <evidence>
                    <source>jar</source>
                    <name>package name</name>
                    <value>j3d</value>
                </evidence>
                <evidence>
                    <source>jar</source>
                    <name>package name</name>
                    <value>sun</value>
                </evidence>
                <evidence>
                    <source>jar (hint)</source>
                    <name>package</name>
                    <value>oracle</value>
                </evidence>
                <evidence>
                    <source>jar (hint)</source>
                    <name>package name</name>
                    <value>oracle</value>
                </evidence>
                <evidence>
                    <source>Manifest</source>
                    <name>extension-name</name>
                    <value>javax.media.j3d</value>
                </evidence>
                <evidence>
                    <source>Manifest</source>
                    <name>Implementation-Title</name>
                    <value>Java 3D Utilities Runtime Environment</value>
                </evidence>
                <evidence>
                    <source>Manifest</source>
                    <name>Implementation-Vendor</name>
                    <value>Sun Microsystems, Inc.</value>
                </evidence>
                <evidence>
                    <source>Manifest</source>
                    <name>Implementation-Vendor-Id</name>
                    <value>com.sun</value>
                </evidence>
                <evidence>
                    <source>Manifest</source>
                    <name>Implementation-Version</name>
                    <value>1.5.1</value>
                </evidence>
                <evidence>
                    <source>Manifest</source>
                    <name>specification-title</name>
                    <value></value>
                </evidence>
                <evidence>
                    <source>Manifest</source>
                    <name>specification-vendor</name>
                    <value>Sun Microsystems, Inc.</value>
                </evidence>
                <evidence>
                    <source>Manifest</source>
                    <name>specification-version</name>
                    <value>1.5</value>
                </evidence>
            </evidenceCollected>
        </dependency>
        <dependency>
            <fileName>PngEncoder.jar</fileName>
            <filePath>/home/bcraig/Documents/Thesis/Analysis/reports/megamek/3rdParty/PngEncoder.jar</filePath>
            <md5>05F1CF11768E7DB541524E1046404E87</md5>
            <sha1>41F7E724CA3EF1E03915F4BB4A68A20B7ADB9DD6</sha1>
            <evidenceCollected>
                <evidence>
                    <source>file</source>
                    <name>name</name>
                    <value>PngEncoder</value>
                </evidence>
                <evidence>
                    <source>jar</source>
                    <name>package</name>
                    <value>keypoint</value>
                </evidence>
            </evidenceCollected>
        </dependency>
        <dependency>
            <fileName>TinyXML.jar</fileName>
            <filePath>/home/bcraig/Documents/Thesis/Analysis/reports/megamek/3rdParty/TinyXML.jar</filePath>
            <md5>224F8D4F04CBC3ABCA6374D899446777</md5>
            <sha1>3E1A95A6763C4DEE7EC6AB122A080514EE0BCC07</sha1>
            <evidenceCollected>
                <evidence>
                    <source>file</source>
                    <name>name</name>
                    <value>TinyXML</value>
                </evidence>
                <evidence>
                    <source>jar</source>
                    <name>package</name>
                    <value>gd</value>
                </evidence>
                <evidence>
                    <source>jar</source>
                    <name>package</name>
                    <value>xml</value>
                </evidence>
            </evidenceCollected>
        </dependency>
        <dependency>
            <fileName>vecmath.jar</fileName>
            <filePath>/home/bcraig/Documents/Thesis/Analysis/reports/megamek/3rdParty/vecmath.jar</filePath>
            <md5>DAEE9DC1711D2472076660C86F749F47</md5>
            <sha1>EEF9274DE6B2D1544BF73B85DFF9DBEDFAEB0ADF</sha1>
            <evidenceCollected>
                <evidence>
                    <source>file</source>
                    <name>name</name>
                    <value>vecmath</value>
                </evidence>
                <evidence>
                    <source>jar</source>
                    <name>package</name>
                    <value>javax</value>
                </evidence>
                <evidence>
                    <source>jar</source>
                    <name>package</name>
                    <value>vecmath</value>
                </evidence>
                <evidence>
                    <source>jar</source>
                    <name>package name</name>
                    <value>javax</value>
                </evidence>
                <evidence>
                    <source>jar</source>
                    <name>package name</name>
                    <value>vecmath</value>
                </evidence>
                <evidence>
                    <source>Manifest</source>
                    <name>Bundle-Name</name>
                    <value>Vecmath Library</value>
                </evidence>
                <evidence>
                    <source>Manifest</source>
                    <name>bundle-symbolicname</name>
                    <value>javax.vecmath; singleton:=true</value>
                </evidence>
                <evidence>
                    <source>Manifest</source>
                    <name>Bundle-Vendor</name>
                    <value>Sun Microsystems</value>
                </evidence>
                <evidence>
                    <source>Manifest</source>
                    <name>Bundle-Version</name>
                    <value>1.5.1</value>
                </evidence>
                <evidence>
                    <source>Manifest</source>
                    <name>extension-name</name>
                    <value>javax.vecmath</value>
                </evidence>
                <evidence>
                    <source>Manifest</source>
                    <name>Implementation-Title</name>
                    <value>Java 3D Vecmath Runtime Environment</value>
                </evidence>
                <evidence>
                    <source>Manifest</source>
                    <name>Implementation-Vendor</name>
                    <value>Sun Microsystems, Inc.</value>
                </evidence>
                <evidence>
                    <source>Manifest</source>
                    <name>Implementation-Vendor-Id</name>
                    <value>com.sun</value>
                </evidence>
                <evidence>
                    <source>Manifest</source>
                    <name>Implementation-Version</name>
                    <value>1.5.1</value>
                </evidence>
                <evidence>
                    <source>Manifest</source>
                    <name>specification-title</name>
                    <value>Java 3D API Specification</value>
                </evidence>
                <evidence>
                    <source>Manifest</source>
                    <name>specification-vendor</name>
                    <value>Sun Microsystems, Inc.</value>
                </evidence>
                <evidence>
                    <source>Manifest</source>
                    <name>specification-version</name>
                    <value>1.5</value>
                </evidence>
            </evidenceCollected>
        </dependency>
        <dependency>
            <fileName>commons-beanutils.jar</fileName>
            <filePath>/home/bcraig/Documents/Thesis/Analysis/reports/megamek/3rdParty/commons-beanutils.jar</filePath>
            <md5>0F18ACF5FA857F9959675E14D901A7CE</md5>
            <sha1>5675FD96B29656504B86029551973D60FB41339B</sha1>
            <evidenceCollected>
                <evidence>
                    <source>file</source>
                    <name>name</name>
                    <value>commons-beanutils</value>
                </evidence>
                <evidence>
                    <source>jar</source>
                    <name>package</name>
                    <value>apache</value>
                </evidence>
                <evidence>
                    <source>jar</source>
                    <name>package</name>
                    <value>beanutils</value>
                </evidence>
                <evidence>
                    <source>jar</source>
                    <name>package</name>
                    <value>commons</value>
                </evidence>
                <evidence>
                    <source>jar</source>
                    <name>package name</name>
                    <value>apache</value>
                </evidence>
                <evidence>
                    <source>jar</source>
                    <name>package name</name>
                    <value>beanutils</value>
                </evidence>
                <evidence>
                    <source>jar</source>
                    <name>package name</name>
                    <value>commons</value>
                </evidence>
                <evidence>
                    <source>Manifest</source>
                    <name>extension-name</name>
                    <value>org.apache.commons.beanutils</value>
                </evidence>
                <evidence>
                    <source>Manifest</source>
                    <name>Implementation-Title</name>
                    <value>org.apache.commons.beanutils</value>
                </evidence>
                <evidence>
                    <source>Manifest</source>
                    <name>Implementation-Vendor</name>
                    <value>Apache Software Foundation</value>
                </evidence>
                <evidence>
                    <source>Manifest</source>
                    <name>specification-title</name>
                    <value>Jakarta Commons Beanutils</value>
                </evidence>
                <evidence>
                    <source>Manifest</source>
                    <name>specification-vendor</name>
                    <value>Apache Software Foundation</value>
                </evidence>
            </evidenceCollected>
        </dependency>
        <dependency>
            <fileName>launch4j.jar</fileName>
            <filePath>/home/bcraig/Documents/Thesis/Analysis/reports/megamek/3rdParty/launch4j.jar</filePath>
            <md5>9D92585F861CA482AEC1B17CBAF5A29B</md5>
            <sha1>1479AF0AE593375A97B20A6EBAD2D630CF207590</sha1>
            <evidenceCollected>
                <evidence>
                    <source>file</source>
                    <name>name</name>
                    <value>launch4j</value>
                </evidence>
                <evidence>
                    <source>jar</source>
                    <name>package</name>
                    <value>launch4j</value>
                </evidence>
                <evidence>
                    <source>jar</source>
                    <name>package</name>
                    <value>net</value>
                </evidence>
                <evidence>
                    <source>jar</source>
                    <name>package</name>
                    <value>sf</value>
                </evidence>
            </evidenceCollected>
        </dependency>
        <dependency>
            <fileName>looks.jar</fileName>
            <filePath>/home/bcraig/Documents/Thesis/Analysis/reports/megamek/3rdParty/looks.jar</filePath>
            <md5>AB5E5EBA6E8B70BEC0004F7995B39FB2</md5>
            <sha1>A4A72AD929EE21BE1189E4AB542A77A257C6F865</sha1>
            <evidenceCollected>
                <evidence>
                    <source>file</source>
                    <name>name</name>
                    <value>looks</value>
                </evidence>
                <evidence>
                    <source>jar</source>
                    <name>package</name>
                    <value>jgoodies</value>
                </evidence>
                <evidence>
                    <source>jar</source>
                    <name>package</name>
                    <value>looks</value>
                </evidence>
                <evidence>
                    <source>jar</source>
                    <name>package</name>
                    <value>plastic</value>
                </evidence>
                <evidence>
                    <source>jar</source>
                    <name>package name</name>
                    <value>jgoodies</value>
                </evidence>
                <evidence>
                    <source>jar</source>
                    <name>package name</name>
                    <value>looks</value>
                </evidence>
                <evidence>
                    <source>Manifest</source>
                    <name>Implementation-Title</name>
                    <value>JGoodies Looks</value>
                </evidence>
                <evidence>
                    <source>Manifest</source>
                    <name>Implementation-Vendor</name>
                    <value>JGoodies Karsten Lentzsch</value>
                </evidence>
                <evidence>
                    <source>Manifest</source>
                    <name>specification-title</name>
                    <value>JGoodies Looks API Specification</value>
                </evidence>
                <evidence>
                    <source>Manifest</source>
                    <name>specification-vendor</name>
                    <value>JGoodies Karsten Lentzsch</value>
                </evidence>
            </evidenceCollected>
        </dependency>
        <dependency>
            <fileName>foxtrot.jar</fileName>
            <filePath>/home/bcraig/Documents/Thesis/Analysis/reports/megamek/3rdParty/foxtrot.jar</filePath>
            <md5>9C5B26C5B39626FE9FFE61BE6C927B18</md5>
            <sha1>A321BA66C225941622A2BAD69857CD98C0B26615</sha1>
            <evidenceCollected>
                <evidence>
                    <source>file</source>
                    <name>name</name>
                    <value>foxtrot</value>
                </evidence>
                <evidence>
                    <source>jar</source>
                    <name>package</name>
                    <value>foxtrot</value>
                </evidence>
            </evidenceCollected>
        </dependency>
        <dependency>
            <fileName>j3dcore.jar</fileName>
            <filePath>/home/bcraig/Documents/Thesis/Analysis/reports/megamek/3rdParty/j3dcore.jar</filePath>
            <md5>37B347175CBBD36494482CDE314963E0</md5>
            <sha1>6EE13DDF1F6DD1BB21959AB22F36AF5EEB714F12</sha1>
            <evidenceCollected>
                <evidence>
                    <source>file</source>
                    <name>name</name>
                    <value>3</value>
                </evidence>
                <evidence>
                    <source>file</source>
                    <name>name</name>
                    <value>j3dcore</value>
                </evidence>
                <evidence>
                    <source>file</source>
                    <name>name</name>
                    <value>j3dcore</value>
                </evidence>
                <evidence>
                    <source>jar</source>
                    <name>package</name>
                    <value>j3d</value>
                </evidence>
                <evidence>
                    <source>jar</source>
                    <name>package</name>
                    <value>javax</value>
                </evidence>
                <evidence>
                    <source>jar</source>
                    <name>package</name>
                    <value>media</value>
                </evidence>
                <evidence>
                    <source>jar</source>
                    <name>package name</name>
                    <value>j3d</value>
                </evidence>
                <evidence>
                    <source>jar</source>
                    <name>package name</name>
                    <value>javax</value>
                </evidence>
                <evidence>
                    <source>jar</source>
                    <name>package name</name>
                    <value>media</value>
                </evidence>
                <evidence>
                    <source>Manifest</source>
                    <name>extension-name</name>
                    <value>javax.media.j3d</value>
                </evidence>
                <evidence>
                    <source>Manifest</source>
                    <name>Implementation-Title</name>
                    <value>Java 3D Core Runtime Environment</value>
                </evidence>
                <evidence>
                    <source>Manifest</source>
                    <name>Implementation-Vendor</name>
                    <value>Sun Microsystems, Inc.</value>
                </evidence>
                <evidence>
                    <source>Manifest</source>
                    <name>Implementation-Vendor-Id</name>
                    <value>com.sun</value>
                </evidence>
                <evidence>
                    <source>Manifest</source>
                    <name>Implementation-Version</name>
                    <value>1.5.1</value>
                </evidence>
                <evidence>
                    <source>Manifest</source>
                    <name>specification-title</name>
                    <value>Java 3D API Specification</value>
                </evidence>
                <evidence>
                    <source>Manifest</source>
                    <name>specification-vendor</name>
                    <value>Sun Microsystems, Inc.</value>
                </evidence>
                <evidence>
                    <source>Manifest</source>
                    <name>specification-version</name>
                    <value>1.5</value>
                </evidence>
            </evidenceCollected>
        </dependency>
        <dependency>
            <fileName>xstream.jar</fileName>
            <filePath>/home/bcraig/Documents/Thesis/Analysis/reports/megamek/3rdParty/xstream.jar</filePath>
            <md5>ACBFA0E4B40BEA9A1AD55C9F85B20A5D</md5>
            <sha1>F63A14DC514A990551FC6A69CA24A920D2F459E4</sha1>
            <evidenceCollected>
                <evidence>
                    <source>file</source>
                    <name>name</name>
                    <value>xstream</value>
                </evidence>
                <evidence>
                    <source>jar</source>
                    <name>package</name>
                    <value>thoughtworks</value>
                </evidence>
                <evidence>
                    <source>jar</source>
                    <name>package</name>
                    <value>xstream</value>
                </evidence>
            </evidenceCollected>
        </dependency>
        <dependency>
            <fileName>TabPanel.jar</fileName>
            <filePath>/home/bcraig/Documents/Thesis/Analysis/reports/megamek/3rdParty/TabPanel.jar</filePath>
            <md5>5340B5B1986BFC87EA6C4F2BD53BE5D2</md5>
            <sha1>DD13FD6A0368039FA24BA0C6E7A95A1DA92AE129</sha1>
            <evidenceCollected>
                <evidence>
                    <source>file</source>
                    <name>name</name>
                    <value>TabPanel</value>
                </evidence>
                <evidence>
                    <source>jar</source>
                    <name>package</name>
                    <value>gov</value>
                </evidence>
                <evidence>
                    <source>jar</source>
                    <name>package</name>
                    <value>gui</value>
                </evidence>
                <evidence>
                    <source>jar</source>
                    <name>package</name>
                    <value>nist</value>
                </evidence>
                <evidence>
                    <source>jar</source>
                    <name>package</name>
                    <value>tabpanel</value>
                </evidence>
            </evidenceCollected>
        </dependency>
        <dependency>
            <fileName>MegaMek.jar</fileName>
            <filePath>/home/bcraig/Documents/Thesis/Analysis/reports/megamek/3rdParty/MegaMek.jar</filePath>
            <md5>9BD26728494F2956835B6A7BF3896ACE</md5>
            <sha1>B4F9E6D590A50241B911AA8550AB1A2B9AF5FB1E</sha1>
            <evidenceCollected>
                <evidence>
                    <source>file</source>
                    <name>name</name>
                    <value>MegaMek</value>
                </evidence>
                <evidence>
                    <source>jar</source>
                    <name>package</name>
                    <value>common</value>
                </evidence>
                <evidence>
                    <source>jar</source>
                    <name>package</name>
                    <value>megamek</value>
                </evidence>
            </evidenceCollected>
        </dependency>
        <dependency>
            <fileName>commons-logging.jar</fileName>
            <filePath>/home/bcraig/Documents/Thesis/Analysis/reports/megamek/3rdParty/commons-logging.jar</filePath>
            <md5>8A507817B28077E0478ADD944C64586A</md5>
            <sha1>F029A2AEFE2B3E1517573C580F948CAAC31B1056</sha1>
            <evidenceCollected>
                <evidence>
                    <source>file</source>
                    <name>name</name>
                    <value>commons-logging</value>
                </evidence>
                <evidence>
                    <source>jar</source>
                    <name>package</name>
                    <value>apache</value>
                </evidence>
                <evidence>
                    <source>jar</source>
                    <name>package</name>
                    <value>commons</value>
                </evidence>
                <evidence>
                    <source>jar</source>
                    <name>package</name>
                    <value>impl</value>
                </evidence>
                <evidence>
                    <source>jar</source>
                    <name>package</name>
                    <value>logging</value>
                </evidence>
                <evidence>
                    <source>jar</source>
                    <name>package name</name>
                    <value>apache</value>
                </evidence>
                <evidence>
                    <source>jar</source>
                    <name>package name</name>
                    <value>commons</value>
                </evidence>
                <evidence>
                    <source>jar</source>
                    <name>package name</name>
                    <value>log</value>
                </evidence>
                <evidence>
                    <source>jar</source>
                    <name>package name</name>
                    <value>logging</value>
                </evidence>
                <evidence>
                    <source>Manifest</source>
                    <name>extension-name</name>
                    <value>org.apache.commons.logging</value>
                </evidence>
                <evidence>
                    <source>Manifest</source>
                    <name>Implementation-Vendor</name>
                    <value>Apache Software Foundation</value>
                </evidence>
                <evidence>
                    <source>Manifest</source>
                    <name>specification-vendor</name>
                    <value>Apache Software Foundation</value>
                </evidence>
            </evidenceCollected>
        </dependency>
    </dependencies>
</analysis>