<?xml version="1.0"?>
<analysis xmlns="https://www.owasp.org/index.php/OWASP_Dependency_Check">
    <projectInfo>
        <name>pmd</name>
        <reportDate>Feb 18, 2014 3:16:56 PM</reportDate>
        <credits>This report contains data retrieved from the National Vulnerability Database: http://nvd.nist.gov</credits>
    </projectInfo>
    <dependencies>
        <dependency>
            <fileName>junit.jar</fileName>
            <filePath>/home/bcraig/Documents/Thesis/Analysis/reports/pmd/3rdParty/junit.jar</filePath>
            <md5>17DE024D040554315F230092FEDA55D0</md5>
            <sha1>2B338603C6DB1B7F8A456610F40BE8725B109473</sha1>
            <evidenceCollected>
                <evidence>
                    <source>file</source>
                    <name>name</name>
                    <value>junit</value>
                </evidence>
                <evidence>
                    <source>jar</source>
                    <name>package</name>
                    <value>junit</value>
                </evidence>
            </evidenceCollected>
        </dependency>
        <dependency>
            <fileName>junit-4.4.jar</fileName>
            <filePath>/home/bcraig/Documents/Thesis/Analysis/reports/pmd/3rdParty/junit-4.4.jar</filePath>
            <md5>F852BBB2BBE0471CEF8E5B833CB36078</md5>
            <sha1>8F35EE1F35D2DADBB5029991449EE90C1BAB4D4A</sha1>
            <evidenceCollected>
                <evidence>
                    <source>file</source>
                    <name>name</name>
                    <value>junit-4.4</value>
                </evidence>
                <evidence>
                    <source>jar</source>
                    <name>package</name>
                    <value>junit</value>
                </evidence>
            </evidenceCollected>
        </dependency>
        <dependency>
            <fileName>retroweaver-rt-2.0.5.jar</fileName>
            <filePath>/home/bcraig/Documents/Thesis/Analysis/reports/pmd/3rdParty/retroweaver-rt-2.0.5.jar</filePath>
            <md5>8E45D98ADEBF49842CC92AA0696695E0</md5>
            <sha1>830F41DFC06349CEE7413B85907B3B32D0719768</sha1>
            <evidenceCollected>
                <evidence>
                    <source>file</source>
                    <name>name</name>
                    <value>retroweaver-rt-2.0.5</value>
                </evidence>
                <evidence>
                    <source>jar</source>
                    <name>package</name>
                    <value>net</value>
                </evidence>
                <evidence>
                    <source>jar</source>
                    <name>package</name>
                    <value>retroweaver</value>
                </evidence>
                <evidence>
                    <source>jar</source>
                    <name>package</name>
                    <value>runtime</value>
                </evidence>
                <evidence>
                    <source>jar</source>
                    <name>package</name>
                    <value>sourceforge</value>
                </evidence>
            </evidenceCollected>
        </dependency>
        <dependency>
            <fileName>retroweaver-2.0.5.jar</fileName>
            <filePath>/home/bcraig/Documents/Thesis/Analysis/reports/pmd/3rdParty/retroweaver-2.0.5.jar</filePath>
            <md5>118F478FB7105FC452E3415E7B680F0D</md5>
            <sha1>18D403373EB5C6A35978DD4B6AC94BC9A9BEC8F1</sha1>
            <evidenceCollected>
                <evidence>
                    <source>file</source>
                    <name>name</name>
                    <value>retroweaver-2.0.5</value>
                </evidence>
                <evidence>
                    <source>jar</source>
                    <name>package</name>
                    <value>net</value>
                </evidence>
                <evidence>
                    <source>jar</source>
                    <name>package</name>
                    <value>retroweaver</value>
                </evidence>
                <evidence>
                    <source>jar</source>
                    <name>package</name>
                    <value>sourceforge</value>
                </evidence>
            </evidenceCollected>
        </dependency>
        <dependency>
            <fileName>asm-commons-3.1.jar</fileName>
            <filePath>/home/bcraig/Documents/Thesis/Analysis/reports/pmd/3rdParty/asm-commons-3.1.jar</filePath>
            <md5>2FE96674B1B57798E7E1931A080EAD1D</md5>
            <sha1>694A954ED093DF04F4A584652B4D23E7066EA902</sha1>
            <evidenceCollected>
                <evidence>
                    <source>file</source>
                    <name>name</name>
                    <value>asm-commons-3.1</value>
                </evidence>
                <evidence>
                    <source>jar</source>
                    <name>package</name>
                    <value>asm</value>
                </evidence>
                <evidence>
                    <source>jar</source>
                    <name>package</name>
                    <value>commons</value>
                </evidence>
                <evidence>
                    <source>jar</source>
                    <name>package</name>
                    <value>objectweb</value>
                </evidence>
                <evidence>
                    <source>jar</source>
                    <name>package name</name>
                    <value>asm</value>
                </evidence>
                <evidence>
                    <source>jar</source>
                    <name>package name</name>
                    <value>commons</value>
                </evidence>
                <evidence>
                    <source>Manifest</source>
                    <name>Implementation-Title</name>
                    <value>ASM commons</value>
                </evidence>
                <evidence>
                    <source>Manifest</source>
                    <name>Implementation-Vendor</name>
                    <value>France Telecom R&amp;D</value>
                </evidence>
            </evidenceCollected>
        </dependency>
        <dependency>
            <fileName>jaxen-1.1.1.jar</fileName>
            <filePath>/home/bcraig/Documents/Thesis/Analysis/reports/pmd/3rdParty/jaxen-1.1.1.jar</filePath>
            <md5>261D1AA59865842ECC32B3848B0C6538</md5>
            <sha1>9F5D3C5974DBE5CF69C2C2EC7D8A4EB6E0FCE7F9</sha1>
            <evidenceCollected>
                <evidence>
                    <source>file</source>
                    <name>name</name>
                    <value>jaxen-1.1.1</value>
                </evidence>
                <evidence>
                    <source>jar</source>
                    <name>package</name>
                    <value>jaxen</value>
                </evidence>
                <evidence>
                    <source>jar</source>
                    <name>package name</name>
                    <value>jaxen</value>
                </evidence>
                <evidence>
                    <source>jar</source>
                    <name>package name</name>
                    <value>xpath</value>
                </evidence>
                <evidence>
                    <source>Manifest</source>
                    <name>extension-name</name>
                    <value>jaxen</value>
                </evidence>
                <evidence>
                    <source>Manifest</source>
                    <name>Implementation-Title</name>
                    <value>org.jaxen</value>
                </evidence>
                <evidence>
                    <source>Manifest</source>
                    <name>Implementation-Vendor</name>
                    <value>Codehaus</value>
                </evidence>
                <evidence>
                    <source>Manifest</source>
                    <name>specification-title</name>
                    <value>Universal Java XPath Engine</value>
                </evidence>
                <evidence>
                    <source>Manifest</source>
                    <name>specification-vendor</name>
                    <value>Codehaus</value>
                </evidence>
            </evidenceCollected>
        </dependency>
        <dependency>
            <fileName>asm-3.1.jar</fileName>
            <filePath>/home/bcraig/Documents/Thesis/Analysis/reports/pmd/3rdParty/asm-3.1.jar</filePath>
            <md5>4FBE0FD975ECC71480846CE272B483B0</md5>
            <sha1>26CC0E49F46058EF00E6473829BD02A23C0F6744</sha1>
            <evidenceCollected>
                <evidence>
                    <source>file</source>
                    <name>name</name>
                    <value>asm-3.1</value>
                </evidence>
                <evidence>
                    <source>jar</source>
                    <name>package</name>
                    <value>asm</value>
                </evidence>
                <evidence>
                    <source>jar</source>
                    <name>package</name>
                    <value>objectweb</value>
                </evidence>
                <evidence>
                    <source>jar</source>
                    <name>package name</name>
                    <value>asm</value>
                </evidence>
                <evidence>
                    <source>Manifest</source>
                    <name>Implementation-Title</name>
                    <value>ASM</value>
                </evidence>
                <evidence>
                    <source>Manifest</source>
                    <name>Implementation-Vendor</name>
                    <value>France Telecom R&amp;D</value>
                </evidence>
            </evidenceCollected>
        </dependency>
        <dependency>
            <fileName>backport-util-concurrent.jar</fileName>
            <filePath>/home/bcraig/Documents/Thesis/Analysis/reports/pmd/3rdParty/backport-util-concurrent.jar</filePath>
            <md5>748BB0CBF4780B2E3121DC9C12E10CD9</md5>
            <sha1>682F7AC17FED79E92F8E87D8455192B63376347B</sha1>
            <evidenceCollected>
                <evidence>
                    <source>file</source>
                    <name>name</name>
                    <value>backport-util-concurrent</value>
                </evidence>
                <evidence>
                    <source>jar</source>
                    <name>package</name>
                    <value>backport</value>
                </evidence>
                <evidence>
                    <source>jar</source>
                    <name>package</name>
                    <value>edu</value>
                </evidence>
                <evidence>
                    <source>jar</source>
                    <name>package</name>
                    <value>emory</value>
                </evidence>
                <evidence>
                    <source>jar</source>
                    <name>package</name>
                    <value>mathcs</value>
                </evidence>
            </evidenceCollected>
        </dependency>
        <dependency>
            <fileName>javacc.jar</fileName>
            <filePath>/home/bcraig/Documents/Thesis/Analysis/reports/pmd/3rdParty/javacc.jar</filePath>
            <md5>7AEB090EB156520D180B5694D4F2C6FC</md5>
            <sha1>915805643A5651CFE0E2DB40C689C6DC211DB97D</sha1>
            <evidenceCollected>
                <evidence>
                    <source>file</source>
                    <name>name</name>
                    <value>javacc</value>
                </evidence>
                <evidence>
                    <source>jar</source>
                    <name>package</name>
                    <value>javacc</value>
                </evidence>
            </evidenceCollected>
        </dependency>
        <dependency>
            <fileName>asm-util-3.1.jar</fileName>
            <filePath>/home/bcraig/Documents/Thesis/Analysis/reports/pmd/3rdParty/asm-util-3.1.jar</filePath>
            <md5>4E87BFFF1EEC33B284BE47DD51CEE688</md5>
            <sha1>CD00C74010BB94ED3EA31D7092E40767DF16A36D</sha1>
            <evidenceCollected>
                <evidence>
                    <source>file</source>
                    <name>name</name>
                    <value>asm-util-3.1</value>
                </evidence>
                <evidence>
                    <source>jar</source>
                    <name>package</name>
                    <value>asm</value>
                </evidence>
                <evidence>
                    <source>jar</source>
                    <name>package</name>
                    <value>objectweb</value>
                </evidence>
                <evidence>
                    <source>jar</source>
                    <name>package</name>
                    <value>util</value>
                </evidence>
                <evidence>
                    <source>jar</source>
                    <name>package name</name>
                    <value>asm</value>
                </evidence>
                <evidence>
                    <source>jar</source>
                    <name>package name</name>
                    <value>util</value>
                </evidence>
                <evidence>
                    <source>Manifest</source>
                    <name>Implementation-Title</name>
                    <value>ASM Utilities</value>
                </evidence>
                <evidence>
                    <source>Manifest</source>
                    <name>Implementation-Vendor</name>
                    <value>France Telecom R&amp;D</value>
                </evidence>
            </evidenceCollected>
        </dependency>
    </dependencies>
</analysis>