<?xml version="1.0"?>
<analysis xmlns="https://www.owasp.org/index.php/OWASP_Dependency_Check">
    <projectInfo>
        <name>proguard</name>
        <reportDate>Feb 18, 2014 3:19:58 PM</reportDate>
        <credits>This report contains data retrieved from the National Vulnerability Database: http://nvd.nist.gov</credits>
    </projectInfo>
    <dependencies>
        <dependency>
            <fileName>annotations.jar</fileName>
            <filePath>/home/bcraig/Documents/Thesis/Analysis/reports/proguard/3rdParty/annotations.jar</filePath>
            <md5>AFDD0B45DC5467B804E9C5457DDA8F3D</md5>
            <sha1>5D614A4B005B5335C35E4F343D7B5C75BD77C642</sha1>
            <evidenceCollected>
                <evidence>
                    <source>file</source>
                    <name>name</name>
                    <value>annotations</value>
                </evidence>
                <evidence>
                    <source>jar</source>
                    <name>package</name>
                    <value>annotation</value>
                </evidence>
                <evidence>
                    <source>jar</source>
                    <name>package</name>
                    <value>proguard</value>
                </evidence>
            </evidenceCollected>
        </dependency>
        <dependency>
            <fileName>retrace.jar</fileName>
            <filePath>/home/bcraig/Documents/Thesis/Analysis/reports/proguard/3rdParty/retrace.jar</filePath>
            <md5>9C5D62AED5901386384AA1CC6155BAEC</md5>
            <sha1>0AC803D751D72F448DF9CB7CA1E69F2B3B68B055</sha1>
            <evidenceCollected>
                <evidence>
                    <source>file</source>
                    <name>name</name>
                    <value>retrace</value>
                </evidence>
                <evidence>
                    <source>jar</source>
                    <name>package</name>
                    <value>proguard</value>
                </evidence>
                <evidence>
                    <source>jar</source>
                    <name>package</name>
                    <value>retrace</value>
                </evidence>
            </evidenceCollected>
        </dependency>
    </dependencies>
</analysis>