<?xml version="1.0"?>
<analysis xmlns="https://www.owasp.org/index.php/OWASP_Dependency_Check">
    <projectInfo>
        <name>quartz</name>
        <reportDate>Feb 18, 2014 3:21:01 PM</reportDate>
        <credits>This report contains data retrieved from the National Vulnerability Database: http://nvd.nist.gov</credits>
    </projectInfo>
    <dependencies>
        <dependency>
            <fileName>slf4j-log4j12-1.5.10.jar</fileName>
            <filePath>/home/bcraig/Documents/Thesis/Analysis/reports/quartz/3rdParty/slf4j-log4j12-1.5.10.jar</filePath>
            <md5>352E66E47739F692221C4717353B939E</md5>
            <sha1>08274ABBF7065CA15CF877D199A8BF75DBA87F36</sha1>
            <description>
		The slf4j log4j-12 binding
	</description>
            <evidenceCollected>
                <evidence>
                    <source>file</source>
                    <name>name</name>
                    <value>slf4j-log4j12-1.5.10</value>
                </evidence>
                <evidence>
                    <source>jar</source>
                    <name>package name</name>
                    <value>slf4j</value>
                </evidence>
                <evidence>
                    <source>Manifest</source>
                    <name>Bundle-Name</name>
                    <value>slf4j-log4j12</value>
                </evidence>
                <evidence>
                    <source>Manifest</source>
                    <name>bundle-requiredexecutionenvironment</name>
                    <value>J2SE-1.3</value>
                </evidence>
                <evidence>
                    <source>Manifest</source>
                    <name>bundle-symbolicname</name>
                    <value>slf4j.log4j12</value>
                </evidence>
                <evidence>
                    <source>Manifest</source>
                    <name>Bundle-Vendor</name>
                    <value>SLF4J.ORG</value>
                </evidence>
                <evidence>
                    <source>Manifest</source>
                    <name>Implementation-Title</name>
                    <value>slf4j-log4j12</value>
                </evidence>
                <evidence>
                    <source>pom</source>
                    <name>artifactid</name>
                    <value>slf4j-log4j12</value>
                </evidence>
                <evidence>
                    <source>pom</source>
                    <name>artifactid</name>
                    <value>slf4j-log4j12</value>
                </evidence>
                <evidence>
                    <source>pom</source>
                    <name>description</name>
                    <value>The slf4j log4j-12 binding</value>
                </evidence>
                <evidence>
                    <source>pom</source>
                    <name>groupid</name>
                    <value>slf4j</value>
                </evidence>
                <evidence>
                    <source>pom</source>
                    <name>groupid</name>
                    <value>slf4j</value>
                </evidence>
                <evidence>
                    <source>pom</source>
                    <name>name</name>
                    <value>SLF4J LOG4J-12 Binding</value>
                </evidence>
            </evidenceCollected>
        </dependency>
        <dependency>
            <fileName>jta-1.1.jar</fileName>
            <filePath>/home/bcraig/Documents/Thesis/Analysis/reports/quartz/3rdParty/jta-1.1.jar</filePath>
            <md5>82A10CE714F411B28F13850059DE09EE</md5>
            <sha1>2CA09F0B36CA7D71B762E14EA2FF09D5EAC57558</sha1>
            <evidenceCollected>
                <evidence>
                    <source>file</source>
                    <name>name</name>
                    <value>jta-1.1</value>
                </evidence>
                <evidence>
                    <source>jar</source>
                    <name>package</name>
                    <value>javax</value>
                </evidence>
                <evidence>
                    <source>jar</source>
                    <name>package</name>
                    <value>transaction</value>
                </evidence>
                <evidence>
                    <source>jar</source>
                    <name>package name</name>
                    <value>javax</value>
                </evidence>
                <evidence>
                    <source>jar</source>
                    <name>package name</name>
                    <value>transaction</value>
                </evidence>
                <evidence>
                    <source>Manifest</source>
                    <name>extension-name</name>
                    <value>javax.transaction</value>
                </evidence>
                <evidence>
                    <source>Manifest</source>
                    <name>specification-title</name>
                    <value>Java Transaction API Specification</value>
                </evidence>
                <evidence>
                    <source>Manifest</source>
                    <name>specification-vendor</name>
                    <value>Sun Microsystems, Inc.</value>
                </evidence>
            </evidenceCollected>
        </dependency>
        <dependency>
            <fileName>commons-pool-1.5.4.jar</fileName>
            <filePath>/home/bcraig/Documents/Thesis/Analysis/reports/quartz/3rdParty/commons-pool-1.5.4.jar</filePath>
            <md5>80E9D1CBD70542F4F293793D109679A9</md5>
            <sha1>75B6E20C596ED2945A259CEA26D7FADD298398E6</sha1>
            <description>Commons Object Pooling Library</description>
            <license>http://www.apache.org/licenses/LICENSE-2.0.txt</license>
            <evidenceCollected>
                <evidence>
                    <source>file</source>
                    <name>name</name>
                    <value>commons-pool-1.5.4</value>
                </evidence>
                <evidence>
                    <source>jar</source>
                    <name>package name</name>
                    <value>apache</value>
                </evidence>
                <evidence>
                    <source>jar</source>
                    <name>package name</name>
                    <value>commons</value>
                </evidence>
                <evidence>
                    <source>jar</source>
                    <name>package name</name>
                    <value>pool</value>
                </evidence>
                <evidence>
                    <source>Manifest</source>
                    <name>bundle-docurl</name>
                    <value>http://commons.apache.org/pool/</value>
                </evidence>
                <evidence>
                    <source>Manifest</source>
                    <name>Bundle-Name</name>
                    <value>Commons Pool</value>
                </evidence>
                <evidence>
                    <source>Manifest</source>
                    <name>bundle-symbolicname</name>
                    <value>org.apache.commons.pool</value>
                </evidence>
                <evidence>
                    <source>Manifest</source>
                    <name>Bundle-Vendor</name>
                    <value>The Apache Software Foundation</value>
                </evidence>
                <evidence>
                    <source>Manifest</source>
                    <name>Implementation-Title</name>
                    <value>Commons Pool</value>
                </evidence>
                <evidence>
                    <source>Manifest</source>
                    <name>Implementation-Vendor</name>
                    <value>The Apache Software Foundation</value>
                </evidence>
                <evidence>
                    <source>Manifest</source>
                    <name>Implementation-Vendor-Id</name>
                    <value>org.apache</value>
                </evidence>
                <evidence>
                    <source>Manifest</source>
                    <name>specification-title</name>
                    <value>Commons Pool</value>
                </evidence>
                <evidence>
                    <source>Manifest</source>
                    <name>specification-vendor</name>
                    <value>The Apache Software Foundation</value>
                </evidence>
                <evidence>
                    <source>pom</source>
                    <name>artifactid</name>
                    <value>commons-pool</value>
                </evidence>
                <evidence>
                    <source>pom</source>
                    <name>artifactid</name>
                    <value>commons-pool</value>
                </evidence>
                <evidence>
                    <source>pom</source>
                    <name>description</name>
                    <value>Commons Object Pooling Library</value>
                </evidence>
                <evidence>
                    <source>pom</source>
                    <name>groupid</name>
                    <value>commons-pool</value>
                </evidence>
                <evidence>
                    <source>pom</source>
                    <name>groupid</name>
                    <value>commons-pool</value>
                </evidence>
                <evidence>
                    <source>pom</source>
                    <name>name</name>
                    <value>Commons Pool</value>
                </evidence>
            </evidenceCollected>
        </dependency>
        <dependency>
            <fileName>slf4j-api-1.5.10.jar</fileName>
            <filePath>/home/bcraig/Documents/Thesis/Analysis/reports/quartz/3rdParty/slf4j-api-1.5.10.jar</filePath>
            <md5>39D506DF3039BFA52B8366B9B0971E17</md5>
            <sha1>CBE2371E467AF56F350EDFBDD87F5B75981FEFE3</sha1>
            <description>The slf4j API</description>
            <evidenceCollected>
                <evidence>
                    <source>file</source>
                    <name>name</name>
                    <value>slf4j-api-1.5.10</value>
                </evidence>
                <evidence>
                    <source>jar</source>
                    <name>package name</name>
                    <value>slf4j</value>
                </evidence>
                <evidence>
                    <source>Manifest</source>
                    <name>Bundle-Name</name>
                    <value>slf4j-api</value>
                </evidence>
                <evidence>
                    <source>Manifest</source>
                    <name>bundle-requiredexecutionenvironment</name>
                    <value>J2SE-1.3</value>
                </evidence>
                <evidence>
                    <source>Manifest</source>
                    <name>bundle-symbolicname</name>
                    <value>slf4j.api</value>
                </evidence>
                <evidence>
                    <source>Manifest</source>
                    <name>Bundle-Vendor</name>
                    <value>SLF4J.ORG</value>
                </evidence>
                <evidence>
                    <source>Manifest</source>
                    <name>Implementation-Title</name>
                    <value>slf4j-api</value>
                </evidence>
                <evidence>
                    <source>pom</source>
                    <name>artifactid</name>
                    <value>slf4j-api</value>
                </evidence>
                <evidence>
                    <source>pom</source>
                    <name>artifactid</name>
                    <value>slf4j-api</value>
                </evidence>
                <evidence>
                    <source>pom</source>
                    <name>description</name>
                    <value>The slf4j API</value>
                </evidence>
                <evidence>
                    <source>pom</source>
                    <name>groupid</name>
                    <value>slf4j</value>
                </evidence>
                <evidence>
                    <source>pom</source>
                    <name>groupid</name>
                    <value>slf4j</value>
                </evidence>
                <evidence>
                    <source>pom</source>
                    <name>name</name>
                    <value>SLF4J API Module</value>
                </evidence>
            </evidenceCollected>
        </dependency>
        <dependency>
            <fileName>log4j-1.2.14.jar</fileName>
            <filePath>/home/bcraig/Documents/Thesis/Analysis/reports/quartz/3rdParty/log4j-1.2.14.jar</filePath>
            <md5>599B8BA07D1D04F0EA34414E861D7AD1</md5>
            <sha1>03B254C872B95141751F414E353A25C2AC261B51</sha1>
            <evidenceCollected>
                <evidence>
                    <source>file</source>
                    <name>name</name>
                    <value>log4j-1.2.14</value>
                </evidence>
                <evidence>
                    <source>jar</source>
                    <name>package</name>
                    <value>apache</value>
                </evidence>
                <evidence>
                    <source>jar</source>
                    <name>package</name>
                    <value>log4j</value>
                </evidence>
            </evidenceCollected>
        </dependency>
        <dependency>
            <fileName>commons-dbcp-1.3.jar</fileName>
            <filePath>/home/bcraig/Documents/Thesis/Analysis/reports/quartz/3rdParty/commons-dbcp-1.3.jar</filePath>
            <md5>1B8DE6F094E072C092B4EF1B332FDBF0</md5>
            <sha1>B295A6A7D6220D04948493594991DC761FFBDD1E</sha1>
            <description>Commons Database Connection Pooling</description>
            <license>http://www.apache.org/licenses/LICENSE-2.0.txt</license>
            <evidenceCollected>
                <evidence>
                    <source>file</source>
                    <name>name</name>
                    <value>commons-dbcp-1.3</value>
                </evidence>
                <evidence>
                    <source>jar</source>
                    <name>package name</name>
                    <value>apache</value>
                </evidence>
                <evidence>
                    <source>jar</source>
                    <name>package name</name>
                    <value>commons</value>
                </evidence>
                <evidence>
                    <source>jar</source>
                    <name>package name</name>
                    <value>dbcp</value>
                </evidence>
                <evidence>
                    <source>Manifest</source>
                    <name>bundle-docurl</name>
                    <value>http://commons.apache.org/dbcp/</value>
                </evidence>
                <evidence>
                    <source>Manifest</source>
                    <name>Bundle-Name</name>
                    <value>Commons DBCP</value>
                </evidence>
                <evidence>
                    <source>Manifest</source>
                    <name>bundle-symbolicname</name>
                    <value>org.apache.commons.dbcp</value>
                </evidence>
                <evidence>
                    <source>Manifest</source>
                    <name>Bundle-Vendor</name>
                    <value>The Apache Software Foundation</value>
                </evidence>
                <evidence>
                    <source>Manifest</source>
                    <name>Implementation-Title</name>
                    <value>Commons DBCP</value>
                </evidence>
                <evidence>
                    <source>Manifest</source>
                    <name>Implementation-Vendor</name>
                    <value>The Apache Software Foundation</value>
                </evidence>
                <evidence>
                    <source>Manifest</source>
                    <name>Implementation-Vendor-Id</name>
                    <value>org.apache</value>
                </evidence>
                <evidence>
                    <source>Manifest</source>
                    <name>specification-title</name>
                    <value>Commons DBCP</value>
                </evidence>
                <evidence>
                    <source>Manifest</source>
                    <name>specification-vendor</name>
                    <value>The Apache Software Foundation</value>
                </evidence>
                <evidence>
                    <source>pom</source>
                    <name>artifactid</name>
                    <value>commons-dbcp</value>
                </evidence>
                <evidence>
                    <source>pom</source>
                    <name>artifactid</name>
                    <value>commons-dbcp</value>
                </evidence>
                <evidence>
                    <source>pom</source>
                    <name>description</name>
                    <value>Commons Database Connection Pooling</value>
                </evidence>
                <evidence>
                    <source>pom</source>
                    <name>groupid</name>
                    <value>commons-dbcp</value>
                </evidence>
                <evidence>
                    <source>pom</source>
                    <name>groupid</name>
                    <value>commons-dbcp</value>
                </evidence>
                <evidence>
                    <source>pom</source>
                    <name>name</name>
                    <value>Commons DBCP</value>
                </evidence>
            </evidenceCollected>
        </dependency>
    </dependencies>
</analysis>