<?xml version="1.0"?>
<analysis xmlns="https://www.owasp.org/index.php/OWASP_Dependency_Check">
    <projectInfo>
        <name>quickserver</name>
        <reportDate>Feb 18, 2014 3:22:01 PM</reportDate>
        <credits>This report contains data retrieved from the National Vulnerability Database: http://nvd.nist.gov</credits>
    </projectInfo>
    <dependencies>
        <dependency>
            <fileName>QSAdminGUI.jar</fileName>
            <filePath>/home/bcraig/Documents/Thesis/Analysis/reports/quickserver/3rdParty/QSAdminGUI.jar</filePath>
            <md5>A9C0E2BCA5E41B759B3AAE4A58DF92A4</md5>
            <sha1>84E92B79C9553611BD9E1A375320D3EC6A8EFE92</sha1>
            <evidenceCollected>
                <evidence>
                    <source>file</source>
                    <name>name</name>
                    <value>QSAdminGUI</value>
                </evidence>
                <evidence>
                    <source>jar</source>
                    <name>package</name>
                    <value>gui</value>
                </evidence>
                <evidence>
                    <source>jar</source>
                    <name>package</name>
                    <value>net</value>
                </evidence>
                <evidence>
                    <source>jar</source>
                    <name>package</name>
                    <value>qsadmin</value>
                </evidence>
                <evidence>
                    <source>jar</source>
                    <name>package</name>
                    <value>quickserver</value>
                </evidence>
                <evidence>
                    <source>jar</source>
                    <name>package name</name>
                    <value>quickserver</value>
                </evidence>
                <evidence>
                    <source>Manifest</source>
                    <name>library-author</name>
                    <value>Akshathkumar Shetty</value>
                </evidence>
                <evidence>
                    <source>Manifest</source>
                    <name>library-author-email</name>
                    <value>akshath@quickserver.org</value>
                </evidence>
                <evidence>
                    <source>Manifest</source>
                    <name>library-homepage</name>
                    <value>http://www.quickserver.org</value>
                </evidence>
                <evidence>
                    <source>Manifest</source>
                    <name>specification-title</name>
                    <value>QuickServer</value>
                </evidence>
            </evidenceCollected>
        </dependency>
        <dependency>
            <fileName>ftpserver.jar</fileName>
            <filePath>/home/bcraig/Documents/Thesis/Analysis/reports/quickserver/3rdParty/ftpserver.jar</filePath>
            <md5>EEC4FFDF74871BB9834446F64D51C6C9</md5>
            <sha1>C950D4069D8129C4E4190E05BA0A6B5A749D2492</sha1>
            <evidenceCollected>
                <evidence>
                    <source>file</source>
                    <name>name</name>
                    <value>ftpserver</value>
                </evidence>
                <evidence>
                    <source>jar</source>
                    <name>package</name>
                    <value>ftpserver</value>
                </evidence>
            </evidenceCollected>
        </dependency>
        <dependency>
            <fileName>chatserver.jar</fileName>
            <filePath>/home/bcraig/Documents/Thesis/Analysis/reports/quickserver/3rdParty/chatserver.jar</filePath>
            <md5>52DACA6304B415A75FFFC66CA0B2C4C8</md5>
            <sha1>3ACED009BA3770606FFCEAB06816F615B7DE84EF</sha1>
            <evidenceCollected>
                <evidence>
                    <source>file</source>
                    <name>name</name>
                    <value>chatserver</value>
                </evidence>
                <evidence>
                    <source>jar</source>
                    <name>package</name>
                    <value>chatserver</value>
                </evidence>
            </evidenceCollected>
        </dependency>
        <dependency>
            <fileName>pipeserver.jar</fileName>
            <filePath>/home/bcraig/Documents/Thesis/Analysis/reports/quickserver/3rdParty/pipeserver.jar</filePath>
            <md5>8D14667CD94B10A99CDC78B9716C211A</md5>
            <sha1>98D320EB4F39325700CB7B50DE1EB6749D7EAAD5</sha1>
            <evidenceCollected>
                <evidence>
                    <source>file</source>
                    <name>name</name>
                    <value>pipeserver</value>
                </evidence>
                <evidence>
                    <source>jar</source>
                    <name>package</name>
                    <value>pipeserver</value>
                </evidence>
            </evidenceCollected>
        </dependency>
        <dependency>
            <fileName>filesrv.jar</fileName>
            <filePath>/home/bcraig/Documents/Thesis/Analysis/reports/quickserver/3rdParty/filesrv.jar</filePath>
            <md5>A4A97491CDAADDC8629EBC19F3B05C86</md5>
            <sha1>DB8392EBC6C6A1D1FA4C9929A85352395E2610B6</sha1>
            <evidenceCollected>
                <evidence>
                    <source>file</source>
                    <name>name</name>
                    <value>filesrv</value>
                </evidence>
                <evidence>
                    <source>jar</source>
                    <name>package</name>
                    <value>filesrv</value>
                </evidence>
            </evidenceCollected>
        </dependency>
        <dependency>
            <fileName>dateserver.jar</fileName>
            <filePath>/home/bcraig/Documents/Thesis/Analysis/reports/quickserver/3rdParty/dateserver.jar</filePath>
            <md5>23810A9A13B6E759B9C42E417918802B</md5>
            <sha1>E087F9258319F02E1F82379D4B89037D41C78780</sha1>
            <evidenceCollected>
                <evidence>
                    <source>file</source>
                    <name>name</name>
                    <value>dateserver</value>
                </evidence>
                <evidence>
                    <source>jar</source>
                    <name>package</name>
                    <value>dateserver</value>
                </evidence>
            </evidenceCollected>
        </dependency>
        <dependency>
            <fileName>metouia.jar</fileName>
            <filePath>/home/bcraig/Documents/Thesis/Analysis/reports/quickserver/3rdParty/metouia.jar</filePath>
            <md5>4F1BFB94488187897C58A21F76B55F35</md5>
            <sha1>0BD677C15D965E6D3D9D346EA70A90EB5FE27B10</sha1>
            <evidenceCollected>
                <evidence>
                    <source>file</source>
                    <name>name</name>
                    <value>metouia</value>
                </evidence>
                <evidence>
                    <source>jar</source>
                    <name>package</name>
                    <value>metouia</value>
                </evidence>
                <evidence>
                    <source>jar</source>
                    <name>package</name>
                    <value>mlf</value>
                </evidence>
                <evidence>
                    <source>jar</source>
                    <name>package</name>
                    <value>net</value>
                </evidence>
                <evidence>
                    <source>jar</source>
                    <name>package</name>
                    <value>sourceforge</value>
                </evidence>
            </evidenceCollected>
        </dependency>
        <dependency>
            <fileName>echowebserver.jar</fileName>
            <filePath>/home/bcraig/Documents/Thesis/Analysis/reports/quickserver/3rdParty/echowebserver.jar</filePath>
            <md5>43D4C4A665333C4B72FAC2C7D16318F0</md5>
            <sha1>ED68208BAE81D8AC1EF4C8CBAA9E13DE71279B7F</sha1>
            <evidenceCollected>
                <evidence>
                    <source>file</source>
                    <name>name</name>
                    <value>echowebserver</value>
                </evidence>
                <evidence>
                    <source>jar</source>
                    <name>package</name>
                    <value>echowebserver</value>
                </evidence>
            </evidenceCollected>
        </dependency>
        <dependency>
            <fileName>echoserver.jar</fileName>
            <filePath>/home/bcraig/Documents/Thesis/Analysis/reports/quickserver/3rdParty/echoserver.jar</filePath>
            <md5>622D34B52068932222D49BFC9D637780</md5>
            <sha1>CE0952F163DB91186701C3596193F1DEA19B066E</sha1>
            <evidenceCollected>
                <evidence>
                    <source>file</source>
                    <name>name</name>
                    <value>echoserver</value>
                </evidence>
                <evidence>
                    <source>jar</source>
                    <name>package</name>
                    <value>echoserver</value>
                </evidence>
            </evidenceCollected>
        </dependency>
        <dependency>
            <fileName>commons-beanutils.jar</fileName>
            <filePath>/home/bcraig/Documents/Thesis/Analysis/reports/quickserver/3rdParty/commons-beanutils.jar</filePath>
            <md5>061B68F9F8EEB3592A15FEB5034E58BC</md5>
            <sha1>FEB02D02DD034925D8865FF0B9427D05BEBF95EF</sha1>
            <evidenceCollected>
                <evidence>
                    <source>file</source>
                    <name>name</name>
                    <value>commons-beanutils</value>
                </evidence>
                <evidence>
                    <source>jar</source>
                    <name>package</name>
                    <value>apache</value>
                </evidence>
                <evidence>
                    <source>jar</source>
                    <name>package</name>
                    <value>beanutils</value>
                </evidence>
                <evidence>
                    <source>jar</source>
                    <name>package</name>
                    <value>commons</value>
                </evidence>
                <evidence>
                    <source>jar</source>
                    <name>package name</name>
                    <value>apache</value>
                </evidence>
                <evidence>
                    <source>jar</source>
                    <name>package name</name>
                    <value>beanutils</value>
                </evidence>
                <evidence>
                    <source>jar</source>
                    <name>package name</name>
                    <value>commons</value>
                </evidence>
                <evidence>
                    <source>Manifest</source>
                    <name>extension-name</name>
                    <value>org.apache.commons.beanutils</value>
                </evidence>
                <evidence>
                    <source>Manifest</source>
                    <name>Implementation-Title</name>
                    <value>org.apache.commons.beanutils</value>
                </evidence>
                <evidence>
                    <source>Manifest</source>
                    <name>Implementation-Vendor</name>
                    <value>Apache Software Foundation</value>
                </evidence>
                <evidence>
                    <source>Manifest</source>
                    <name>specification-title</name>
                    <value>Jakarta Commons Beanutils</value>
                </evidence>
                <evidence>
                    <source>Manifest</source>
                    <name>specification-vendor</name>
                    <value>Apache Software Foundation</value>
                </evidence>
            </evidenceCollected>
        </dependency>
        <dependency>
            <fileName>cmdserver.jar</fileName>
            <filePath>/home/bcraig/Documents/Thesis/Analysis/reports/quickserver/3rdParty/cmdserver.jar</filePath>
            <md5>5239B530DA4A5A792D9DA03A0FB37EFC</md5>
            <sha1>914DEC15CDD8D5500EF6990FEDA40B4EB31C0D13</sha1>
            <evidenceCollected>
                <evidence>
                    <source>file</source>
                    <name>name</name>
                    <value>cmdserver</value>
                </evidence>
                <evidence>
                    <source>jar</source>
                    <name>package</name>
                    <value>cmdserver</value>
                </evidence>
            </evidenceCollected>
        </dependency>
        <dependency>
            <fileName>QuickServer.jar</fileName>
            <filePath>/home/bcraig/Documents/Thesis/Analysis/reports/quickserver/3rdParty/QuickServer.jar</filePath>
            <md5>347170003D6B7CB506A121E0CE29CCD2</md5>
            <sha1>246FB8ACF254C0D440005475BB1676220471B9BC</sha1>
            <evidenceCollected>
                <evidence>
                    <source>file</source>
                    <name>name</name>
                    <value>QuickServer</value>
                </evidence>
                <evidence>
                    <source>jar</source>
                    <name>package</name>
                    <value>quickserver</value>
                </evidence>
                <evidence>
                    <source>jar</source>
                    <name>package name</name>
                    <value>quickserver</value>
                </evidence>
                <evidence>
                    <source>jar</source>
                    <name>package name</name>
                    <value>server</value>
                </evidence>
                <evidence>
                    <source>Manifest</source>
                    <name>library-author</name>
                    <value>Akshathkumar Shetty</value>
                </evidence>
                <evidence>
                    <source>Manifest</source>
                    <name>library-author-email</name>
                    <value>akshath@quickserver.org</value>
                </evidence>
                <evidence>
                    <source>Manifest</source>
                    <name>library-homepage</name>
                    <value>http://www.quickserver.org</value>
                </evidence>
                <evidence>
                    <source>Manifest</source>
                    <name>specification-title</name>
                    <value>QuickServer</value>
                </evidence>
            </evidenceCollected>
        </dependency>
        <dependency>
            <fileName>commons-collections.jar</fileName>
            <filePath>/home/bcraig/Documents/Thesis/Analysis/reports/quickserver/3rdParty/commons-collections.jar</filePath>
            <md5>D1DCB0FBEE884BB855BB327B8190AF36</md5>
            <sha1>40FB048097CAEACDB11DBB33B5755854D89EFDEB</sha1>
            <evidenceCollected>
                <evidence>
                    <source>file</source>
                    <name>name</name>
                    <value>commons-collections</value>
                </evidence>
                <evidence>
                    <source>jar</source>
                    <name>package</name>
                    <value>apache</value>
                </evidence>
                <evidence>
                    <source>jar</source>
                    <name>package</name>
                    <value>collections</value>
                </evidence>
                <evidence>
                    <source>jar</source>
                    <name>package</name>
                    <value>commons</value>
                </evidence>
                <evidence>
                    <source>jar</source>
                    <name>package name</name>
                    <value>apache</value>
                </evidence>
                <evidence>
                    <source>jar</source>
                    <name>package name</name>
                    <value>collection</value>
                </evidence>
                <evidence>
                    <source>jar</source>
                    <name>package name</name>
                    <value>collections</value>
                </evidence>
                <evidence>
                    <source>jar</source>
                    <name>package name</name>
                    <value>commons</value>
                </evidence>
                <evidence>
                    <source>Manifest</source>
                    <name>extension-name</name>
                    <value>commons-collections</value>
                </evidence>
                <evidence>
                    <source>Manifest</source>
                    <name>Implementation-Vendor</name>
                    <value>Apache Software Foundation</value>
                </evidence>
                <evidence>
                    <source>Manifest</source>
                    <name>Implementation-Vendor-Id</name>
                    <value></value>
                </evidence>
                <evidence>
                    <source>Manifest</source>
                    <name>specification-title</name>
                    <value>Commons Collections</value>
                </evidence>
                <evidence>
                    <source>Manifest</source>
                    <name>specification-vendor</name>
                    <value>Apache Software Foundation</value>
                </evidence>
            </evidenceCollected>
        </dependency>
        <dependency>
            <fileName>commons-pool.jar</fileName>
            <filePath>/home/bcraig/Documents/Thesis/Analysis/reports/quickserver/3rdParty/commons-pool.jar</filePath>
            <md5>07F3697C37AE0B14D6CC429A3202E64C</md5>
            <sha1>9BB7AA844B05D871BCB4EEA9A9A1EEDE0084DD9E</sha1>
            <evidenceCollected>
                <evidence>
                    <source>file</source>
                    <name>name</name>
                    <value>commons-pool</value>
                </evidence>
                <evidence>
                    <source>jar</source>
                    <name>package</name>
                    <value>apache</value>
                </evidence>
                <evidence>
                    <source>jar</source>
                    <name>package</name>
                    <value>commons</value>
                </evidence>
                <evidence>
                    <source>jar</source>
                    <name>package</name>
                    <value>impl</value>
                </evidence>
                <evidence>
                    <source>jar</source>
                    <name>package</name>
                    <value>pool</value>
                </evidence>
                <evidence>
                    <source>jar</source>
                    <name>package name</name>
                    <value>apache</value>
                </evidence>
                <evidence>
                    <source>jar</source>
                    <name>package name</name>
                    <value>commons</value>
                </evidence>
                <evidence>
                    <source>jar</source>
                    <name>package name</name>
                    <value>pool</value>
                </evidence>
                <evidence>
                    <source>Manifest</source>
                    <name>extension-name</name>
                    <value>commons-pool</value>
                </evidence>
                <evidence>
                    <source>Manifest</source>
                    <name>Implementation-Vendor</name>
                    <value>The Apache Software Foundation</value>
                </evidence>
                <evidence>
                    <source>Manifest</source>
                    <name>Implementation-Vendor-Id</name>
                    <value></value>
                </evidence>
                <evidence>
                    <source>Manifest</source>
                    <name>specification-title</name>
                    <value>Commons Object Pooling Library</value>
                </evidence>
                <evidence>
                    <source>Manifest</source>
                    <name>specification-vendor</name>
                    <value>The Apache Software Foundation</value>
                </evidence>
            </evidenceCollected>
        </dependency>
        <dependency>
            <fileName>commons-digester.jar</fileName>
            <filePath>/home/bcraig/Documents/Thesis/Analysis/reports/quickserver/3rdParty/commons-digester.jar</filePath>
            <md5>4BAB2D22AA4DC855B13780237831D1F4</md5>
            <sha1>C1DD42B0C244AD2A354219192881BE8F4140CDDD</sha1>
            <evidenceCollected>
                <evidence>
                    <source>file</source>
                    <name>name</name>
                    <value>commons-digester</value>
                </evidence>
                <evidence>
                    <source>jar</source>
                    <name>package</name>
                    <value>apache</value>
                </evidence>
                <evidence>
                    <source>jar</source>
                    <name>package</name>
                    <value>commons</value>
                </evidence>
                <evidence>
                    <source>jar</source>
                    <name>package</name>
                    <value>digester</value>
                </evidence>
                <evidence>
                    <source>jar</source>
                    <name>package name</name>
                    <value>apache</value>
                </evidence>
                <evidence>
                    <source>jar</source>
                    <name>package name</name>
                    <value>commons</value>
                </evidence>
                <evidence>
                    <source>jar</source>
                    <name>package name</name>
                    <value>digester</value>
                </evidence>
                <evidence>
                    <source>Manifest</source>
                    <name>extension-name</name>
                    <value>org.apache.commons.digester</value>
                </evidence>
                <evidence>
                    <source>Manifest</source>
                    <name>Implementation-Title</name>
                    <value>&quot;org.apache.commons.digester&quot;</value>
                </evidence>
                <evidence>
                    <source>Manifest</source>
                    <name>Implementation-Vendor</name>
                    <value>&quot;Apache Software Foundation&quot;</value>
                </evidence>
                <evidence>
                    <source>Manifest</source>
                    <name>specification-title</name>
                    <value>&quot;Jakarta Commons Digester&quot;</value>
                </evidence>
                <evidence>
                    <source>Manifest</source>
                    <name>specification-vendor</name>
                    <value>&quot;Apache Software Foundation&quot;</value>
                </evidence>
            </evidenceCollected>
        </dependency>
        <dependency>
            <fileName>chatclient.jar</fileName>
            <filePath>/home/bcraig/Documents/Thesis/Analysis/reports/quickserver/3rdParty/chatclient.jar</filePath>
            <md5>0942BFF1AE8C7FC179CF4D1C76C07AFC</md5>
            <sha1>D92C01F53E8CDA5A1FE9704F827449E752251AE0</sha1>
            <evidenceCollected>
                <evidence>
                    <source>file</source>
                    <name>name</name>
                    <value>chatclient</value>
                </evidence>
                <evidence>
                    <source>jar</source>
                    <name>package</name>
                    <value>chatserver</value>
                </evidence>
                <evidence>
                    <source>jar</source>
                    <name>package</name>
                    <value>client</value>
                </evidence>
                <evidence>
                    <source>jar</source>
                    <name>package name</name>
                    <value>chatserver</value>
                </evidence>
                <evidence>
                    <source>Manifest</source>
                    <name>library-author</name>
                    <value>Akshathkumar Shetty</value>
                </evidence>
                <evidence>
                    <source>Manifest</source>
                    <name>library-homepage</name>
                    <value>http://www.quickserver.org</value>
                </evidence>
                <evidence>
                    <source>Manifest</source>
                    <name>specification-title</name>
                    <value>QuickServer - ChatServer GUI</value>
                </evidence>
            </evidenceCollected>
        </dependency>
        <dependency>
            <fileName>xmladder.jar</fileName>
            <filePath>/home/bcraig/Documents/Thesis/Analysis/reports/quickserver/3rdParty/xmladder.jar</filePath>
            <md5>2B07E184CC29E0A48314723DFCC823F2</md5>
            <sha1>8CE1B3F9C9D4B6D56574DE43A5492A9FADB6F511</sha1>
            <evidenceCollected>
                <evidence>
                    <source>file</source>
                    <name>name</name>
                    <value>xmladder</value>
                </evidence>
                <evidence>
                    <source>jar</source>
                    <name>package</name>
                    <value>xmladder</value>
                </evidence>
            </evidenceCollected>
        </dependency>
        <dependency>
            <fileName>commons-logging.jar</fileName>
            <filePath>/home/bcraig/Documents/Thesis/Analysis/reports/quickserver/3rdParty/commons-logging.jar</filePath>
            <md5>8A507817B28077E0478ADD944C64586A</md5>
            <sha1>F029A2AEFE2B3E1517573C580F948CAAC31B1056</sha1>
            <evidenceCollected>
                <evidence>
                    <source>file</source>
                    <name>name</name>
                    <value>commons-logging</value>
                </evidence>
                <evidence>
                    <source>jar</source>
                    <name>package</name>
                    <value>apache</value>
                </evidence>
                <evidence>
                    <source>jar</source>
                    <name>package</name>
                    <value>commons</value>
                </evidence>
                <evidence>
                    <source>jar</source>
                    <name>package</name>
                    <value>impl</value>
                </evidence>
                <evidence>
                    <source>jar</source>
                    <name>package</name>
                    <value>logging</value>
                </evidence>
                <evidence>
                    <source>jar</source>
                    <name>package name</name>
                    <value>apache</value>
                </evidence>
                <evidence>
                    <source>jar</source>
                    <name>package name</name>
                    <value>commons</value>
                </evidence>
                <evidence>
                    <source>jar</source>
                    <name>package name</name>
                    <value>log</value>
                </evidence>
                <evidence>
                    <source>jar</source>
                    <name>package name</name>
                    <value>logging</value>
                </evidence>
                <evidence>
                    <source>Manifest</source>
                    <name>extension-name</name>
                    <value>org.apache.commons.logging</value>
                </evidence>
                <evidence>
                    <source>Manifest</source>
                    <name>Implementation-Vendor</name>
                    <value>Apache Software Foundation</value>
                </evidence>
                <evidence>
                    <source>Manifest</source>
                    <name>specification-vendor</name>
                    <value>Apache Software Foundation</value>
                </evidence>
            </evidenceCollected>
        </dependency>
    </dependencies>
</analysis>