<?xml version="1.0"?>
<analysis xmlns="https://www.owasp.org/index.php/OWASP_Dependency_Check">
    <projectInfo>
        <name>sandmark</name>
        <reportDate>Feb 18, 2014 3:27:13 PM</reportDate>
        <credits>This report contains data retrieved from the National Vulnerability Database: http://nvd.nist.gov</credits>
    </projectInfo>
    <dependencies>
        <dependency>
            <fileName>false.jar</fileName>
            <filePath>/home/bcraig/Documents/Thesis/Analysis/reports/sandmark/3rdParty/false.jar</filePath>
            <md5>BA4F1EDF256576127F53191590C9578E</md5>
            <sha1>4ECC20A44BA788A7E08218863A5D1100F54D6417</sha1>
            <evidenceCollected>
                <evidence>
                    <source>file</source>
                    <name>name</name>
                    <value>false</value>
                </evidence>
            </evidenceCollected>
        </dependency>
        <dependency>
            <fileName>WmarkTest_orig.jar</fileName>
            <filePath>/home/bcraig/Documents/Thesis/Analysis/reports/sandmark/3rdParty/WmarkTest_orig.jar</filePath>
            <md5>8ED50ABDC8967693036656CF2023AC4E</md5>
            <sha1>957840F2E467CE20240A12711DD5F6B4A61816B0</sha1>
            <evidenceCollected>
                <evidence>
                    <source>file</source>
                    <name>name</name>
                    <value>WmarkTest_orig</value>
                </evidence>
                <evidence>
                    <source>jar</source>
                    <name>package</name>
                    <value>errorwmark</value>
                </evidence>
            </evidenceCollected>
        </dependency>
        <dependency>
            <fileName>TestWMark.jar</fileName>
            <filePath>/home/bcraig/Documents/Thesis/Analysis/reports/sandmark/3rdParty/TestWMark.jar</filePath>
            <md5>385DF861B979FCBBA0A8FB03EE71646D</md5>
            <sha1>6914D9541E8ED3EB01D8541C89D1FA5BB993E2C2</sha1>
            <evidenceCollected>
                <evidence>
                    <source>file</source>
                    <name>name</name>
                    <value>TestWMark</value>
                </evidence>
                <evidence>
                    <source>jar</source>
                    <name>package</name>
                    <value>testmondenwmark</value>
                </evidence>
            </evidenceCollected>
        </dependency>
        <dependency>
            <fileName>TestMondenWmark_orig.jar</fileName>
            <filePath>/home/bcraig/Documents/Thesis/Analysis/reports/sandmark/3rdParty/TestMondenWmark_orig.jar</filePath>
            <md5>6620498046C902D96DA84A6C13A6C714</md5>
            <sha1>01EDC3B3B6540354A7F84A8DB0288C478D8A4DE6</sha1>
            <evidenceCollected>
                <evidence>
                    <source>file</source>
                    <name>name</name>
                    <value>TestMondenWmark_orig</value>
                </evidence>
                <evidence>
                    <source>jar</source>
                    <name>package</name>
                    <value>testmondenwmark</value>
                </evidence>
            </evidenceCollected>
        </dependency>
        <dependency>
            <fileName>WMarkTest.jar</fileName>
            <filePath>/home/bcraig/Documents/Thesis/Analysis/reports/sandmark/3rdParty/WMarkTest.jar</filePath>
            <md5>288F07125B6C95F7AD1CDC136702A76D</md5>
            <sha1>31133B026BBC209405E3F5A3A0BFB848570DC8A9</sha1>
            <evidenceCollected>
                <evidence>
                    <source>file</source>
                    <name>name</name>
                    <value>WMarkTest</value>
                </evidence>
                <evidence>
                    <source>jar</source>
                    <name>package</name>
                    <value>errorwmark</value>
                </evidence>
            </evidenceCollected>
        </dependency>
        <dependency>
            <fileName>test.jar</fileName>
            <filePath>/home/bcraig/Documents/Thesis/Analysis/reports/sandmark/3rdParty/test.jar</filePath>
            <md5>CBEEBD0F69EE535627E6AF1B1866C1BF</md5>
            <sha1>7F55CED41374314D4C4B25FAC707F11F560B6C03</sha1>
            <evidenceCollected>
                <evidence>
                    <source>file</source>
                    <name>name</name>
                    <value>test</value>
                </evidence>
                <evidence>
                    <source>jar</source>
                    <name>package</name>
                    <value>testgettoknowmethod</value>
                </evidence>
            </evidenceCollected>
        </dependency>
        <dependency>
            <fileName>TTT.jar</fileName>
            <filePath>/home/bcraig/Documents/Thesis/Analysis/reports/sandmark/3rdParty/TTT.jar</filePath>
            <md5>24926C1529BD2CB4ED28DEB3216F37A1</md5>
            <sha1>F51D2ED7E0D4F1DB1162BF0E4E743330D5231E76</sha1>
            <evidenceCollected>
                <evidence>
                    <source>file</source>
                    <name>name</name>
                    <value>TTT</value>
                </evidence>
            </evidenceCollected>
        </dependency>
        <dependency>
            <fileName>in.jar</fileName>
            <filePath>/home/bcraig/Documents/Thesis/Analysis/reports/sandmark/3rdParty/in.jar</filePath>
            <md5>50BFA50B47568CC15CE1133F44B3EFF7</md5>
            <sha1>2074AEEED91B87B26DC4F892C797A44FA6CC34AE</sha1>
            <evidenceCollected>
                <evidence>
                    <source>file</source>
                    <name>name</name>
                    <value>in</value>
                </evidence>
                <evidence>
                    <source>jar</source>
                    <name>package</name>
                    <value>program</value>
                </evidence>
            </evidenceCollected>
        </dependency>
    </dependencies>
</analysis>