<?xml version="1.0"?>
<analysis xmlns="https://www.owasp.org/index.php/OWASP_Dependency_Check">
    <projectInfo>
        <name>sunflow</name>
        <reportDate>Feb 18, 2014 3:31:26 PM</reportDate>
        <credits>This report contains data retrieved from the National Vulnerability Database: http://nvd.nist.gov</credits>
    </projectInfo>
    <dependencies>
        <dependency>
            <fileName>janino.jar</fileName>
            <filePath>/home/bcraig/Documents/Thesis/Analysis/reports/sunflow/3rdParty/janino.jar</filePath>
            <md5>E5EE479FE7DD5ABAAA171A9059584AB2</md5>
            <sha1>FEA5746904771DC6283CB93D9E0FCB191F1166A3</sha1>
            <evidenceCollected>
                <evidence>
                    <source>file</source>
                    <name>name</name>
                    <value>janino</value>
                </evidence>
                <evidence>
                    <source>jar</source>
                    <name>package</name>
                    <value>codehaus</value>
                </evidence>
                <evidence>
                    <source>jar</source>
                    <name>package</name>
                    <value>janino</value>
                </evidence>
            </evidenceCollected>
        </dependency>
    </dependencies>
</analysis>