<?xml version="1.0"?>
<analysis xmlns="https://www.owasp.org/index.php/OWASP_Dependency_Check">
    <projectInfo>
        <name>weka</name>
        <reportDate>Feb 18, 2014 3:38:49 PM</reportDate>
        <credits>This report contains data retrieved from the National Vulnerability Database: http://nvd.nist.gov</credits>
    </projectInfo>
    <dependencies>
        <dependency>
            <fileName>junit.jar</fileName>
            <filePath>/home/bcraig/Documents/Thesis/Analysis/reports/weka/3rdParty/junit.jar</filePath>
            <md5>28E7EB9EEEFE31A657C68755BFCCC541</md5>
            <sha1>07E4CDE26B53A9A0E3FE5B00D1DBBC7CC1D46060</sha1>
            <evidenceCollected>
                <evidence>
                    <source>file</source>
                    <name>name</name>
                    <value>junit</value>
                </evidence>
                <evidence>
                    <source>jar</source>
                    <name>package</name>
                    <value>junit</value>
                </evidence>
            </evidenceCollected>
        </dependency>
        <dependency>
            <fileName>java-cup.jar</fileName>
            <filePath>/home/bcraig/Documents/Thesis/Analysis/reports/weka/3rdParty/java-cup.jar</filePath>
            <md5>20D1C16D800B1848CC3107BC41812F02</md5>
            <sha1>6E97C5ABD2E76D83220F09F72DE0B89B6DE18DC1</sha1>
            <evidenceCollected>
                <evidence>
                    <source>file</source>
                    <name>name</name>
                    <value>java-cup</value>
                </evidence>
                <evidence>
                    <source>jar</source>
                    <name>package</name>
                    <value>java_cup</value>
                </evidence>
            </evidenceCollected>
        </dependency>
        <dependency>
            <fileName>packageManager.jar</fileName>
            <filePath>/home/bcraig/Documents/Thesis/Analysis/reports/weka/3rdParty/packageManager.jar</filePath>
            <md5>CFC374918C747D4AC419F7B4FDE0478F</md5>
            <sha1>4931ECC31229EE3D0E52841DB9C5DDE49530CA3D</sha1>
            <evidenceCollected>
                <evidence>
                    <source>file</source>
                    <name>name</name>
                    <value>packageManager</value>
                </evidence>
                <evidence>
                    <source>jar</source>
                    <name>package</name>
                    <value>packagemanagement</value>
                </evidence>
                <evidence>
                    <source>jar</source>
                    <name>package</name>
                    <value>pentaho</value>
                </evidence>
            </evidenceCollected>
        </dependency>
        <dependency>
            <fileName>JFlex.jar</fileName>
            <filePath>/home/bcraig/Documents/Thesis/Analysis/reports/weka/3rdParty/JFlex.jar</filePath>
            <md5>42B4F801307D83CD1ABA17DB9F924E53</md5>
            <sha1>930B282F6547DB4D92A968EDB30CB8DD69E2D01E</sha1>
            <evidenceCollected>
                <evidence>
                    <source>file</source>
                    <name>name</name>
                    <value>JFlex</value>
                </evidence>
                <evidence>
                    <source>jar</source>
                    <name>package</name>
                    <value>jflex</value>
                </evidence>
            </evidenceCollected>
        </dependency>
        <dependency>
            <fileName>packageManager-source.jar</fileName>
            <filePath>/home/bcraig/Documents/Thesis/Analysis/reports/weka/3rdParty/packageManager-source.jar</filePath>
            <md5>E0F9CBE06DED29AA5E92753BE3AFF972</md5>
            <sha1>E08680D063C0B5259DFAC40E2F7448D991672729</sha1>
            <evidenceCollected>
                <evidence>
                    <source>file</source>
                    <name>name</name>
                    <value>packageManager-source</value>
                </evidence>
            </evidenceCollected>
        </dependency>
        <dependency>
            <fileName>remoteExperimentServer.jar</fileName>
            <filePath>/home/bcraig/Documents/Thesis/Analysis/reports/weka/3rdParty/remoteExperimentServer.jar</filePath>
            <md5>E3EE240A30CF332384E30B61E56ACCAF</md5>
            <sha1>2F60C612359B796A78F338EFDD4E7E053A5CC0F6</sha1>
            <evidenceCollected>
                <evidence>
                    <source>file</source>
                    <name>name</name>
                    <value>remoteExperimentServer</value>
                </evidence>
            </evidenceCollected>
        </dependency>
    </dependencies>
</analysis>