<?xml version="1.0"?>
<analysis xmlns="https://www.owasp.org/index.php/OWASP_Dependency_Check">
    <projectInfo>
        <name>xerces</name>
        <reportDate>Feb 18, 2014 3:40:50 PM</reportDate>
        <credits>This report contains data retrieved from the National Vulnerability Database: http://nvd.nist.gov</credits>
    </projectInfo>
    <dependencies>
        <dependency>
            <fileName>serializer.jar</fileName>
            <filePath>/home/bcraig/Documents/Thesis/Analysis/reports/xerces/3rdParty/serializer.jar</filePath>
            <md5>F0FA654C1EA1186E9A5BD56E48E0D4A3</md5>
            <sha1>C8E1F1E7BF871280375B392776340E5822126E6A</sha1>
            <evidenceCollected>
                <evidence>
                    <source>file</source>
                    <name>name</name>
                    <value>serializer</value>
                </evidence>
                <evidence>
                    <source>jar</source>
                    <name>package</name>
                    <value>apache</value>
                </evidence>
                <evidence>
                    <source>jar</source>
                    <name>package</name>
                    <value>serializer</value>
                </evidence>
                <evidence>
                    <source>jar</source>
                    <name>package</name>
                    <value>xml</value>
                </evidence>
            </evidenceCollected>
        </dependency>
        <dependency>
            <fileName>xml-apis.jar</fileName>
            <filePath>/home/bcraig/Documents/Thesis/Analysis/reports/xerces/3rdParty/xml-apis.jar</filePath>
            <md5>7EAAD6FEA5925CCA6C36EE8B3E02AC9D</md5>
            <sha1>3789D9FADA2D3D458C4BA2DE349D48780F381EE3</sha1>
            <evidenceCollected>
                <evidence>
                    <source>file</source>
                    <name>name</name>
                    <value>xml-apis</value>
                </evidence>
                <evidence>
                    <source>jar</source>
                    <name>package</name>
                    <value>xml</value>
                </evidence>
            </evidenceCollected>
        </dependency>
        <dependency>
            <fileName>resolver.jar</fileName>
            <filePath>/home/bcraig/Documents/Thesis/Analysis/reports/xerces/3rdParty/resolver.jar</filePath>
            <md5>706C533146C1F4EE46B66659EA14583A</md5>
            <sha1>3D0F97750B3A03E0971831566067754BA4BFD68C</sha1>
            <evidenceCollected>
                <evidence>
                    <source>file</source>
                    <name>name</name>
                    <value>resolver</value>
                </evidence>
                <evidence>
                    <source>jar</source>
                    <name>package</name>
                    <value>apache</value>
                </evidence>
                <evidence>
                    <source>jar</source>
                    <name>package</name>
                    <value>resolver</value>
                </evidence>
                <evidence>
                    <source>jar</source>
                    <name>package</name>
                    <value>xml</value>
                </evidence>
            </evidenceCollected>
        </dependency>
    </dependencies>
</analysis>