JAR File,Vulnerable JAR File Distribution
jarbundler-2.1.0.jar,1.0
geronimo-javamail_1.3.1_spec-1.0.jar,1.0
mail-1.3.1.jar,1.0
CrystalContentModels.jar,1.0
sqlServer.jar,1.0
org.mortbay.jetty-5.1.10.jar,1.0
jsp-api.jar,1.0
PhpPlugin.jar,1.0
juddi-saaj.jar,1.0
streambuffer.jar,1.0
jasper.jar,1.0
jrcadapter.jar,1.0
servlet-api-2.5-6.0.2.jar,1.0
hdfsproxy-2.0.jar,1.0
org.eclipse.ant.ui_3.5.400.v20130514-1341.jar,1.0
log4j.jar,1.0
org.eclipse.core.commands_3.6.100.v20130515-1857.jar,1.0
xfire-all-1.0.jar,1.0
derby-10.1.2.1.jar,1.0
spring-core-3.0.2.RELEASE.jar,1.0
org.eclipse.equinox.security.ui_1.1.100.v20130327-1442.jar,1.0
svnjavahl.jar,1.0
rascore.jar,1.0
aheritrix-1.14.1.jar,1.0
org.eclipse.equinox.p2.extensionlocation_1.2.100.v20130327-2119.jar,1.0
cglib.jar,1.0
org.eclipse.equinox.simpleconfigurator.manipulator_2.0.0.v20130327-2119.jar,1.0
org.eclipse.core.variables_3.2.700.v20130402-1741.jar,1.0
test-extension-1.jar,1.0
webbeans-core.jar,1.0
tomcat-util.jar,1.0
jsf-impl.jar,2.0
org.eclipse.jdt_3.9.0.v20130605-2000.jar,1.0
postgresql-8.1-404.jdbc3.jar,1.0
log4j-snmp-appender.jar,2.0
org.eclipse.platform.doc.isv_4.3.0.v20130606-0003.jar,1.0
org.eclipse.core.resources_3.8.100.v20130521-2026.jar,1.0
jnp-client.jar,2.0
org.eclipse.pde.junit.runtime_3.4.300.v20130422-2046.jar,1.0
jaxen.jar,1.0
jboss-marshalling-1.3.15.GA.jar,1.0
bindingservice-plugin.jar,1.0
jbossmq.jar,1.0
org.eclipse.jdt.junit_3.7.200.v20130514-0733.jar,1.0
spring-core-2.5.5.jar,1.0
poi-3.5-FINAL-20090928.jar,1.0
serialization.jar,1.0
axis-1.1.jar,1.0
org.eclipse.team.cvs.ui_3.3.600.v20130514-1224.jar,1.0
CrystalReportingCommon.jar,1.0
jboss-cache-1.4.1.GA.jar,1.0
org.eclipse.help_3.6.0.v20130326-1254.jar,1.0
struts2-tiles-plugin-2.0.9.jar,1.0
axis-1.2.jar,1.0
commons-httpclient.jar,2.0
CrystalQueryEngine.jar,1.0
velocity.jar,1.0
org.eclipse.core.net_1.2.200.v20130430-1352.jar,1.0
ReportPrinter.jar,1.0
mysql-connector-java-5.1.6-bin.jar,1.0
struts2-core-2.0.9.jar,1.0
jbossweb.jar,1.0
org.eclipse.core.filesystem.win32.x86_1.4.0.v20121112-0948.jar,1.0
org.eclipse.jsch.core_1.1.400.v20111202-1616.jar,1.0
mysql-connector-java-3.1.12-bin.jar,2.0
org.eclipse.jdt.compiler.apt_1.0.600.v20130530-1010.jar,1.0
otherimages.jar,1.0
org.sat4j.core_2.3.5.v20130525.jar,1.0
org.eclipse.update.configurator_3.3.200.v20130326-1319.jar,1.0
dom4j.jar,1.0
openide-lookup.jar,1.0
acegi-security-1.0.3.jar,1.0
org.eclipse.equinox.p2.updatechecker_1.1.200.v20130327-2119.jar,1.0
org.eclipse.jdt.doc.isv_3.9.0.v20130530-1553.jar,1.0
org.eclipse.equinox.p2.console_1.0.300.v20130327-2119.jar,1.0
jaxb-api-2.1.jar,1.0
httpclient-4.0.1.jar,1.0
org.eclipse.jdt.doc.user_3.9.0.v20130604-1813.jar,1.0
jarbundler.jar,1.0
org.eclipse.compare.core_3.5.300.v20130514-1224.jar,1.0
i18nlog-1.0.9.jar,1.0
jdom-1.0.jar,1.0
spring-1.2.6.jar,1.0
bsf.jar,1.0
jsp-api-2.1.jar,1.0
jboss.jar,1.0
serializer.jar,1.0
org.eclipse.equinox.concurrent_1.1.0.v20130327-1442.jar,1.0
argo_php.jar,1.0
poi-3.6-20091214.jar,1.0
jbossall-client.jar,1.0
jetty-6.0.2.jar,1.0
org.apache.httpcomponents.httpcore_4.1.4.v201203221030.jar,1.0
org.eclipse.core.contenttype_3.4.200.v20130326-1255.jar,1.0
org.eclipse.ui.ide.application_1.0.400.v20130326-1250.jar,1.0
bsh-deployer.jar,1.0
applet.jar,2.0
org-openide-util-lookup_ja.jar,1.0
org.eclipse.ecf.provider.filetransfer.ssl_1.0.0.v20130604-1622.jar,1.0
org.eclipse.core.databinding_1.4.1.v20130515-1857.jar,1.0
derby-10.1.1.0.jar,1.0
hibernate3.jar,1.0
org.eclipse.equinox.registry_3.5.300.v20130327-1442.jar,1.0
poi-2.5.1.jar,1.0
CrystalExportingBase.jar,1.0
gt-mysql-2.7-M3.jar,1.0
joesnmp.jar,2.0
AppleJavaExtensions.jar,2.0
org.eclipse.equinox.p2.garbagecollector_1.0.200.v20130327-2119.jar,1.0
mysql-connector-java-3.0.17-ga-bin.jar,1.0
org.eclipse.debug.core_3.8.0.v20130514-0954.jar,1.0
org.eclipse.equinox.p2.core_2.3.0.v20130327-2119.jar,1.0
org.eclipse.equinox.frameworkadmin.equinox_1.0.500.v20130327-2119.jar,1.0
rasapp.jar,1.0
logkit.jar,1.0
webreporting.jar,1.0
properties-plugin.jar,2.0
org.eclipse.equinox.p2.ql_2.0.100.v20130327-2119.jar,1.0
org.eclipse.text_3.5.300.v20130515-1451.jar,1.0
poi-3.1-FINAL-20080629.jar,1.0
jaxb-api.jar,1.0
mail-1.4.jar,1.0
selenium-server.jar,1.0
org.eclipse.pde.api.tools.ui_1.0.400.v20130508-1748.jar,1.0
jbosscx-client.jar,1.0
jbossjmx-ant.jar,1.0
postgresql-8.0-312.jdbc3.jar,1.0
antlr.jar,1.0
jacorb.jar,1.0
jetty-4.2.23.jar,2.0
displaytag-export-poi-1.1.jar,1.0
gt-oracle-spatial-2.7-M3.jar,1.0
org.eclipse.pde_3.8.100.v20130605-2000.jar,1.0
twiddle.jar,2.0
org.eclipse.jface.text_3.8.100.v20130515-1957.jar,1.0
jmx-client.jar,2.0
org.eclipse.equinox.p2.metadata_2.2.0.v20130523-1557.jar,1.0
org.eclipse.e4.core.di_1.3.0.v20130514-1256.jar,1.0
bnd.jar,1.0
scheduler-plugin.jar,2.0
xercesImpl.jar,1.0
org.eclipse.ecf_3.2.0.v20130604-1622.jar,1.0
org.eclipse.e4.ui.di_1.0.0.v20130515-1857.jar,1.0
derby-plugin.jar,1.0
icu4j-49.1.jar,1.0
myfaces-api-1.1.3.jar,1.0
org.eclipse.equinox.http.registry_1.1.300.v20130402-1529.jar,1.0
org.eclipse.e4.core.di.extensions_0.11.100.v20130514-1256.jar,1.0
org.eclipse.equinox.util_1.0.500.v20130404-1337.jar,1.0
jbossws-common-jbossws-2.0.jar,1.0
org.eclipse.equinox.p2.publisher_1.3.0.v20130509-0110.jar,1.0
JRefactory.jar,1.0
svnClientAdapter-1.6.0.jar,1.0
scout.jar,1.0
org.eclipse.core.filebuffers_3.5.300.v20130225-1821.jar,1.0
mm.mysql-2.0.14.jar,1.0
bcel.jar,1.0
org.eclipse.equinox.bidi_0.10.0.v20130327-1442.jar,1.0
velocity-tools-1.3.jar,1.0
org.apache.httpcomponents.httpclient_4.1.3.v201209201135.jar,1.0
org.eclipse.ui.navigator.resources_3.4.500.v20130516-1049.jar,1.0
poi-3.0.1-FINAL-20070705.jar,1.0
org.eclipse.debug.ui_3.9.0.v20130516-1713.jar,1.0
struts-1.2.4.jar,1.0
acegi-security-1.0.1.jar,1.0
org.eclipse.ui.navigator_3.5.300.v20130517-0139.jar,1.0
commons-fileupload-1.0.jar,2.0
org.eclipse.equinox.p2.artifact.repository_1.1.200.v20130515-2028.jar,1.0
org.eclipse.swt_3.102.0.v20130605-1539.jar,1.0
jakarta-slide-webdavlib-2.1.jar,1.0
javassist.jar,1.0
mail-plugin.jar,2.0
jsf-facelets-1.1.15.B1.jar,1.0
org.eclipse.e4.core.services_1.1.0.v20130515-1343.jar,1.0
org.eclipse.equinox.p2.transport.ecf_1.1.0.v20130516-1858.jar,1.0
nexus-indexer-2.0.0-shaded.jar,1.0
org.eclipse.core.filesystem_1.4.0.v20130514-1240.jar,1.0
getopt.jar,1.0
jaxws-rt.jar,1.0
logging-monitor.jar,1.0
jboss-saaj-4.2.2.jar,1.0
org.eclipse.core.jobs_3.5.300.v20130429-1813.jar,1.0
CrystalReportEngine.jar,1.0
org.eclipse.e4.ui.css.core_0.10.100.v20130515-1857.jar,1.0
org.eclipse.ui.net_1.2.200.v20120807-0927.jar,1.0
org.mortbay.jetty.jar,1.0
poi-3.2-FINAL-20081019.jar,1.0
batik-util-1.7.jar,2.0
org.eclipse.ecf.provider.filetransfer.httpclient4_1.0.300.v20130604-1622.jar,1.0
jakarta-slide-webdavlib.jar,1.0
org.eclipse.equinox.console_1.0.100.v20130429-0953.jar,1.0
org.eclipse.cvs_1.4.0.v20130605-2000.jar,1.0
richfaces-api-3.3.0.GA.jar,1.0
el-api.jar,1.0
org.eclipse.equinox.p2.ui.sdk_1.0.300.v20130503-1750.jar,1.0
org.eclipse.equinox.common_3.6.200.v20130402-1505.jar,1.0
jboss-logging-3.1.0.GA.jar,1.0
jasper-runtime-tomcat-4.1.30.jar,1.0
jbossjta.jar,1.0
org.eclipse.e4.ui.css.swt_0.11.0.v20130515-1857.jar,1.0
jbossha-client.jar,1.0
console-mgr-classes.jar,2.0
spring-core-2.5.6.jar,2.0
commons-httpclient-3.0.jar,1.0
commons-daemon.jar,2.0
org.eclipse.equinox.p2.touchpoint.eclipse_2.1.200.v20130327-2119.jar,1.0
org.eclipse.team.core_3.7.0.v20130514-1224.jar,1.0
org.eclipse.pde.ui_3.8.0.v20130515-1659.jar,1.0
org.eclipse.core.resources.win32.x86_3.5.100.v20100505-1741.jar,1.0
org.eclipse.equinox.p2.updatesite_1.0.400.v20130515-2028.jar,1.0
mail.jar,9.0
org.eclipse.equinox.p2.engine_2.3.0.v20130526-2122.jar,1.0
jsr299-api.jar,1.0
jcommon.jar,1.0
org.eclipse.core.databinding.property_1.4.200.v20130515-1857.jar,1.0
commons-fileupload-1.2.1.jar,2.0
log4j-boot.jar,1.0
org.eclipse.equinox.p2.operations_2.3.0.v20130603-1809.jar,1.0
org.eclipse.ui.browser_3.4.100.v20130527-1656.jar,1.0
joramtests.jar,1.0
catalina.jar,1.0
jrockit-pluggable-instrumentor.jar,1.0
org.eclipse.equinox.http.jetty_3.0.100.v20130327-1442.jar,1.0
javassist-2.6.ga.jar,1.0
org.eclipse.jdt.compiler.tool_1.0.200.v20130530-1010.jar,1.0
js_mail-1.4.jar,1.0
org.eclipse.team.ui_3.7.0.v20130514-1224.jar,1.0
mysql-connector.jar,1.0
org.eclipse.e4.core.commands_0.10.2.v20130515-1857.jar,1.0
tomcat-jk2.jar,1.0
trove.jar,1.0
buildmagic-tasks.jar,1.0
jgroups-3.2.0.CR1.jar,1.0
commons-fileupload.jar,1.0
jboss-xml-binding-1.0.0.SP1.jar,1.0
shutdown.jar,2.0
org.eclipse.core.expressions_3.4.500.v20130515-1343.jar,1.0
postgresql-8.3-603.jdbc3.jar,2.0
xnio-api.jar,1.0
xdoclet-apache-module-1.2.2.jar,1.0
org-openide-util-lookup.jar,1.0
spring-core.jar,3.0
org.eclipse.search_3.9.0.v20130312-1625.jar,1.0
CrystalFormulas.jar,1.0
run.jar,2.0
exo-struts-1.1.jar,1.0
org.eclipse.pde.ua.core_1.0.300.v20130402-1757.jar,1.0
org.eclipse.equinox.p2.ui.sdk.scheduler_1.2.0.v20130603-2142.jar,1.0
tomcat-jni.jar,1.0
spring.jar,3.0
org.eclipse.equinox.p2.publisher.eclipse_1.1.200.v20130516-1953.jar,1.0
org.eclipse.rcp_4.3.0.v20130605-2000.jar,1.0
mysql-connector-java-3.1.14-bin.jar,1.0
xfire-jsr181-api-1.0-M1.jar,1.0
jsp-2.1.jar,1.0
openide-util.jar,1.0
org.eclipse.ui.forms_3.6.0.v20130517-0139.jar,1.0
org.eclipse.ui.views_3.6.100.v20130326-1250.jar,1.0
org.eclipse.pde.ui.templates_3.4.600.v20130507-2057.jar,1.0
jasper-jdt.jar,1.0
org.eclipse.osgi.services_3.3.100.v20130513-1956.jar,1.0
jarbundler-2.0.0.jar,1.0
org.eclipse.ant.core_3.2.500.v20130402-1746.jar,1.0
org.eclipse.core.databinding.beans_1.2.200.v20130515-1857.jar,1.0
bytelist.jar,1.0
mailapi_1_3_1.jar,1.0
dwr-1.1.1.jar,1.0
jbossws-spi.jar,1.0
svnClientAdapter.jar,2.0
jetty-jmx-5.1.14.jar,1.0
jbosssx.jar,1.0
org.eclipse.core.externaltools_1.0.200.v20130402-1741.jar,1.0
jboss-jaxws-jbossws-2.0.jar,1.0
sslext-1.2-0.jar,1.0
org.eclipse.ui.win32_3.2.400.v20130516-1056.jar,1.0
org.eclipse.core.net.linux.x86_1.0.0.I20080521.jar,1.0
jnr-posix.jar,1.0
pluggable-instrumentor.jar,1.0
org.eclipse.ui.ide_3.9.0.v20130517-0139.jar,1.0
bootstrap.jar,1.0
org.eclipse.equinox.p2.repository_2.3.0.v20130412-2032.jar,1.0
xalan.jar,1.0
org.eclipse.pde.ua.ui_1.0.300.v20130508-1926.jar,1.0
org.eclipse.equinox.jsp.jasper_1.0.400.v20130327-1442.jar,1.0
ejb-management.jar,1.0
poi-2.0-RC1-20031102.jar,2.0
org.eclipse.equinox.p2.reconciler.dropins_1.1.200.v20130419-1850.jar,1.0
mysql-connector-java-5.0.8-bin.jar,1.0
jsf-api-1.1.jar,1.0
geronimo-jms_1.1_spec-1.1.1.jar,1.0
svnjavahl-1.6.0.jar,1.0
tomcat-coyote.jar,1.0
webserver.jar,1.0
mailapi.jar,1.0
jbossts-common.jar,1.0
staxmapper-1.1.0.Final.jar,1.0
winp-1.14-patched.jar,1.0
servlet-api-2.5-20081211.jar,1.0
org.eclipse.e4.ui.workbench3_0.12.0.v20130515-1857.jar,1.0
jbossall-client-4.2.2.ga.jar,1.0
jboss-logging-3.1.1.GA.jar,1.0
org.eclipse.ui.trace_1.0.100.v20130508-1926.jar,1.0
org.eclipse.equinox.ds_1.4.100.v20130515-2026.jar,1.0
struts.jar,2.0
jfreechart.jar,1.0
org.eclipse.pde.ds.ui_1.0.300.v20130507-2057.jar,1.0
gt-epsg-postgresql-2.7-M3.jar,1.0
CrystalExporters.jar,1.0
org.eclipse.core.net.win32.x86_1.0.100.v20100505-1614.jar,1.0
org.eclipse.equinox.security_1.2.0.v20130424-1801.jar,1.0
org.eclipse.jdt.debug.ui_3.6.200.v20130514-0841.jar,1.0
org.eclipse.emf.ecore.edit_2.6.0.v20100914-1218.jar,1.0
org.eclipse.core.runtime.compatibility_3.2.200.v20130326-1255.jar,1.0
webreporting-jsf.jar,1.0
org.eclipse.jdt.junit.runtime_3.4.400.v20130514-0733.jar,1.0
spring-2.5.6.SEC01.jar,1.0
hsqldb-plugin.jar,1.0
servlet-api.jar,1.0
org.eclipse.ui.externaltools_3.2.200.v20130508-2007.jar,1.0
org.eclipse.jdt.apt.core_3.3.500.v20120516-0617.jar,1.0
xmlsec.jar,1.0
mysql-connector-java-5.1.5.jar,1.0
org.eclipse.osgi.util_3.2.300.v20130513-1956.jar,1.0
xmlentitymgr.jar,1.0
org.eclipse.ui.views.log_1.0.400.v20130515-2009.jar,1.0
org.eclipse.jface_3.9.0.v20130521-1714.jar,1.0
commons-fileupload-1.1.1.jar,1.0
xwork-2.0.4.jar,1.0
commons-fileupload-1.2.jar,3.0
xdoclet-jboss-module-1.2.jar,1.0
db2.jar,1.0
snmp-adaptor.jar,1.0
concurrent.jar,1.0
snmpTrapAppender.jar,1.0
jettison.jar,1.0
selenium-core-1.0-beta-2.jar,1.0
mysql-connector-java-3.1.6-bin.jar,1.0
org.eclipse.osgi_3.9.0.v20130529-1710.jar,1.0
org.eclipse.ui.workbench.texteditor_3.8.100.v20130514-1533.jar,1.0
org.eclipse.ui.editors_3.8.100.v20130513-1637.jar,1.0
jbossws-spi-4.2.2.jar,1.0
javamail-crypto-bouncycastle-openpgp.jar,1.0
org.eclipse.equinox.event_1.3.0.v20130327-1442.jar,1.0
quartz.jar,1.0
gt-arcsde-2.7-M3.jar,1.0
gt-db2-2.7-M3.jar,1.0
CrystalDatabaseConnectors.jar,1.0
svnant.jar,2.0
org.eclipse.help.webapp_3.6.200.v20130514-1258.jar,1.0
jsf-api.jar,1.0
jnpserver.jar,2.0
xstream-1.2.2.jar,1.0
org.eclipse.equinox.p2.repository.tools_2.1.0.v20130327-2119.jar,1.0
mysql-connector-java-5.1.7-bin.jar,1.0
org.eclipse.jsch.ui_1.1.400.v20111007-1310.jar,1.0
org.eclipse.jdt.apt.pluggable.core_1.0.400.v20120516-0617.jar,1.0
batik-util.jar,2.0
geronimo-spec-servlet-2.4-rc4.jar,1.0
gnu-regexp-1.1.4.jar,2.0
jakarta-poi-2.5.jar,1.0
avalon-framework.jar,1.0
org.eclipse.jdt.ui_3.9.0.v20130605-1748.jar,1.0
xstream-1.4.2.jar,2.0
org.eclipse.equinox.http.servlet_1.1.400.v20130418-1354.jar,1.0
org.eclipse.jdt.annotation_1.1.0.v20130513-1648.jar,1.0
postgreSQL.jar,1.0
js_axis-1.4patched.jar,1.0
autonumber-plugin.jar,2.0
org.eclipse.jdt.junit4.runtime_1.1.300.v20130514-0733.jar,1.0
jetty-6.1.26.jar,1.0
bsh.jar,1.0
