<?xml version="1.0"?>
<analysis xmlns="https://www.owasp.org/index.php/OWASP_Dependency_Check">
    <projectInfo>
        <name>ant</name>
        <reportDate>Feb 18, 2014 1:45:31 PM</reportDate>
        <credits>This report contains data retrieved from the National Vulnerability Database: http://nvd.nist.gov</credits>
    </projectInfo>
    <dependencies>
        <dependency>
            <fileName>ant-jsch.jar</fileName>
            <filePath>/home/bcraig/Documents/Thesis/Analysis/reports/ant/Source/ant-jsch.jar</filePath>
            <md5>1564A3F89385A0AAE939C80507CDC15E</md5>
            <sha1>83A98697334E753061E03CEB58F042D619AD59BB</sha1>
            <evidenceCollected>
                <evidence>
                    <source>file</source>
                    <name>name</name>
                    <value>ant-jsch</value>
                </evidence>
                <evidence>
                    <source>jar</source>
                    <name>package</name>
                    <value>ant</value>
                </evidence>
                <evidence>
                    <source>jar</source>
                    <name>package</name>
                    <value>apache</value>
                </evidence>
                <evidence>
                    <source>jar</source>
                    <name>package</name>
                    <value>taskdefs</value>
                </evidence>
                <evidence>
                    <source>jar</source>
                    <name>package</name>
                    <value>tools</value>
                </evidence>
            </evidenceCollected>
        </dependency>
        <dependency>
            <fileName>ant-apache-bsf.jar</fileName>
            <filePath>/home/bcraig/Documents/Thesis/Analysis/reports/ant/Source/ant-apache-bsf.jar</filePath>
            <md5>2B99E75BA32C618D98D199FF95260D8B</md5>
            <sha1>89D199CA91A215B4284611607C0EC593C92D478C</sha1>
            <evidenceCollected>
                <evidence>
                    <source>file</source>
                    <name>name</name>
                    <value>ant-apache-bsf</value>
                </evidence>
                <evidence>
                    <source>jar</source>
                    <name>package</name>
                    <value>ant</value>
                </evidence>
                <evidence>
                    <source>jar</source>
                    <name>package</name>
                    <value>apache</value>
                </evidence>
                <evidence>
                    <source>jar</source>
                    <name>package</name>
                    <value>tools</value>
                </evidence>
                <evidence>
                    <source>jar</source>
                    <name>package</name>
                    <value>util</value>
                </evidence>
            </evidenceCollected>
        </dependency>
        <dependency>
            <fileName>ant-commons-net.jar</fileName>
            <filePath>/home/bcraig/Documents/Thesis/Analysis/reports/ant/Source/ant-commons-net.jar</filePath>
            <md5>4C23513EB60D901363122F42C1AEBC6B</md5>
            <sha1>14F09954A9F199471DD70FE0EBDB07D7C94E84AE</sha1>
            <evidenceCollected>
                <evidence>
                    <source>file</source>
                    <name>name</name>
                    <value>ant-commons-net</value>
                </evidence>
                <evidence>
                    <source>jar</source>
                    <name>package</name>
                    <value>ant</value>
                </evidence>
                <evidence>
                    <source>jar</source>
                    <name>package</name>
                    <value>apache</value>
                </evidence>
                <evidence>
                    <source>jar</source>
                    <name>package</name>
                    <value>taskdefs</value>
                </evidence>
                <evidence>
                    <source>jar</source>
                    <name>package</name>
                    <value>tools</value>
                </evidence>
            </evidenceCollected>
        </dependency>
        <dependency>
            <fileName>ant-jmf.jar</fileName>
            <filePath>/home/bcraig/Documents/Thesis/Analysis/reports/ant/Source/ant-jmf.jar</filePath>
            <md5>640279B89BE81A2710D4F722DAADBB5F</md5>
            <sha1>F3CA83E440E385A8070AD21E259B7E78AAE92923</sha1>
            <evidenceCollected>
                <evidence>
                    <source>file</source>
                    <name>name</name>
                    <value>ant-jmf</value>
                </evidence>
                <evidence>
                    <source>jar</source>
                    <name>package</name>
                    <value>ant</value>
                </evidence>
                <evidence>
                    <source>jar</source>
                    <name>package</name>
                    <value>apache</value>
                </evidence>
                <evidence>
                    <source>jar</source>
                    <name>package</name>
                    <value>taskdefs</value>
                </evidence>
                <evidence>
                    <source>jar</source>
                    <name>package</name>
                    <value>tools</value>
                </evidence>
            </evidenceCollected>
        </dependency>
        <dependency>
            <fileName>ant-junit.jar</fileName>
            <filePath>/home/bcraig/Documents/Thesis/Analysis/reports/ant/Source/ant-junit.jar</filePath>
            <md5>F2F100E892408F2BBB66744455BF8611</md5>
            <sha1>AD4CCC70FD89C7441D6B87B2140455917DAB951D</sha1>
            <evidenceCollected>
                <evidence>
                    <source>file</source>
                    <name>name</name>
                    <value>ant-junit</value>
                </evidence>
                <evidence>
                    <source>jar</source>
                    <name>package</name>
                    <value>ant</value>
                </evidence>
                <evidence>
                    <source>jar</source>
                    <name>package</name>
                    <value>apache</value>
                </evidence>
                <evidence>
                    <source>jar</source>
                    <name>package</name>
                    <value>taskdefs</value>
                </evidence>
                <evidence>
                    <source>jar</source>
                    <name>package</name>
                    <value>tools</value>
                </evidence>
            </evidenceCollected>
        </dependency>
        <dependency>
            <fileName>ant-antlr.jar</fileName>
            <filePath>/home/bcraig/Documents/Thesis/Analysis/reports/ant/Source/ant-antlr.jar</filePath>
            <md5>B28404C0AFCA7FB69129012271CAB8D6</md5>
            <sha1>DF3AC8FFC16E800A3EFDC42E90620B76D763B5AF</sha1>
            <evidenceCollected>
                <evidence>
                    <source>file</source>
                    <name>name</name>
                    <value>ant-antlr</value>
                </evidence>
                <evidence>
                    <source>jar</source>
                    <name>package</name>
                    <value>ant</value>
                </evidence>
                <evidence>
                    <source>jar</source>
                    <name>package</name>
                    <value>apache</value>
                </evidence>
                <evidence>
                    <source>jar</source>
                    <name>package</name>
                    <value>taskdefs</value>
                </evidence>
                <evidence>
                    <source>jar</source>
                    <name>package</name>
                    <value>tools</value>
                </evidence>
            </evidenceCollected>
        </dependency>
        <dependency>
            <fileName>ant-launcher.jar</fileName>
            <filePath>/home/bcraig/Documents/Thesis/Analysis/reports/ant/Source/ant-launcher.jar</filePath>
            <md5>77EE843CB323C5CE1A244A16438EA9DA</md5>
            <sha1>22F1E0C32A2BFC8EDD45520DB176BAC98CEBBBFE</sha1>
            <evidenceCollected>
                <evidence>
                    <source>file</source>
                    <name>name</name>
                    <value>ant-launcher</value>
                </evidence>
                <evidence>
                    <source>jar</source>
                    <name>package</name>
                    <value>ant</value>
                </evidence>
                <evidence>
                    <source>jar</source>
                    <name>package</name>
                    <value>apache</value>
                </evidence>
                <evidence>
                    <source>jar</source>
                    <name>package</name>
                    <value>launch</value>
                </evidence>
                <evidence>
                    <source>jar</source>
                    <name>package</name>
                    <value>tools</value>
                </evidence>
            </evidenceCollected>
        </dependency>
        <dependency>
            <fileName>ant-apache-bcel.jar</fileName>
            <filePath>/home/bcraig/Documents/Thesis/Analysis/reports/ant/Source/ant-apache-bcel.jar</filePath>
            <md5>BAC3C92257363433E2F30286B0056ED0</md5>
            <sha1>3448066ED8BC3D1A8D7E4BF1163D477DAB40A0F7</sha1>
            <evidenceCollected>
                <evidence>
                    <source>file</source>
                    <name>name</name>
                    <value>ant-apache-bcel</value>
                </evidence>
                <evidence>
                    <source>jar</source>
                    <name>package</name>
                    <value>ant</value>
                </evidence>
                <evidence>
                    <source>jar</source>
                    <name>package</name>
                    <value>apache</value>
                </evidence>
                <evidence>
                    <source>jar</source>
                    <name>package</name>
                    <value>tools</value>
                </evidence>
                <evidence>
                    <source>jar</source>
                    <name>package</name>
                    <value>util</value>
                </evidence>
            </evidenceCollected>
        </dependency>
        <dependency>
            <fileName>ant-apache-xalan2.jar</fileName>
            <filePath>/home/bcraig/Documents/Thesis/Analysis/reports/ant/Source/ant-apache-xalan2.jar</filePath>
            <md5>4B068FFBA58B4A47AFB1F847A9F55B75</md5>
            <sha1>D502D605A7F1C9A66DDB3B81E55C8F014E700F2D</sha1>
            <evidenceCollected>
                <evidence>
                    <source>file</source>
                    <name>name</name>
                    <value>ant-apache-xalan2</value>
                </evidence>
                <evidence>
                    <source>jar</source>
                    <name>package</name>
                    <value>ant</value>
                </evidence>
                <evidence>
                    <source>jar</source>
                    <name>package</name>
                    <value>apache</value>
                </evidence>
                <evidence>
                    <source>jar</source>
                    <name>package</name>
                    <value>taskdefs</value>
                </evidence>
                <evidence>
                    <source>jar</source>
                    <name>package</name>
                    <value>tools</value>
                </evidence>
            </evidenceCollected>
        </dependency>
        <dependency>
            <fileName>ant-junit4.jar</fileName>
            <filePath>/home/bcraig/Documents/Thesis/Analysis/reports/ant/Source/ant-junit4.jar</filePath>
            <md5>330467C8C66F4D287BB7039E5E38A362</md5>
            <sha1>DA0D344813E18C9A0B3DA1F6A060756460E8E817</sha1>
            <evidenceCollected>
                <evidence>
                    <source>file</source>
                    <name>name</name>
                    <value>ant-junit4</value>
                </evidence>
                <evidence>
                    <source>jar</source>
                    <name>package</name>
                    <value>ant</value>
                </evidence>
                <evidence>
                    <source>jar</source>
                    <name>package</name>
                    <value>apache</value>
                </evidence>
                <evidence>
                    <source>jar</source>
                    <name>package</name>
                    <value>taskdefs</value>
                </evidence>
                <evidence>
                    <source>jar</source>
                    <name>package</name>
                    <value>tools</value>
                </evidence>
            </evidenceCollected>
        </dependency>
        <dependency>
            <fileName>ant-javamail.jar</fileName>
            <filePath>/home/bcraig/Documents/Thesis/Analysis/reports/ant/Source/ant-javamail.jar</filePath>
            <md5>0561880A7FA3E66734487ECA7E648D9D</md5>
            <sha1>1A11486A2FFD2A8328B58205595F4EEFEDF489D3</sha1>
            <evidenceCollected>
                <evidence>
                    <source>file</source>
                    <name>name</name>
                    <value>ant-javamail</value>
                </evidence>
                <evidence>
                    <source>jar</source>
                    <name>package</name>
                    <value>ant</value>
                </evidence>
                <evidence>
                    <source>jar</source>
                    <name>package</name>
                    <value>apache</value>
                </evidence>
                <evidence>
                    <source>jar</source>
                    <name>package</name>
                    <value>taskdefs</value>
                </evidence>
                <evidence>
                    <source>jar</source>
                    <name>package</name>
                    <value>tools</value>
                </evidence>
            </evidenceCollected>
        </dependency>
        <dependency>
            <fileName>ant.jar</fileName>
            <filePath>/home/bcraig/Documents/Thesis/Analysis/reports/ant/Source/ant.jar</filePath>
            <md5>067D9414EBE343FD1B229CFE9C928A84</md5>
            <sha1>8ACFF3FB57E74BC062D4675D9DCFAFFA0D524972</sha1>
            <evidenceCollected>
                <evidence>
                    <source>file</source>
                    <name>name</name>
                    <value>ant</value>
                </evidence>
                <evidence>
                    <source>jar</source>
                    <name>package</name>
                    <value>ant</value>
                </evidence>
                <evidence>
                    <source>jar</source>
                    <name>package</name>
                    <value>apache</value>
                </evidence>
                <evidence>
                    <source>jar</source>
                    <name>package</name>
                    <value>tools</value>
                </evidence>
            </evidenceCollected>
        </dependency>
        <dependency>
            <fileName>ant-commons-logging.jar</fileName>
            <filePath>/home/bcraig/Documents/Thesis/Analysis/reports/ant/Source/ant-commons-logging.jar</filePath>
            <md5>1D978BF3C42879BB22B8144FDD06325C</md5>
            <sha1>33399D9E829453D0A20A1CD92676C89974CDCECC</sha1>
            <evidenceCollected>
                <evidence>
                    <source>file</source>
                    <name>name</name>
                    <value>ant-commons-logging</value>
                </evidence>
                <evidence>
                    <source>jar</source>
                    <name>package</name>
                    <value>ant</value>
                </evidence>
                <evidence>
                    <source>jar</source>
                    <name>package</name>
                    <value>apache</value>
                </evidence>
                <evidence>
                    <source>jar</source>
                    <name>package</name>
                    <value>listener</value>
                </evidence>
                <evidence>
                    <source>jar</source>
                    <name>package</name>
                    <value>tools</value>
                </evidence>
            </evidenceCollected>
        </dependency>
        <dependency>
            <fileName>ant-jai.jar</fileName>
            <filePath>/home/bcraig/Documents/Thesis/Analysis/reports/ant/Source/ant-jai.jar</filePath>
            <md5>3385010DD4CD61F294823898613523B3</md5>
            <sha1>879515FCA79FD601F87FFD5A947339A00DF50821</sha1>
            <evidenceCollected>
                <evidence>
                    <source>file</source>
                    <name>name</name>
                    <value>ant-jai</value>
                </evidence>
                <evidence>
                    <source>jar</source>
                    <name>package</name>
                    <value>ant</value>
                </evidence>
                <evidence>
                    <source>jar</source>
                    <name>package</name>
                    <value>apache</value>
                </evidence>
                <evidence>
                    <source>jar</source>
                    <name>package</name>
                    <value>tools</value>
                </evidence>
                <evidence>
                    <source>jar</source>
                    <name>package</name>
                    <value>types</value>
                </evidence>
            </evidenceCollected>
        </dependency>
        <dependency>
            <fileName>ant-apache-log4j.jar</fileName>
            <filePath>/home/bcraig/Documents/Thesis/Analysis/reports/ant/Source/ant-apache-log4j.jar</filePath>
            <md5>B266293BA0DF92D114CDAE9365FC9289</md5>
            <sha1>FD483D68A5FAA4F240DFC06A2F26F94BF4990833</sha1>
            <evidenceCollected>
                <evidence>
                    <source>file</source>
                    <name>name</name>
                    <value>ant-apache-log4j</value>
                </evidence>
                <evidence>
                    <source>jar</source>
                    <name>package</name>
                    <value>ant</value>
                </evidence>
                <evidence>
                    <source>jar</source>
                    <name>package</name>
                    <value>apache</value>
                </evidence>
                <evidence>
                    <source>jar</source>
                    <name>package</name>
                    <value>listener</value>
                </evidence>
                <evidence>
                    <source>jar</source>
                    <name>package</name>
                    <value>tools</value>
                </evidence>
            </evidenceCollected>
        </dependency>
        <dependency>
            <fileName>ant-testutil.jar</fileName>
            <filePath>/home/bcraig/Documents/Thesis/Analysis/reports/ant/Source/ant-testutil.jar</filePath>
            <md5>910CEF9EC09ECEEC7CBF9EF8DA06FA82</md5>
            <sha1>7616D6120E54459C4B049AF188FE1D867A21419F</sha1>
            <evidenceCollected>
                <evidence>
                    <source>file</source>
                    <name>name</name>
                    <value>ant-testutil</value>
                </evidence>
                <evidence>
                    <source>jar</source>
                    <name>package</name>
                    <value>ant</value>
                </evidence>
                <evidence>
                    <source>jar</source>
                    <name>package</name>
                    <value>apache</value>
                </evidence>
                <evidence>
                    <source>jar</source>
                    <name>package</name>
                    <value>tools</value>
                </evidence>
            </evidenceCollected>
        </dependency>
        <dependency>
            <fileName>ant-jdepend.jar</fileName>
            <filePath>/home/bcraig/Documents/Thesis/Analysis/reports/ant/Source/ant-jdepend.jar</filePath>
            <md5>4473F52E783B82596DCE35CD8A760707</md5>
            <sha1>13EF3E6E48533CE81940DDAE3912F70C8E5E8CBB</sha1>
            <evidenceCollected>
                <evidence>
                    <source>file</source>
                    <name>name</name>
                    <value>ant-jdepend</value>
                </evidence>
                <evidence>
                    <source>jar</source>
                    <name>package</name>
                    <value>ant</value>
                </evidence>
                <evidence>
                    <source>jar</source>
                    <name>package</name>
                    <value>apache</value>
                </evidence>
                <evidence>
                    <source>jar</source>
                    <name>package</name>
                    <value>taskdefs</value>
                </evidence>
                <evidence>
                    <source>jar</source>
                    <name>package</name>
                    <value>tools</value>
                </evidence>
            </evidenceCollected>
        </dependency>
        <dependency>
            <fileName>ant-apache-oro.jar</fileName>
            <filePath>/home/bcraig/Documents/Thesis/Analysis/reports/ant/Source/ant-apache-oro.jar</filePath>
            <md5>3DEEFADFE23B44E389C1BA058E75C3DF</md5>
            <sha1>DBE25DFBC4F6672B8B4F040D6AED6A1D2EDF9C4D</sha1>
            <evidenceCollected>
                <evidence>
                    <source>file</source>
                    <name>name</name>
                    <value>ant-apache-oro</value>
                </evidence>
                <evidence>
                    <source>jar</source>
                    <name>package</name>
                    <value>ant</value>
                </evidence>
                <evidence>
                    <source>jar</source>
                    <name>package</name>
                    <value>apache</value>
                </evidence>
                <evidence>
                    <source>jar</source>
                    <name>package</name>
                    <value>taskdefs</value>
                </evidence>
                <evidence>
                    <source>jar</source>
                    <name>package</name>
                    <value>tools</value>
                </evidence>
            </evidenceCollected>
        </dependency>
        <dependency>
            <fileName>ant-bootstrap.jar</fileName>
            <filePath>/home/bcraig/Documents/Thesis/Analysis/reports/ant/Source/ant-bootstrap.jar</filePath>
            <md5>AC8EE9015B1EEC7C6B845895A6D91D10</md5>
            <sha1>F08FADC058B0D0C65386B1BDB826DADFCB1CD2F2</sha1>
            <evidenceCollected>
                <evidence>
                    <source>file</source>
                    <name>name</name>
                    <value>ant-bootstrap</value>
                </evidence>
                <evidence>
                    <source>jar</source>
                    <name>package</name>
                    <value>ant</value>
                </evidence>
                <evidence>
                    <source>jar</source>
                    <name>package</name>
                    <value>apache</value>
                </evidence>
                <evidence>
                    <source>jar</source>
                    <name>package</name>
                    <value>main</value>
                </evidence>
                <evidence>
                    <source>jar</source>
                    <name>package</name>
                    <value>tools</value>
                </evidence>
            </evidenceCollected>
        </dependency>
        <dependency>
            <fileName>ant-swing.jar</fileName>
            <filePath>/home/bcraig/Documents/Thesis/Analysis/reports/ant/Source/ant-swing.jar</filePath>
            <md5>EECFC7B1A09D81A07EDB07E9DD9E6756</md5>
            <sha1>266E495B8BB03D6F1D3E2AA020FFA949DF39FC44</sha1>
            <evidenceCollected>
                <evidence>
                    <source>file</source>
                    <name>name</name>
                    <value>ant-swing</value>
                </evidence>
                <evidence>
                    <source>jar</source>
                    <name>package</name>
                    <value>ant</value>
                </evidence>
                <evidence>
                    <source>jar</source>
                    <name>package</name>
                    <value>apache</value>
                </evidence>
                <evidence>
                    <source>jar</source>
                    <name>package</name>
                    <value>taskdefs</value>
                </evidence>
                <evidence>
                    <source>jar</source>
                    <name>package</name>
                    <value>tools</value>
                </evidence>
            </evidenceCollected>
        </dependency>
        <dependency>
            <fileName>ant-netrexx.jar</fileName>
            <filePath>/home/bcraig/Documents/Thesis/Analysis/reports/ant/Source/ant-netrexx.jar</filePath>
            <md5>77861EEDDB674FD7CCB740AC7EA58A2E</md5>
            <sha1>C51FA0FE7841E49A8A8E808D7E0981AE909D08CE</sha1>
            <evidenceCollected>
                <evidence>
                    <source>file</source>
                    <name>name</name>
                    <value>ant-netrexx</value>
                </evidence>
                <evidence>
                    <source>jar</source>
                    <name>package</name>
                    <value>ant</value>
                </evidence>
                <evidence>
                    <source>jar</source>
                    <name>package</name>
                    <value>apache</value>
                </evidence>
                <evidence>
                    <source>jar</source>
                    <name>package</name>
                    <value>taskdefs</value>
                </evidence>
                <evidence>
                    <source>jar</source>
                    <name>package</name>
                    <value>tools</value>
                </evidence>
            </evidenceCollected>
        </dependency>
        <dependency>
            <fileName>ant-apache-resolver.jar</fileName>
            <filePath>/home/bcraig/Documents/Thesis/Analysis/reports/ant/Source/ant-apache-resolver.jar</filePath>
            <md5>991AEEC1D8EB00C0785A00D31B4A5D23</md5>
            <sha1>FDFFA5084387BEEE50F2185F947CD63CB1E42478</sha1>
            <evidenceCollected>
                <evidence>
                    <source>file</source>
                    <name>name</name>
                    <value>ant-apache-resolver</value>
                </evidence>
                <evidence>
                    <source>jar</source>
                    <name>package</name>
                    <value>ant</value>
                </evidence>
                <evidence>
                    <source>jar</source>
                    <name>package</name>
                    <value>apache</value>
                </evidence>
                <evidence>
                    <source>jar</source>
                    <name>package</name>
                    <value>tools</value>
                </evidence>
                <evidence>
                    <source>jar</source>
                    <name>package</name>
                    <value>types</value>
                </evidence>
            </evidenceCollected>
        </dependency>
        <dependency>
            <fileName>ant-apache-regexp.jar</fileName>
            <filePath>/home/bcraig/Documents/Thesis/Analysis/reports/ant/Source/ant-apache-regexp.jar</filePath>
            <md5>3B4937EFC5C55000323CEE78F47823CF</md5>
            <sha1>C2C9D48BBD63E5E44932904E7BCC66FA0E836D8C</sha1>
            <evidenceCollected>
                <evidence>
                    <source>file</source>
                    <name>name</name>
                    <value>ant-apache-regexp</value>
                </evidence>
                <evidence>
                    <source>jar</source>
                    <name>package</name>
                    <value>ant</value>
                </evidence>
                <evidence>
                    <source>jar</source>
                    <name>package</name>
                    <value>apache</value>
                </evidence>
                <evidence>
                    <source>jar</source>
                    <name>package</name>
                    <value>tools</value>
                </evidence>
                <evidence>
                    <source>jar</source>
                    <name>package</name>
                    <value>util</value>
                </evidence>
            </evidenceCollected>
        </dependency>
    </dependencies>
</analysis>