<?xml version="1.0"?>
<analysis xmlns="https://www.owasp.org/index.php/OWASP_Dependency_Check">
    <projectInfo>
        <name>argouml</name>
        <reportDate>Feb 18, 2014 1:48:36 PM</reportDate>
        <credits>This report contains data retrieved from the National Vulnerability Database: http://nvd.nist.gov</credits>
    </projectInfo>
    <dependencies>
        <dependency>
            <fileName>argouml-csharp.jar</fileName>
            <filePath>/home/bcraig/Documents/Thesis/Analysis/reports/argouml/Source/argouml-csharp.jar</filePath>
            <md5>E60164AA13907887D98B5FCB03AB8DF3</md5>
            <sha1>1C356A1B9081E0F925BCE3AC97096A643081ABFC</sha1>
            <evidenceCollected>
                <evidence>
                    <source>file</source>
                    <name>name</name>
                    <value>argouml-csharp</value>
                </evidence>
                <evidence>
                    <source>jar</source>
                    <name>package</name>
                    <value>argouml</value>
                </evidence>
                <evidence>
                    <source>jar</source>
                    <name>package</name>
                    <value>csharp</value>
                </evidence>
                <evidence>
                    <source>jar</source>
                    <name>package</name>
                    <value>importer</value>
                </evidence>
                <evidence>
                    <source>jar</source>
                    <name>package</name>
                    <value>language</value>
                </evidence>
            </evidenceCollected>
        </dependency>
        <dependency>
            <fileName>argouml-i18n-fr.jar</fileName>
            <filePath>/home/bcraig/Documents/Thesis/Analysis/reports/argouml/Source/argouml-i18n-fr.jar</filePath>
            <md5>D987C889352C2D84CA921F9908705A1D</md5>
            <sha1>5A5C1E9C20F67BA8E522EC1F5A48C2622D7F5FBE</sha1>
            <evidenceCollected>
                <evidence>
                    <source>file</source>
                    <name>name</name>
                    <value>18</value>
                </evidence>
                <evidence>
                    <source>file</source>
                    <name>name</name>
                    <value>argouml-i18n-fr</value>
                </evidence>
                <evidence>
                    <source>file</source>
                    <name>name</name>
                    <value>argouml-i18n-fr</value>
                </evidence>
            </evidenceCollected>
            <identifiers>
                <identifier type="cpe">
                    <name>(cpe:/a:nfr:nfr:-)</name>
                </identifier>
            </identifiers>
        </dependency>
        <dependency>
            <fileName>argouml-model.jar</fileName>
            <filePath>/home/bcraig/Documents/Thesis/Analysis/reports/argouml/Source/argouml-model.jar</filePath>
            <md5>331489AE248F14287C543070068347A5</md5>
            <sha1>94C5C25334FC2D85C8AE1533633D2966E06D4EDD</sha1>
            <evidenceCollected>
                <evidence>
                    <source>file</source>
                    <name>name</name>
                    <value>argouml-model</value>
                </evidence>
                <evidence>
                    <source>jar</source>
                    <name>package</name>
                    <value>argouml</value>
                </evidence>
                <evidence>
                    <source>jar</source>
                    <name>package</name>
                    <value>model</value>
                </evidence>
            </evidenceCollected>
        </dependency>
        <dependency>
            <fileName>argouml-sql.jar</fileName>
            <filePath>/home/bcraig/Documents/Thesis/Analysis/reports/argouml/Source/argouml-sql.jar</filePath>
            <md5>71F8432003A8F76803779DA8D93D7F92</md5>
            <sha1>AD87927C4B699D7DDC9ED3E877DF3AA0FFB8CB6F</sha1>
            <evidenceCollected>
                <evidence>
                    <source>file</source>
                    <name>name</name>
                    <value>argouml-sql</value>
                </evidence>
                <evidence>
                    <source>jar</source>
                    <name>package</name>
                    <value>argouml</value>
                </evidence>
                <evidence>
                    <source>jar</source>
                    <name>package</name>
                    <value>language</value>
                </evidence>
                <evidence>
                    <source>jar</source>
                    <name>package</name>
                    <value>sql</value>
                </evidence>
            </evidenceCollected>
        </dependency>
        <dependency>
            <fileName>argouml-i18n-pt.jar</fileName>
            <filePath>/home/bcraig/Documents/Thesis/Analysis/reports/argouml/Source/argouml-i18n-pt.jar</filePath>
            <md5>C53855199523AC2A1EA5A14B62DFA00B</md5>
            <sha1>085BD97C060959E5E6507E52EA696FD2A339D909</sha1>
            <evidenceCollected>
                <evidence>
                    <source>file</source>
                    <name>name</name>
                    <value>argouml-i18n-pt</value>
                </evidence>
            </evidenceCollected>
        </dependency>
        <dependency>
            <fileName>argouml-i18n-nb.jar</fileName>
            <filePath>/home/bcraig/Documents/Thesis/Analysis/reports/argouml/Source/argouml-i18n-nb.jar</filePath>
            <md5>4C3DE19DB1F3E0D55BE66EA5EC5C2424</md5>
            <sha1>E3CDF22B54911458D47E05C1168E04745C13B079</sha1>
            <evidenceCollected>
                <evidence>
                    <source>file</source>
                    <name>name</name>
                    <value>argouml-i18n-nb</value>
                </evidence>
            </evidenceCollected>
        </dependency>
        <dependency>
            <fileName>argouml-diagrams-deployment.jar</fileName>
            <filePath>/home/bcraig/Documents/Thesis/Analysis/reports/argouml/Source/argouml-diagrams-deployment.jar</filePath>
            <md5>A5C3BB075EC1E75179C2E24F7296256A</md5>
            <sha1>B6EC2B9EA1C92FC53467BD7E5552269E2B272657</sha1>
            <evidenceCollected>
                <evidence>
                    <source>file</source>
                    <name>name</name>
                    <value>argouml-diagrams-deployment</value>
                </evidence>
                <evidence>
                    <source>jar</source>
                    <name>package</name>
                    <value>argouml</value>
                </evidence>
                <evidence>
                    <source>jar</source>
                    <name>package</name>
                    <value>deployment2</value>
                </evidence>
                <evidence>
                    <source>jar</source>
                    <name>package</name>
                    <value>diagram</value>
                </evidence>
            </evidenceCollected>
        </dependency>
        <dependency>
            <fileName>argouml-mdr.jar</fileName>
            <filePath>/home/bcraig/Documents/Thesis/Analysis/reports/argouml/Source/argouml-mdr.jar</filePath>
            <md5>E261D72D53E7EC5713299B0120E5B7DA</md5>
            <sha1>1FE8E0E689A885668036D94A190D0843C0A44568</sha1>
            <evidenceCollected>
                <evidence>
                    <source>file</source>
                    <name>name</name>
                    <value>argouml-mdr</value>
                </evidence>
                <evidence>
                    <source>jar</source>
                    <name>package</name>
                    <value>argouml</value>
                </evidence>
                <evidence>
                    <source>jar</source>
                    <name>package</name>
                    <value>mdr</value>
                </evidence>
                <evidence>
                    <source>jar</source>
                    <name>package</name>
                    <value>model</value>
                </evidence>
            </evidenceCollected>
        </dependency>
        <dependency>
            <fileName>argouml-i18n-it.jar</fileName>
            <filePath>/home/bcraig/Documents/Thesis/Analysis/reports/argouml/Source/argouml-i18n-it.jar</filePath>
            <md5>C6DF095E5524468706042EAB42C1B051</md5>
            <sha1>4ECA3A1C7750E4180A401460558B7B51245358ED</sha1>
            <evidenceCollected>
                <evidence>
                    <source>file</source>
                    <name>name</name>
                    <value>argouml-i18n-it</value>
                </evidence>
            </evidenceCollected>
        </dependency>
        <dependency>
            <fileName>argouml.jar</fileName>
            <filePath>/home/bcraig/Documents/Thesis/Analysis/reports/argouml/Source/argouml.jar</filePath>
            <md5>54D76C650F3B1136E3A7573943F0AC69</md5>
            <sha1>2201FF77EA2FB5465D451080643B9C40A6E232D9</sha1>
            <evidenceCollected>
                <evidence>
                    <source>file</source>
                    <name>name</name>
                    <value>argouml</value>
                </evidence>
                <evidence>
                    <source>jar</source>
                    <name>package</name>
                    <value>argouml</value>
                </evidence>
                <evidence>
                    <source>jar</source>
                    <name>package</name>
                    <value>ui</value>
                </evidence>
                <evidence>
                    <source>jar</source>
                    <name>package</name>
                    <value>uml</value>
                </evidence>
            </evidenceCollected>
        </dependency>
        <dependency>
            <fileName>argouml-i18n-zh.jar</fileName>
            <filePath>/home/bcraig/Documents/Thesis/Analysis/reports/argouml/Source/argouml-i18n-zh.jar</filePath>
            <md5>AE03323679602DAB97378F176B3EF916</md5>
            <sha1>A4A1A22C5A9C86ABBAF3A80366E63521D679CD3A</sha1>
            <evidenceCollected>
                <evidence>
                    <source>file</source>
                    <name>name</name>
                    <value>argouml-i18n-zh</value>
                </evidence>
            </evidenceCollected>
        </dependency>
        <dependency>
            <fileName>argouml-i18n-es.jar</fileName>
            <filePath>/home/bcraig/Documents/Thesis/Analysis/reports/argouml/Source/argouml-i18n-es.jar</filePath>
            <md5>A7DCF1530BD2C9190C52CFB97031D6AF</md5>
            <sha1>DEA9FCFA6D93730C05FC5A40158AC2ADBF67C026</sha1>
            <evidenceCollected>
                <evidence>
                    <source>file</source>
                    <name>name</name>
                    <value>argouml-i18n-es</value>
                </evidence>
            </evidenceCollected>
        </dependency>
        <dependency>
            <fileName>argouml-i18n-en_GB.jar</fileName>
            <filePath>/home/bcraig/Documents/Thesis/Analysis/reports/argouml/Source/argouml-i18n-en_GB.jar</filePath>
            <md5>CF24441FB02F309B8BD52838C8185EC7</md5>
            <sha1>B5E6935295962DA18FD308A4D08A78CA2F296DCF</sha1>
            <evidenceCollected>
                <evidence>
                    <source>file</source>
                    <name>name</name>
                    <value>argouml-i18n-en_GB</value>
                </evidence>
            </evidenceCollected>
        </dependency>
        <dependency>
            <fileName>argouml-i18n-ru.jar</fileName>
            <filePath>/home/bcraig/Documents/Thesis/Analysis/reports/argouml/Source/argouml-i18n-ru.jar</filePath>
            <md5>B70AE9876B62D4AEAC4A6AB8FA1E815D</md5>
            <sha1>FF2CD725C33B9852BD6E048D0A66EA74C78334C5</sha1>
            <evidenceCollected>
                <evidence>
                    <source>file</source>
                    <name>name</name>
                    <value>argouml-i18n-ru</value>
                </evidence>
            </evidenceCollected>
        </dependency>
        <dependency>
            <fileName>argouml-i18n-de.jar</fileName>
            <filePath>/home/bcraig/Documents/Thesis/Analysis/reports/argouml/Source/argouml-i18n-de.jar</filePath>
            <md5>C315C2F911BB0160C35B96512CB4A583</md5>
            <sha1>AA524548D8D04FA36B87F60A9BEF04507BBB0503</sha1>
            <evidenceCollected>
                <evidence>
                    <source>file</source>
                    <name>name</name>
                    <value>argouml-i18n-de</value>
                </evidence>
            </evidenceCollected>
        </dependency>
        <dependency>
            <fileName>argouml-umlpropertypanels.jar</fileName>
            <filePath>/home/bcraig/Documents/Thesis/Analysis/reports/argouml/Source/argouml-umlpropertypanels.jar</filePath>
            <md5>4C396B9DA47365F7891CFE8DBBCC7EE0</md5>
            <sha1>66EEF19483828CE407869FF13A7EF35EB5DED147</sha1>
            <evidenceCollected>
                <evidence>
                    <source>file</source>
                    <name>name</name>
                    <value>argouml-umlpropertypanels</value>
                </evidence>
                <evidence>
                    <source>jar</source>
                    <name>package</name>
                    <value>argouml</value>
                </evidence>
                <evidence>
                    <source>jar</source>
                    <name>package</name>
                    <value>core</value>
                </evidence>
                <evidence>
                    <source>jar</source>
                    <name>package</name>
                    <value>propertypanels</value>
                </evidence>
                <evidence>
                    <source>jar</source>
                    <name>package</name>
                    <value>ui</value>
                </evidence>
            </evidenceCollected>
        </dependency>
        <dependency>
            <fileName>argouml-euml.jar</fileName>
            <filePath>/home/bcraig/Documents/Thesis/Analysis/reports/argouml/Source/argouml-euml.jar</filePath>
            <md5>3D64D81454A5EFCBFB5783289306E018</md5>
            <sha1>F7112F0957AA97125340C7B6ABF104AA777950FE</sha1>
            <evidenceCollected>
                <evidence>
                    <source>file</source>
                    <name>name</name>
                    <value>argouml-euml</value>
                </evidence>
                <evidence>
                    <source>jar</source>
                    <name>package</name>
                    <value>argouml</value>
                </evidence>
                <evidence>
                    <source>jar</source>
                    <name>package</name>
                    <value>euml</value>
                </evidence>
                <evidence>
                    <source>jar</source>
                    <name>package</name>
                    <value>model</value>
                </evidence>
            </evidenceCollected>
        </dependency>
        <dependency>
            <fileName>argouml-diagrams-activity.jar</fileName>
            <filePath>/home/bcraig/Documents/Thesis/Analysis/reports/argouml/Source/argouml-diagrams-activity.jar</filePath>
            <md5>6D3DEABAC0689A3EDDD7E942D93E8497</md5>
            <sha1>39F15B924C7B90B4ADE5C4A2B515CB11CC02EBDD</sha1>
            <evidenceCollected>
                <evidence>
                    <source>file</source>
                    <name>name</name>
                    <value>argouml-diagrams-activity</value>
                </evidence>
                <evidence>
                    <source>jar</source>
                    <name>package</name>
                    <value>activity2</value>
                </evidence>
                <evidence>
                    <source>jar</source>
                    <name>package</name>
                    <value>argouml</value>
                </evidence>
                <evidence>
                    <source>jar</source>
                    <name>package</name>
                    <value>diagram</value>
                </evidence>
            </evidenceCollected>
        </dependency>
        <dependency>
            <fileName>argouml-i18n-pt_BR.jar</fileName>
            <filePath>/home/bcraig/Documents/Thesis/Analysis/reports/argouml/Source/argouml-i18n-pt_BR.jar</filePath>
            <md5>84964B7F15C57FCDEB5B716D0F13A14F</md5>
            <sha1>3AA234A0F4CB9F3002C2C63DAAD33FCE914C0AEB</sha1>
            <evidenceCollected>
                <evidence>
                    <source>file</source>
                    <name>name</name>
                    <value>argouml-i18n-pt_BR</value>
                </evidence>
            </evidenceCollected>
        </dependency>
        <dependency>
            <fileName>argouml-notation.jar</fileName>
            <filePath>/home/bcraig/Documents/Thesis/Analysis/reports/argouml/Source/argouml-notation.jar</filePath>
            <md5>8D96679D88C6FE54256D25909C5412F1</md5>
            <sha1>8924E22A56728E361D0A3C0957B519249C8C4F9B</sha1>
            <evidenceCollected>
                <evidence>
                    <source>file</source>
                    <name>name</name>
                    <value>argouml-notation</value>
                </evidence>
                <evidence>
                    <source>jar</source>
                    <name>package</name>
                    <value>argouml</value>
                </evidence>
                <evidence>
                    <source>jar</source>
                    <name>package</name>
                    <value>notation2</value>
                </evidence>
            </evidenceCollected>
        </dependency>
        <dependency>
            <fileName>argouml-diagrams-state.jar</fileName>
            <filePath>/home/bcraig/Documents/Thesis/Analysis/reports/argouml/Source/argouml-diagrams-state.jar</filePath>
            <md5>78F80D10B83228BD92B5C91974CEA125</md5>
            <sha1>4652EE96DBE2E679E99E069D56392D6E9B95BACC</sha1>
            <evidenceCollected>
                <evidence>
                    <source>file</source>
                    <name>name</name>
                    <value>argouml-diagrams-state</value>
                </evidence>
                <evidence>
                    <source>jar</source>
                    <name>package</name>
                    <value>argouml</value>
                </evidence>
                <evidence>
                    <source>jar</source>
                    <name>package</name>
                    <value>diagram</value>
                </evidence>
                <evidence>
                    <source>jar</source>
                    <name>package</name>
                    <value>state2</value>
                </evidence>
            </evidenceCollected>
        </dependency>
        <dependency>
            <fileName>argouml-diagrams-sequence.jar</fileName>
            <filePath>/home/bcraig/Documents/Thesis/Analysis/reports/argouml/Source/argouml-diagrams-sequence.jar</filePath>
            <md5>DA064EC2FE9F42166A8D39EACE859DF4</md5>
            <sha1>C82BA87AF82D660D560F10C605B4E323B949D292</sha1>
            <evidenceCollected>
                <evidence>
                    <source>file</source>
                    <name>name</name>
                    <value>argouml-diagrams-sequence</value>
                </evidence>
                <evidence>
                    <source>jar</source>
                    <name>package</name>
                    <value>argouml</value>
                </evidence>
                <evidence>
                    <source>jar</source>
                    <name>package</name>
                    <value>diagram</value>
                </evidence>
                <evidence>
                    <source>jar</source>
                    <name>package</name>
                    <value>sequence2</value>
                </evidence>
            </evidenceCollected>
        </dependency>
        <dependency>
            <fileName>argouml-transformer.jar</fileName>
            <filePath>/home/bcraig/Documents/Thesis/Analysis/reports/argouml/Source/argouml-transformer.jar</filePath>
            <md5>8CDF13A2EC4B373DB4332381A9AF28CF</md5>
            <sha1>B2D2BA1F87B73D2FEF1C362FEB138E80B120DB5E</sha1>
            <evidenceCollected>
                <evidence>
                    <source>file</source>
                    <name>name</name>
                    <value>argouml-transformer</value>
                </evidence>
                <evidence>
                    <source>jar</source>
                    <name>package</name>
                    <value>argouml</value>
                </evidence>
                <evidence>
                    <source>jar</source>
                    <name>package</name>
                    <value>transformer</value>
                </evidence>
            </evidenceCollected>
        </dependency>
    </dependencies>
</analysis>