<?xml version="1.0"?>
<analysis xmlns="https://www.owasp.org/index.php/OWASP_Dependency_Check">
    <projectInfo>
        <name>cayenne</name>
        <reportDate>Feb 18, 2014 1:54:37 PM</reportDate>
        <credits>This report contains data retrieved from the National Vulnerability Database: http://nvd.nist.gov</credits>
    </projectInfo>
    <dependencies>
        <dependency>
            <fileName>cayenne-client-3.0.1.jar</fileName>
            <filePath>/home/bcraig/Documents/Thesis/Analysis/reports/cayenne/Source/cayenne-client-3.0.1.jar</filePath>
            <md5>326C209B1B8A4ACB6CC0E5141D0DD325</md5>
            <sha1>2C2D9DF3ECBA264983D00E3B9E5CCD5CF60FFB57</sha1>
            <description>An aggregation of all Cayenne &quot;client&quot; modules.</description>
            <evidenceCollected>
                <evidence>
                    <source>file</source>
                    <name>name</name>
                    <value>cayenne-client-3.0.1</value>
                </evidence>
                <evidence>
                    <source>jar</source>
                    <name>package</name>
                    <value>apache</value>
                </evidence>
                <evidence>
                    <source>jar</source>
                    <name>package</name>
                    <value>cayenne</value>
                </evidence>
                <evidence>
                    <source>jar</source>
                    <name>package name</name>
                    <value>cayenne</value>
                </evidence>
                <evidence>
                    <source>pom</source>
                    <name>artifactid</name>
                    <value>cayenne-client</value>
                </evidence>
                <evidence>
                    <source>pom</source>
                    <name>artifactid</name>
                    <value>cayenne-client</value>
                </evidence>
                <evidence>
                    <source>pom</source>
                    <name>description</name>
                    <value>An aggregation of all Cayenne &quot;client&quot; modules.</value>
                </evidence>
                <evidence>
                    <source>pom</source>
                    <name>name</name>
                    <value>Cayenne Aggregated Client Jar</value>
                </evidence>
            </evidenceCollected>
        </dependency>
        <dependency>
            <fileName>cayenne-tools-3.0.1.jar</fileName>
            <filePath>/home/bcraig/Documents/Thesis/Analysis/reports/cayenne/Source/cayenne-tools-3.0.1.jar</filePath>
            <md5>F94F924C6677B5F56DBE0DBEE94B4D4A</md5>
            <sha1>7C146306D7469EAFF15407FABC2EB3ED8E2B240E</sha1>
            <evidenceCollected>
                <evidence>
                    <source>file</source>
                    <name>name</name>
                    <value>cayenne-tools-3.0.1</value>
                </evidence>
                <evidence>
                    <source>jar</source>
                    <name>package</name>
                    <value>apache</value>
                </evidence>
                <evidence>
                    <source>jar</source>
                    <name>package</name>
                    <value>cayenne</value>
                </evidence>
                <evidence>
                    <source>jar</source>
                    <name>package</name>
                    <value>gen</value>
                </evidence>
                <evidence>
                    <source>jar</source>
                    <name>package name</name>
                    <value>cayenne</value>
                </evidence>
                <evidence>
                    <source>jar</source>
                    <name>package name</name>
                    <value>tools</value>
                </evidence>
                <evidence>
                    <source>pom</source>
                    <name>artifactid</name>
                    <value>cayenne-tools</value>
                </evidence>
                <evidence>
                    <source>pom</source>
                    <name>artifactid</name>
                    <value>cayenne-tools</value>
                </evidence>
                <evidence>
                    <source>pom</source>
                    <name>name</name>
                    <value>Cayenne Tools</value>
                </evidence>
            </evidenceCollected>
        </dependency>
        <dependency>
            <fileName>cayenne-server-3.0.1.jar</fileName>
            <filePath>/home/bcraig/Documents/Thesis/Analysis/reports/cayenne/Source/cayenne-server-3.0.1.jar</filePath>
            <md5>9BE9CC7C518839A3965374F7F44B5BB9</md5>
            <sha1>4CF5D9CF6B9E08E1B7DAD90AFE8DFBF6FB00CD18</sha1>
            <description>An aggregation of all Cayenne &quot;server&quot; modules.</description>
            <evidenceCollected>
                <evidence>
                    <source>file</source>
                    <name>name</name>
                    <value>cayenne-server-3.0.1</value>
                </evidence>
                <evidence>
                    <source>jar</source>
                    <name>package</name>
                    <value>apache</value>
                </evidence>
                <evidence>
                    <source>jar</source>
                    <name>package</name>
                    <value>cayenne</value>
                </evidence>
                <evidence>
                    <source>jar</source>
                    <name>package name</name>
                    <value>cayenne</value>
                </evidence>
                <evidence>
                    <source>pom</source>
                    <name>artifactid</name>
                    <value>cayenne-server</value>
                </evidence>
                <evidence>
                    <source>pom</source>
                    <name>artifactid</name>
                    <value>cayenne-server</value>
                </evidence>
                <evidence>
                    <source>pom</source>
                    <name>description</name>
                    <value>An aggregation of all Cayenne &quot;server&quot; modules.</value>
                </evidence>
                <evidence>
                    <source>pom</source>
                    <name>name</name>
                    <value>Cayenne Aggregated Server Jar</value>
                </evidence>
            </evidenceCollected>
        </dependency>
        <dependency>
            <fileName>cayenne-modeler-3.0.1.jar</fileName>
            <filePath>/home/bcraig/Documents/Thesis/Analysis/reports/cayenne/Source/cayenne-modeler-3.0.1.jar</filePath>
            <md5>1C2E34653AF2B318F7FB9AAEF80CBD64</md5>
            <sha1>98FBF0BCFCF0719681DD7EBE4A0620F7BD52A2B1</sha1>
            <evidenceCollected>
                <evidence>
                    <source>file</source>
                    <name>name</name>
                    <value>cayenne-modeler-3.0.1</value>
                </evidence>
                <evidence>
                    <source>jar</source>
                    <name>package</name>
                    <value>apache</value>
                </evidence>
                <evidence>
                    <source>jar</source>
                    <name>package</name>
                    <value>cayenne</value>
                </evidence>
                <evidence>
                    <source>jar</source>
                    <name>package</name>
                    <value>modeler</value>
                </evidence>
                <evidence>
                    <source>jar</source>
                    <name>package name</name>
                    <value>cayenne</value>
                </evidence>
                <evidence>
                    <source>jar</source>
                    <name>package name</name>
                    <value>modeler</value>
                </evidence>
                <evidence>
                    <source>pom</source>
                    <name>artifactid</name>
                    <value>cayenne-modeler</value>
                </evidence>
                <evidence>
                    <source>pom</source>
                    <name>artifactid</name>
                    <value>cayenne-modeler</value>
                </evidence>
                <evidence>
                    <source>pom</source>
                    <name>name</name>
                    <value>Cayenne Modeler</value>
                </evidence>
            </evidenceCollected>
        </dependency>
    </dependencies>
</analysis>