<?xml version="1.0"?>
<analysis xmlns="https://www.owasp.org/index.php/OWASP_Dependency_Check">
    <projectInfo>
        <name>checkstyle</name>
        <reportDate>Feb 18, 2014 1:55:38 PM</reportDate>
        <credits>This report contains data retrieved from the National Vulnerability Database: http://nvd.nist.gov</credits>
    </projectInfo>
    <dependencies>
        <dependency>
            <fileName>checkstyle-all-5.1.jar</fileName>
            <filePath>/home/bcraig/Documents/Thesis/Analysis/reports/checkstyle/Source/checkstyle-all-5.1.jar</filePath>
            <md5>22407162322DCDD9CD928ABBBA353EC1</md5>
            <sha1>DA719860AFDC02AE5D9A698F15D50DCF49999D72</sha1>
            <evidenceCollected>
                <evidence>
                    <source>file</source>
                    <name>name</name>
                    <value>checkstyle-all-5.1</value>
                </evidence>
                <evidence>
                    <source>jar</source>
                    <name>package name</name>
                    <value>checks</value>
                </evidence>
                <evidence>
                    <source>jar</source>
                    <name>package name</name>
                    <value>checkstyle</value>
                </evidence>
                <evidence>
                    <source>jar</source>
                    <name>package name</name>
                    <value>puppycrawl</value>
                </evidence>
                <evidence>
                    <source>jar</source>
                    <name>package name</name>
                    <value>tool</value>
                </evidence>
                <evidence>
                    <source>jar</source>
                    <name>package name</name>
                    <value>tools</value>
                </evidence>
                <evidence>
                    <source>Manifest</source>
                    <name>extension-name</name>
                    <value>com.puppycrawl.tools.checkstyle</value>
                </evidence>
                <evidence>
                    <source>Manifest</source>
                    <name>implementation-url</name>
                    <value>http://checkstyle.sourceforge.net/</value>
                </evidence>
                <evidence>
                    <source>Manifest</source>
                    <name>Implementation-Vendor-Id</name>
                    <value>com.puppycrawl</value>
                </evidence>
            </evidenceCollected>
        </dependency>
        <dependency>
            <fileName>checkstyle-5.1.jar</fileName>
            <filePath>/home/bcraig/Documents/Thesis/Analysis/reports/checkstyle/Source/checkstyle-5.1.jar</filePath>
            <md5>6D13510FF39812E44B5DE16C38F9D478</md5>
            <sha1>E105EFFD253A7BC4545896A2BC0277ECFFB070B7</sha1>
            <evidenceCollected>
                <evidence>
                    <source>file</source>
                    <name>name</name>
                    <value>checkstyle-5.1</value>
                </evidence>
                <evidence>
                    <source>jar</source>
                    <name>package</name>
                    <value>checks</value>
                </evidence>
                <evidence>
                    <source>jar</source>
                    <name>package</name>
                    <value>checkstyle</value>
                </evidence>
                <evidence>
                    <source>jar</source>
                    <name>package</name>
                    <value>puppycrawl</value>
                </evidence>
                <evidence>
                    <source>jar</source>
                    <name>package</name>
                    <value>tools</value>
                </evidence>
                <evidence>
                    <source>jar</source>
                    <name>package name</name>
                    <value>checks</value>
                </evidence>
                <evidence>
                    <source>jar</source>
                    <name>package name</name>
                    <value>checkstyle</value>
                </evidence>
                <evidence>
                    <source>jar</source>
                    <name>package name</name>
                    <value>puppycrawl</value>
                </evidence>
                <evidence>
                    <source>jar</source>
                    <name>package name</name>
                    <value>tools</value>
                </evidence>
                <evidence>
                    <source>Manifest</source>
                    <name>extension-name</name>
                    <value>com.puppycrawl.tools.checkstyle</value>
                </evidence>
                <evidence>
                    <source>Manifest</source>
                    <name>implementation-url</name>
                    <value>http://checkstyle.sourceforge.net/</value>
                </evidence>
                <evidence>
                    <source>Manifest</source>
                    <name>Implementation-Vendor-Id</name>
                    <value>com.puppycrawl</value>
                </evidence>
            </evidenceCollected>
        </dependency>
    </dependencies>
</analysis>