<?xml version="1.0"?>
<analysis xmlns="https://www.owasp.org/index.php/OWASP_Dependency_Check">
    <projectInfo>
        <name>drjava</name>
        <reportDate>Feb 18, 2014 2:05:56 PM</reportDate>
        <credits>This report contains data retrieved from the National Vulnerability Database: http://nvd.nist.gov</credits>
    </projectInfo>
    <dependencies>
        <dependency>
            <fileName>drjava-stable-20100913-r5387.jar</fileName>
            <filePath>/home/bcraig/Documents/Thesis/Analysis/reports/drjava/Source/drjava-stable-20100913-r5387.jar</filePath>
            <md5>1495F121FB19B1BCC596BEA778F02867</md5>
            <sha1>308607A9B60C3E7D6C99DB2EE95E6A892D09315D</sha1>
            <evidenceCollected>
                <evidence>
                    <source>file</source>
                    <name>name</name>
                    <value>drjava-stable-20100913-r5387</value>
                </evidence>
                <evidence>
                    <source>jar</source>
                    <name>package</name>
                    <value>cs</value>
                </evidence>
                <evidence>
                    <source>jar</source>
                    <name>package</name>
                    <value>edu</value>
                </evidence>
                <evidence>
                    <source>jar</source>
                    <name>package</name>
                    <value>rice</value>
                </evidence>
            </evidenceCollected>
        </dependency>
    </dependencies>
</analysis>