<?xml version="1.0"?>
<analysis xmlns="https://www.owasp.org/index.php/OWASP_Dependency_Check">
    <projectInfo>
        <name>emma</name>
        <reportDate>Feb 18, 2014 2:08:03 PM</reportDate>
        <credits>This report contains data retrieved from the National Vulnerability Database: http://nvd.nist.gov</credits>
    </projectInfo>
    <dependencies>
        <dependency>
            <fileName>emma.jar</fileName>
            <filePath>/home/bcraig/Documents/Thesis/Analysis/reports/emma/Source/emma.jar</filePath>
            <md5>58802FBE6BB583B72AB7CF39B8033ED3</md5>
            <sha1>30A40933CAF67D88D9E75957950CCF353B181AB7</sha1>
            <evidenceCollected>
                <evidence>
                    <source>file</source>
                    <name>name</name>
                    <value>emma</value>
                </evidence>
                <evidence>
                    <source>jar</source>
                    <name>package</name>
                    <value>vladium</value>
                </evidence>
                <evidence>
                    <source>jar</source>
                    <name>package name</name>
                    <value>emma</value>
                </evidence>
                <evidence>
                    <source>Manifest</source>
                    <name>Implementation-Vendor</name>
                    <value>vlad on Windows NT:4.0:x86</value>
                </evidence>
                <evidence>
                    <source>Manifest</source>
                    <name>specification-title</name>
                    <value>emma</value>
                </evidence>
                <evidence>
                    <source>Manifest</source>
                    <name>specification-vendor</name>
                    <value>(C) Vladimir Roubtsov</value>
                </evidence>
            </evidenceCollected>
        </dependency>
        <dependency>
            <fileName>emma_ant.jar</fileName>
            <filePath>/home/bcraig/Documents/Thesis/Analysis/reports/emma/Source/emma_ant.jar</filePath>
            <md5>5FF88E5279654E6796E79E23CAB1C373</md5>
            <sha1>E24C6C12C2C1B0EC99BCEF20A452178D09B04468</sha1>
            <evidenceCollected>
                <evidence>
                    <source>file</source>
                    <name>name</name>
                    <value>emma_ant</value>
                </evidence>
                <evidence>
                    <source>jar</source>
                    <name>package</name>
                    <value>emma</value>
                </evidence>
                <evidence>
                    <source>jar</source>
                    <name>package</name>
                    <value>vladium</value>
                </evidence>
                <evidence>
                    <source>jar</source>
                    <name>package name</name>
                    <value>emma</value>
                </evidence>
                <evidence>
                    <source>Manifest</source>
                    <name>Implementation-Vendor</name>
                    <value>vlad on Windows NT:4.0:x86</value>
                </evidence>
                <evidence>
                    <source>Manifest</source>
                    <name>specification-title</name>
                    <value>emma</value>
                </evidence>
                <evidence>
                    <source>Manifest</source>
                    <name>specification-vendor</name>
                    <value>(C) Vladimir Roubtsov</value>
                </evidence>
            </evidenceCollected>
        </dependency>
    </dependencies>
</analysis>