<?xml version="1.0"?>
<analysis xmlns="https://www.owasp.org/index.php/OWASP_Dependency_Check">
    <projectInfo>
        <name>gt2</name>
        <reportDate>Feb 18, 2014 2:18:33 PM</reportDate>
        <credits>This report contains data retrieved from the National Vulnerability Database: http://nvd.nist.gov</credits>
    </projectInfo>
    <dependencies>
        <dependency>
            <fileName>commons-cli-2.0-gt2-pre1.jar</fileName>
            <filePath>/home/bcraig/Documents/Thesis/Analysis/reports/gt2/Source/commons-cli-2.0-gt2-pre1.jar</filePath>
            <md5>F48CB456F5B98B0FCE93A18E0FB75AF0</md5>
            <sha1>D55120BF0247C4C17227D99238B343D8032FDE69</sha1>
            <description>
    Commons CLI provides a simple API for presenting, processing and
    validating a command line interface.
  </description>
            <evidenceCollected>
                <evidence>
                    <source>file</source>
                    <name>name</name>
                    <value>commons-cli-2.0-gt2-pre1</value>
                </evidence>
                <evidence>
                    <source>jar</source>
                    <name>package</name>
                    <value>apache</value>
                </evidence>
                <evidence>
                    <source>jar</source>
                    <name>package</name>
                    <value>cli2</value>
                </evidence>
                <evidence>
                    <source>jar</source>
                    <name>package</name>
                    <value>commons</value>
                </evidence>
                <evidence>
                    <source>jar</source>
                    <name>package name</name>
                    <value>commons</value>
                </evidence>
                <evidence>
                    <source>pom</source>
                    <name>artifactid</name>
                    <value>commons-cli</value>
                </evidence>
                <evidence>
                    <source>pom</source>
                    <name>artifactid</name>
                    <value>commons-cli</value>
                </evidence>
                <evidence>
                    <source>pom</source>
                    <name>description</name>
                    <value>Commons CLI provides a simple API for presenting, processing and
    validating a command line interface.</value>
                </evidence>
                <evidence>
                    <source>pom</source>
                    <name>groupid</name>
                    <value>commons-cli</value>
                </evidence>
                <evidence>
                    <source>pom</source>
                    <name>groupid</name>
                    <value>commons-cli</value>
                </evidence>
                <evidence>
                    <source>pom</source>
                    <name>name</name>
                    <value>CLI</value>
                </evidence>
            </evidenceCollected>
        </dependency>
    </dependencies>
</analysis>