<?xml version="1.0"?>
<analysis xmlns="https://www.owasp.org/index.php/OWASP_Dependency_Check">
    <projectInfo>
        <name>hsqldb</name>
        <reportDate>Feb 18, 2014 2:22:42 PM</reportDate>
        <credits>This report contains data retrieved from the National Vulnerability Database: http://nvd.nist.gov</credits>
    </projectInfo>
    <dependencies>
        <dependency>
            <fileName>hsqldb.jar</fileName>
            <filePath>/home/bcraig/Documents/Thesis/Analysis/reports/hsqldb/Source/hsqldb.jar</filePath>
            <md5>D7300DB8C10396C3CEC32947C5D25C46</md5>
            <sha1>C9D525CE1A464185E6B01C7DE872127A06092673</sha1>
            <evidenceCollected>
                <evidence>
                    <source>file</source>
                    <name>name</name>
                    <value>hsqldb</value>
                </evidence>
                <evidence>
                    <source>jar</source>
                    <name>package</name>
                    <value>hsqldb</value>
                </evidence>
                <evidence>
                    <source>jar</source>
                    <name>package name</name>
                    <value>hsqldb</value>
                </evidence>
                <evidence>
                    <source>Manifest</source>
                    <name>Implementation-Title</name>
                    <value>Standard runtime</value>
                </evidence>
                <evidence>
                    <source>Manifest</source>
                    <name>Implementation-Vendor</name>
                    <value>The HSQL Development Group</value>
                </evidence>
                <evidence>
                    <source>Manifest</source>
                    <name>specification-title</name>
                    <value>HSQLDB</value>
                </evidence>
                <evidence>
                    <source>Manifest</source>
                    <name>specification-vendor</name>
                    <value>The HSQL Development Group</value>
                </evidence>
            </evidenceCollected>
        </dependency>
    </dependencies>
</analysis>