<?xml version="1.0"?>
<analysis xmlns="https://www.owasp.org/index.php/OWASP_Dependency_Check">
    <projectInfo>
        <name>jag</name>
        <reportDate>Feb 18, 2014 2:28:57 PM</reportDate>
        <credits>This report contains data retrieved from the National Vulnerability Database: http://nvd.nist.gov</credits>
    </projectInfo>
    <dependencies>
        <dependency>
            <fileName>jag.jar</fileName>
            <filePath>/home/bcraig/Documents/Thesis/Analysis/reports/jag/Source/jag.jar</filePath>
            <md5>A6E422088143BB409FC4EAB2BE7882DF</md5>
            <sha1>24D036FF94DA9873617B4BC9A1C9E84C98E72DA2</sha1>
            <evidenceCollected>
                <evidence>
                    <source>file</source>
                    <name>name</name>
                    <value>jag</value>
                </evidence>
                <evidence>
                    <source>jar</source>
                    <name>package</name>
                    <value>finalist</value>
                </evidence>
                <evidence>
                    <source>jar</source>
                    <name>package</name>
                    <value>jaggenerator</value>
                </evidence>
                <evidence>
                    <source>jar</source>
                    <name>package name</name>
                    <value>finalist</value>
                </evidence>
                <evidence>
                    <source>jar</source>
                    <name>package name</name>
                    <value>jag</value>
                </evidence>
                <evidence>
                    <source>Manifest</source>
                    <name>extension-name</name>
                    <value>jag</value>
                </evidence>
                <evidence>
                    <source>Manifest</source>
                    <name>Implementation-Title</name>
                    <value>com.finalist</value>
                </evidence>
                <evidence>
                    <source>Manifest</source>
                    <name>Implementation-Vendor</name>
                    <value>SourceForge</value>
                </evidence>
                <evidence>
                    <source>Manifest</source>
                    <name>specification-title</name>
                    <value></value>
                </evidence>
                <evidence>
                    <source>Manifest</source>
                    <name>specification-vendor</name>
                    <value>SourceForge</value>
                </evidence>
            </evidenceCollected>
        </dependency>
    </dependencies>
</analysis>