<?xml version="1.0"?>
<analysis xmlns="https://www.owasp.org/index.php/OWASP_Dependency_Check">
    <projectInfo>
        <name>javacc</name>
        <reportDate>Feb 18, 2014 2:33:09 PM</reportDate>
        <credits>This report contains data retrieved from the National Vulnerability Database: http://nvd.nist.gov</credits>
    </projectInfo>
    <dependencies>
        <dependency>
            <fileName>javacc.jar</fileName>
            <filePath>/home/bcraig/Documents/Thesis/Analysis/reports/javacc/Source/javacc.jar</filePath>
            <md5>146F647B964AB8B76C57D58D84E92797</md5>
            <sha1>46A5C22A6BEBB59B3FD98366710844CC5A7767D6</sha1>
            <evidenceCollected>
                <evidence>
                    <source>file</source>
                    <name>name</name>
                    <value>javacc</value>
                </evidence>
                <evidence>
                    <source>jar</source>
                    <name>package</name>
                    <value>javacc</value>
                </evidence>
            </evidenceCollected>
        </dependency>
    </dependencies>
</analysis>