<?xml version="1.0"?>
<analysis xmlns="https://www.owasp.org/index.php/OWASP_Dependency_Check">
    <projectInfo>
        <name>jchempaint</name>
        <reportDate>Feb 18, 2014 2:35:46 PM</reportDate>
        <credits>This report contains data retrieved from the National Vulnerability Database: http://nvd.nist.gov</credits>
    </projectInfo>
    <dependencies>
        <dependency>
            <fileName>jchempaint-3.0.1.jar</fileName>
            <filePath>/home/bcraig/Documents/Thesis/Analysis/reports/jchempaint/Source/jchempaint-3.0.1.jar</filePath>
            <md5>78DA44C9DED8FDCE5290B60C3D4F7BE6</md5>
            <sha1>65B3124BE8B68DB31F032C6390B8BBB6F566D42B</sha1>
            <evidenceCollected>
                <evidence>
                    <source>file</source>
                    <name>name</name>
                    <value>jchempaint-3.0.1</value>
                </evidence>
            </evidenceCollected>
        </dependency>
    </dependencies>
</analysis>