<?xml version="1.0"?>
<analysis xmlns="https://www.owasp.org/index.php/OWASP_Dependency_Check">
    <projectInfo>
        <name>jena</name>
        <reportDate>Feb 18, 2014 2:37:52 PM</reportDate>
        <credits>This report contains data retrieved from the National Vulnerability Database: http://nvd.nist.gov</credits>
    </projectInfo>
    <dependencies>
        <dependency>
            <fileName>jena-2.6.3.jar</fileName>
            <filePath>/home/bcraig/Documents/Thesis/Analysis/reports/jena/Source/jena-2.6.3.jar</filePath>
            <md5>4627325A962054D3A5CA6201BFD050F5</md5>
            <sha1>92935E9E888169B1464F1C9912BDC684B386D200</sha1>
            <description>Jena is a Java framework for building Semantic Web applications. It provides a programmatic environment for RDF, RDFS and OWL, SPARQL and includes a rule-based inference engine.</description>
            <license>BSD: http://jena.sourceforge.net/license.html</license>
            <relatedDependencies>
                <relatedDependency>
                    <filePath>/home/bcraig/Documents/Thesis/Analysis/reports/jena/Source/jena-2.6.3-tests.jar</filePath>
                    <sha1>C204656C0A7850F7820A1DC35CC001B9DE97F097</sha1>
                    <md5>93CD3D07F444026206D76D303D912060</md5>
                </relatedDependency>
            </relatedDependencies>
            <evidenceCollected>
                <evidence>
                    <source>file</source>
                    <name>name</name>
                    <value>2.6.3</value>
                </evidence>
                <evidence>
                    <source>file</source>
                    <name>name</name>
                    <value>jena-2.6.3</value>
                </evidence>
                <evidence>
                    <source>file</source>
                    <name>name</name>
                    <value>jena-2.6.3</value>
                </evidence>
                <evidence>
                    <source>jar</source>
                    <name>package</name>
                    <value>hp</value>
                </evidence>
                <evidence>
                    <source>jar</source>
                    <name>package</name>
                    <value>hpl</value>
                </evidence>
                <evidence>
                    <source>jar</source>
                    <name>package</name>
                    <value>jena</value>
                </evidence>
                <evidence>
                    <source>jar</source>
                    <name>package name</name>
                    <value>hp</value>
                </evidence>
                <evidence>
                    <source>jar</source>
                    <name>package name</name>
                    <value>hpl</value>
                </evidence>
                <evidence>
                    <source>jar</source>
                    <name>package name</name>
                    <value>jena</value>
                </evidence>
                <evidence>
                    <source>jar</source>
                    <name>package name</name>
                    <value>rdf</value>
                </evidence>
                <evidence>
                    <source>jar</source>
                    <name>package name</name>
                    <value>sparql</value>
                </evidence>
                <evidence>
                    <source>pom</source>
                    <name>artifactid</name>
                    <value>jena</value>
                </evidence>
                <evidence>
                    <source>pom</source>
                    <name>artifactid</name>
                    <value>jena</value>
                </evidence>
                <evidence>
                    <source>pom</source>
                    <name>description</name>
                    <value>Jena is a Java framework for building Semantic Web applications. It provides a programmatic environment for RDF, RDFS and OWL, SPARQL and includes a rule-based inference engine.</value>
                </evidence>
                <evidence>
                    <source>pom</source>
                    <name>groupid</name>
                    <value>hp.hpl.jena</value>
                </evidence>
                <evidence>
                    <source>pom</source>
                    <name>groupid</name>
                    <value>hp.hpl.jena</value>
                </evidence>
                <evidence>
                    <source>pom</source>
                    <name>name</name>
                    <value>Jena</value>
                </evidence>
                <evidence>
                    <source>pom</source>
                    <name>organization name</name>
                    <value>The Jena Project</value>
                </evidence>
                <evidence>
                    <source>pom</source>
                    <name>version</name>
                    <value>2.6.3</value>
                </evidence>
            </evidenceCollected>
            <identifiers>
                <identifier type="cpe">
                    <name>(cpe:/a:hp:hp:2.6.3)</name>
                </identifier>
            </identifiers>
        </dependency>
    </dependencies>
</analysis>