<?xml version="1.0"?>
<analysis xmlns="https://www.owasp.org/index.php/OWASP_Dependency_Check">
    <projectInfo>
        <name>jFin_DateMath</name>
        <reportDate>Feb 18, 2014 2:39:50 PM</reportDate>
        <credits>This report contains data retrieved from the National Vulnerability Database: http://nvd.nist.gov</credits>
    </projectInfo>
    <dependencies>
        <dependency>
            <fileName>jFin_DateMath_R1_0_1.jar</fileName>
            <filePath>/home/bcraig/Documents/Thesis/Analysis/reports/jFin_DateMath/Source/jFin_DateMath_R1_0_1.jar</filePath>
            <md5>D157AF996205D00C30A9B3DB1D9E2D30</md5>
            <sha1>EB8A69135CC4FE1A7FB2B0A1D48FC760D30B4F5D</sha1>
            <evidenceCollected>
                <evidence>
                    <source>file</source>
                    <name>name</name>
                    <value>jFin_DateMath_R1_0_1</value>
                </evidence>
                <evidence>
                    <source>jar</source>
                    <name>package</name>
                    <value>date</value>
                </evidence>
                <evidence>
                    <source>jar</source>
                    <name>package</name>
                    <value>jfin</value>
                </evidence>
            </evidenceCollected>
        </dependency>
    </dependencies>
</analysis>