<?xml version="1.0"?>
<analysis xmlns="https://www.owasp.org/index.php/OWASP_Dependency_Check">
    <projectInfo>
        <name>jfreechart</name>
        <reportDate>Feb 18, 2014 2:40:51 PM</reportDate>
        <credits>This report contains data retrieved from the National Vulnerability Database: http://nvd.nist.gov</credits>
    </projectInfo>
    <dependencies>
        <dependency>
            <fileName>jfreechart-1.0.13-swt.jar</fileName>
            <filePath>/home/bcraig/Documents/Thesis/Analysis/reports/jfreechart/Source/jfreechart-1.0.13-swt.jar</filePath>
            <md5>5A36B61A4AA222025B2D5D4DB5A5FEDB</md5>
            <sha1>489676684676BD5D4CF3C148C1C40E662B0B94E9</sha1>
            <evidenceCollected>
                <evidence>
                    <source>file</source>
                    <name>name</name>
                    <value>jfreechart-1.0.13-swt</value>
                </evidence>
                <evidence>
                    <source>jar</source>
                    <name>package</name>
                    <value>chart</value>
                </evidence>
                <evidence>
                    <source>jar</source>
                    <name>package</name>
                    <value>experimental</value>
                </evidence>
                <evidence>
                    <source>jar</source>
                    <name>package</name>
                    <value>jfree</value>
                </evidence>
                <evidence>
                    <source>jar</source>
                    <name>package</name>
                    <value>swt</value>
                </evidence>
            </evidenceCollected>
        </dependency>
        <dependency>
            <fileName>jfreechart-1.0.13-demo.jar</fileName>
            <filePath>/home/bcraig/Documents/Thesis/Analysis/reports/jfreechart/Source/jfreechart-1.0.13-demo.jar</filePath>
            <md5>008DEA4680B432C4E67CA1825747BA1A</md5>
            <sha1>5F56BC31CE235A785201E4C6B8C61FC1327F0DF8</sha1>
            <evidenceCollected>
                <evidence>
                    <source>file</source>
                    <name>name</name>
                    <value>jfreechart-1.0.13-demo</value>
                </evidence>
                <evidence>
                    <source>jar</source>
                    <name>package</name>
                    <value>demo</value>
                </evidence>
            </evidenceCollected>
        </dependency>
        <dependency>
            <fileName>jfreechart-1.0.13.jar</fileName>
            <filePath>/home/bcraig/Documents/Thesis/Analysis/reports/jfreechart/Source/jfreechart-1.0.13.jar</filePath>
            <md5>DBF0FEB10BDCC245B14E1E48A039B7A5</md5>
            <sha1>8CEB15028CF9B99C25C88775AB292FAA27D3030A</sha1>
            <evidenceCollected>
                <evidence>
                    <source>file</source>
                    <name>name</name>
                    <value>jfreechart-1.0.13</value>
                </evidence>
                <evidence>
                    <source>jar</source>
                    <name>package</name>
                    <value>chart</value>
                </evidence>
                <evidence>
                    <source>jar</source>
                    <name>package</name>
                    <value>jfree</value>
                </evidence>
            </evidenceCollected>
        </dependency>
        <dependency>
            <fileName>jfreechart-1.0.13-experimental.jar</fileName>
            <filePath>/home/bcraig/Documents/Thesis/Analysis/reports/jfreechart/Source/jfreechart-1.0.13-experimental.jar</filePath>
            <md5>4F2E6409F9BA504C3C7C081CF715C657</md5>
            <sha1>87EDD2DAA804FDE3425175739D6B876A719F0E3B</sha1>
            <evidenceCollected>
                <evidence>
                    <source>file</source>
                    <name>name</name>
                    <value>jfreechart-1.0.13-experimental</value>
                </evidence>
                <evidence>
                    <source>jar</source>
                    <name>package</name>
                    <value>chart</value>
                </evidence>
                <evidence>
                    <source>jar</source>
                    <name>package</name>
                    <value>experimental</value>
                </evidence>
                <evidence>
                    <source>jar</source>
                    <name>package</name>
                    <value>jfree</value>
                </evidence>
            </evidenceCollected>
        </dependency>
    </dependencies>
</analysis>