<?xml version="1.0"?>
<analysis xmlns="https://www.owasp.org/index.php/OWASP_Dependency_Check">
    <projectInfo>
        <name>jhotdraw</name>
        <reportDate>Feb 18, 2014 2:45:57 PM</reportDate>
        <credits>This report contains data retrieved from the National Vulnerability Database: http://nvd.nist.gov</credits>
    </projectInfo>
    <dependencies>
        <dependency>
            <fileName>jhotdraw_svg.jar</fileName>
            <filePath>/home/bcraig/Documents/Thesis/Analysis/reports/jhotdraw/Source/jhotdraw_svg.jar</filePath>
            <md5>E4163E5C07579D70FDF7FEF3909C02AA</md5>
            <sha1>4E2DD5FA93E8A7FCB8F41D4220DE0A9335B6AAEC</sha1>
            <evidenceCollected>
                <evidence>
                    <source>file</source>
                    <name>name</name>
                    <value>jhotdraw_svg</value>
                </evidence>
                <evidence>
                    <source>jar</source>
                    <name>package</name>
                    <value>jhotdraw</value>
                </evidence>
            </evidenceCollected>
        </dependency>
        <dependency>
            <fileName>jhotdraw_draw.jar</fileName>
            <filePath>/home/bcraig/Documents/Thesis/Analysis/reports/jhotdraw/Source/jhotdraw_draw.jar</filePath>
            <md5>9BEB8197C7BC92FE68A16F1A9A5BD184</md5>
            <sha1>4DB997D7F1B0758E6FB01A42F0BB945E20F19C67</sha1>
            <evidenceCollected>
                <evidence>
                    <source>file</source>
                    <name>name</name>
                    <value>jhotdraw_draw</value>
                </evidence>
                <evidence>
                    <source>jar</source>
                    <name>package</name>
                    <value>draw</value>
                </evidence>
                <evidence>
                    <source>jar</source>
                    <name>package</name>
                    <value>jhotdraw</value>
                </evidence>
            </evidenceCollected>
        </dependency>
        <dependency>
            <fileName>jhotdraw_pert.jar</fileName>
            <filePath>/home/bcraig/Documents/Thesis/Analysis/reports/jhotdraw/Source/jhotdraw_pert.jar</filePath>
            <md5>4846A07FD087490A97A0BDF8E3025D45</md5>
            <sha1>44696E07369F54B031AB46019ED9BFCABC6B9D85</sha1>
            <evidenceCollected>
                <evidence>
                    <source>file</source>
                    <name>name</name>
                    <value>jhotdraw_pert</value>
                </evidence>
                <evidence>
                    <source>jar</source>
                    <name>package</name>
                    <value>draw</value>
                </evidence>
                <evidence>
                    <source>jar</source>
                    <name>package</name>
                    <value>jhotdraw</value>
                </evidence>
            </evidenceCollected>
        </dependency>
        <dependency>
            <fileName>jhotdraw.jar</fileName>
            <filePath>/home/bcraig/Documents/Thesis/Analysis/reports/jhotdraw/Source/jhotdraw.jar</filePath>
            <md5>21531DD74E9B5A889D5E8A4F82DDE70F</md5>
            <sha1>83CB26F9B21F2954EC6AA5B12AEE83DCDF2EF0D5</sha1>
            <evidenceCollected>
                <evidence>
                    <source>file</source>
                    <name>name</name>
                    <value>jhotdraw</value>
                </evidence>
                <evidence>
                    <source>jar</source>
                    <name>package</name>
                    <value>jhotdraw</value>
                </evidence>
            </evidenceCollected>
        </dependency>
        <dependency>
            <fileName>jhotdraw_net.jar</fileName>
            <filePath>/home/bcraig/Documents/Thesis/Analysis/reports/jhotdraw/Source/jhotdraw_net.jar</filePath>
            <md5>B4D74708081B5EAF1B89C0E94A91CBE6</md5>
            <sha1>1BA268B0710208E53F4698B2905A2912E5836D75</sha1>
            <evidenceCollected>
                <evidence>
                    <source>file</source>
                    <name>name</name>
                    <value>jhotdraw_net</value>
                </evidence>
                <evidence>
                    <source>jar</source>
                    <name>package</name>
                    <value>draw</value>
                </evidence>
                <evidence>
                    <source>jar</source>
                    <name>package</name>
                    <value>jhotdraw</value>
                </evidence>
            </evidenceCollected>
        </dependency>
    </dependencies>
</analysis>