<?xml version="1.0"?>
<analysis xmlns="https://www.owasp.org/index.php/OWASP_Dependency_Check">
    <projectInfo>
        <name>jmeter</name>
        <reportDate>Feb 18, 2014 2:46:59 PM</reportDate>
        <credits>This report contains data retrieved from the National Vulnerability Database: http://nvd.nist.gov</credits>
    </projectInfo>
    <dependencies>
        <dependency>
            <fileName>ant-jmeter-1.1.1.jar</fileName>
            <filePath>/home/bcraig/Documents/Thesis/Analysis/reports/jmeter/Source/ant-jmeter-1.1.1.jar</filePath>
            <md5>A72D3BB85C96B07913197A9FC7AF0CEA</md5>
            <sha1>928972D091B275B97A6ABED349DDA4032CB3E927</sha1>
            <evidenceCollected>
                <evidence>
                    <source>file</source>
                    <name>name</name>
                    <value>ant-jmeter-1.1.1</value>
                </evidence>
                <evidence>
                    <source>jar</source>
                    <name>package</name>
                    <value>ant</value>
                </evidence>
                <evidence>
                    <source>jar</source>
                    <name>package</name>
                    <value>jmeter</value>
                </evidence>
                <evidence>
                    <source>jar</source>
                    <name>package</name>
                    <value>programmerplanet</value>
                </evidence>
                <evidence>
                    <source>jar</source>
                    <name>package</name>
                    <value>taskdefs</value>
                </evidence>
            </evidenceCollected>
        </dependency>
    </dependencies>
</analysis>