<?xml version="1.0"?>
<analysis xmlns="https://www.owasp.org/index.php/OWASP_Dependency_Check">
    <projectInfo>
        <name>jpf</name>
        <reportDate>Feb 18, 2014 2:51:02 PM</reportDate>
        <credits>This report contains data retrieved from the National Vulnerability Database: http://nvd.nist.gov</credits>
    </projectInfo>
    <dependencies>
        <dependency>
            <fileName>jpf-tools.jar</fileName>
            <filePath>/home/bcraig/Documents/Thesis/Analysis/reports/jpf/Source/jpf-tools.jar</filePath>
            <md5>E407E49F717BE644C0F935B61D1FB322</md5>
            <sha1>9134907F02F2B5F5DE7A2695B44389F17B67ECE6</sha1>
            <evidenceCollected>
                <evidence>
                    <source>file</source>
                    <name>name</name>
                    <value>jpf-tools</value>
                </evidence>
                <evidence>
                    <source>jar</source>
                    <name>package</name>
                    <value>java</value>
                </evidence>
                <evidence>
                    <source>jar</source>
                    <name>package</name>
                    <value>plugin</value>
                </evidence>
                <evidence>
                    <source>jar</source>
                    <name>package</name>
                    <value>tools</value>
                </evidence>
                <evidence>
                    <source>jar</source>
                    <name>package name</name>
                    <value>java</value>
                </evidence>
                <evidence>
                    <source>jar</source>
                    <name>package name</name>
                    <value>plugin</value>
                </evidence>
                <evidence>
                    <source>jar</source>
                    <name>package name</name>
                    <value>tools</value>
                </evidence>
                <evidence>
                    <source>Manifest</source>
                    <name>Implementation-Title</name>
                    <value>org.java.plugin.tools</value>
                </evidence>
                <evidence>
                    <source>Manifest</source>
                    <name>Implementation-Vendor</name>
                    <value>http://jpf.sourceforge.net</value>
                </evidence>
                <evidence>
                    <source>Manifest</source>
                    <name>specification-title</name>
                    <value>Java Plug-in Framework (JPF) - tools library</value>
                </evidence>
                <evidence>
                    <source>Manifest</source>
                    <name>specification-vendor</name>
                    <value>http://jpf.sourceforge.net</value>
                </evidence>
            </evidenceCollected>
        </dependency>
        <dependency>
            <fileName>jpf-boot.jar</fileName>
            <filePath>/home/bcraig/Documents/Thesis/Analysis/reports/jpf/Source/jpf-boot.jar</filePath>
            <md5>034B01C23346EB86F1F48F21724DAA64</md5>
            <sha1>AB0C44EA79A0FBFC3CA6865FE9A7BE8898A0CE92</sha1>
            <evidenceCollected>
                <evidence>
                    <source>file</source>
                    <name>name</name>
                    <value>jpf-boot</value>
                </evidence>
                <evidence>
                    <source>jar</source>
                    <name>package</name>
                    <value>boot</value>
                </evidence>
                <evidence>
                    <source>jar</source>
                    <name>package</name>
                    <value>java</value>
                </evidence>
                <evidence>
                    <source>jar</source>
                    <name>package</name>
                    <value>plugin</value>
                </evidence>
                <evidence>
                    <source>jar</source>
                    <name>package name</name>
                    <value>application</value>
                </evidence>
                <evidence>
                    <source>jar</source>
                    <name>package name</name>
                    <value>boot</value>
                </evidence>
                <evidence>
                    <source>jar</source>
                    <name>package name</name>
                    <value>java</value>
                </evidence>
                <evidence>
                    <source>jar</source>
                    <name>package name</name>
                    <value>plugin</value>
                </evidence>
                <evidence>
                    <source>Manifest</source>
                    <name>Implementation-Title</name>
                    <value>org.java.plugin.boot</value>
                </evidence>
                <evidence>
                    <source>Manifest</source>
                    <name>Implementation-Vendor</name>
                    <value>http://jpf.sourceforge.net</value>
                </evidence>
                <evidence>
                    <source>Manifest</source>
                    <name>specification-title</name>
                    <value>Java Plug-in Framework (JPF) - application boot library</value>
                </evidence>
                <evidence>
                    <source>Manifest</source>
                    <name>specification-vendor</name>
                    <value>http://jpf.sourceforge.net</value>
                </evidence>
            </evidenceCollected>
        </dependency>
        <dependency>
            <fileName>jpf.jar</fileName>
            <filePath>/home/bcraig/Documents/Thesis/Analysis/reports/jpf/Source/jpf.jar</filePath>
            <md5>488F903255512845A57F2ADF7BE64970</md5>
            <sha1>D0C3430E06F61A180F7B3D94253149BC9153A9AB</sha1>
            <evidenceCollected>
                <evidence>
                    <source>file</source>
                    <name>name</name>
                    <value>jpf</value>
                </evidence>
                <evidence>
                    <source>jar</source>
                    <name>package</name>
                    <value>java</value>
                </evidence>
                <evidence>
                    <source>jar</source>
                    <name>package</name>
                    <value>plugin</value>
                </evidence>
                <evidence>
                    <source>jar</source>
                    <name>package</name>
                    <value>registry</value>
                </evidence>
                <evidence>
                    <source>jar</source>
                    <name>package name</name>
                    <value>java</value>
                </evidence>
                <evidence>
                    <source>jar</source>
                    <name>package name</name>
                    <value>library</value>
                </evidence>
                <evidence>
                    <source>jar</source>
                    <name>package name</name>
                    <value>plugin</value>
                </evidence>
                <evidence>
                    <source>Manifest</source>
                    <name>Implementation-Title</name>
                    <value>org.java.plugin</value>
                </evidence>
                <evidence>
                    <source>Manifest</source>
                    <name>Implementation-Vendor</name>
                    <value>http://jpf.sourceforge.net</value>
                </evidence>
                <evidence>
                    <source>Manifest</source>
                    <name>specification-title</name>
                    <value>Java Plug-in Framework (JPF) - core library</value>
                </evidence>
                <evidence>
                    <source>Manifest</source>
                    <name>specification-vendor</name>
                    <value>http://jpf.sourceforge.net</value>
                </evidence>
            </evidenceCollected>
        </dependency>
    </dependencies>
</analysis>