<?xml version="1.0"?>
<analysis xmlns="https://www.owasp.org/index.php/OWASP_Dependency_Check">
    <projectInfo>
        <name>jrat</name>
        <reportDate>Feb 18, 2014 2:52:03 PM</reportDate>
        <credits>This report contains data retrieved from the National Vulnerability Database: http://nvd.nist.gov</credits>
    </projectInfo>
    <dependencies>
        <dependency>
            <fileName>shiftone-jrat.jar</fileName>
            <filePath>/home/bcraig/Documents/Thesis/Analysis/reports/jrat/Source/shiftone-jrat.jar</filePath>
            <md5>2A887ADAA3ADFC95ADE7EFD677D27E29</md5>
            <sha1>16C8E8E8D029C803C274644A0F86DE9FA0028D6C</sha1>
            <evidenceCollected>
                <evidence>
                    <source>file</source>
                    <name>name</name>
                    <value>shiftone-jrat</value>
                </evidence>
                <evidence>
                    <source>jar</source>
                    <name>package</name>
                    <value>jrat</value>
                </evidence>
                <evidence>
                    <source>jar</source>
                    <name>package</name>
                    <value>shiftone</value>
                </evidence>
                <evidence>
                    <source>jar</source>
                    <name>package name</name>
                    <value>jrat</value>
                </evidence>
                <evidence>
                    <source>jar</source>
                    <name>package name</name>
                    <value>shiftone</value>
                </evidence>
                <evidence>
                    <source>Manifest</source>
                    <name>built-on</name>
                    <value>September 15 2003</value>
                </evidence>
                <evidence>
                    <source>Manifest</source>
                    <name>product-name</name>
                    <value>ShiftOne JRat 0.6</value>
                </evidence>
                <evidence>
                    <source>Manifest</source>
                    <name>project-home</name>
                    <value>http://sourceforge.net/projects/jrat</value>
                </evidence>
            </evidenceCollected>
        </dependency>
    </dependencies>
</analysis>