<?xml version="1.0"?>
<analysis xmlns="https://www.owasp.org/index.php/OWASP_Dependency_Check">
    <projectInfo>
        <name>jruby</name>
        <reportDate>Feb 18, 2014 2:55:13 PM</reportDate>
        <credits>This report contains data retrieved from the National Vulnerability Database: http://nvd.nist.gov</credits>
    </projectInfo>
    <dependencies>
        <dependency>
            <fileName>test_jruby_1332.jar</fileName>
            <filePath>/home/bcraig/Documents/Thesis/Analysis/reports/jruby/Source/test_jruby_1332.jar</filePath>
            <md5>9A86F4950EDA4CBB1C8AA9EF7BEB091D</md5>
            <sha1>B07975815BA83A09E38ECDEE9829EA7060236F4F</sha1>
            <evidenceCollected>
                <evidence>
                    <source>file</source>
                    <name>name</name>
                    <value>1332</value>
                </evidence>
                <evidence>
                    <source>file</source>
                    <name>name</name>
                    <value>test_jruby_1332</value>
                </evidence>
                <evidence>
                    <source>file</source>
                    <name>name</name>
                    <value>test_jruby_1332</value>
                </evidence>
            </evidenceCollected>
            <identifiers>
                <identifier type="cpe">
                    <name>(cpe:/a:jruby:jruby:-)</name>
                </identifier>
            </identifiers>
            <vulnerabilities>
                <vulnerability>
                    <name>CVE-2012-5370</name>
                    <cvssScore>5.0</cvssScore>
                    <severity>Medium</severity>
                    <cwe>CWE-310 Cryptographic Issues</cwe>
                    <description>JRuby computes hash values without properly restricting the ability to trigger hash collisions predictably, which allows context-dependent attackers to cause a denial of service (CPU consumption) via crafted input to an application that maintains a hash table, as demonstrated by a universal multicollision attack against the MurmurHash2 algorithm, a different vulnerability than CVE-2011-4838.</description>
                    <references>
                        <reference>
                            <source>CONFIRM</source>
                            <url>https://bugzilla.redhat.com/show_bug.cgi?id=880671</url>
                            <name>https://bugzilla.redhat.com/show_bug.cgi?id=880671</name>
                        </reference>
                        <reference>
                            <source>MISC</source>
                            <url>http://2012.appsec-forum.ch/conferences/#c17</url>
                            <name>http://2012.appsec-forum.ch/conferences/#c17</name>
                        </reference>
                        <reference>
                            <source>MISC</source>
                            <url>http://asfws12.files.wordpress.com/2012/11/asfws2012-jean_philippe_aumasson-martin_bosslet-hash_flooding_dos_reloaded.pdf</url>
                            <name>http://asfws12.files.wordpress.com/2012/11/asfws2012-jean_philippe_aumasson-martin_bosslet-hash_flooding_dos_reloaded.pdf</name>
                        </reference>
                        <reference>
                            <source>MISC</source>
                            <url>http://www.ocert.org/advisories/ocert-2012-001.html</url>
                            <name>http://www.ocert.org/advisories/ocert-2012-001.html</name>
                        </reference>
                        <reference>
                            <source>MISC</source>
                            <url>https://www.131002.net/data/talks/appsec12_slides.pdf</url>
                            <name>https://www.131002.net/data/talks/appsec12_slides.pdf</name>
                        </reference>
                    </references>
                    <vulnerableSoftware>
                        <software>cpe:/a:jruby:jruby:-</software>
                    </vulnerableSoftware>
                </vulnerability>
            </vulnerabilities>
        </dependency>
        <dependency>
            <fileName>jruby-3977.so.jar</fileName>
            <filePath>/home/bcraig/Documents/Thesis/Analysis/reports/jruby/Source/jruby-3977.so.jar</filePath>
            <md5>346795D46FC9D1A2568762092E62D823</md5>
            <sha1>8BCAA4BF8EFC837C318ACD51C9F37F1EAC918B2C</sha1>
            <evidenceCollected>
                <evidence>
                    <source>file</source>
                    <name>name</name>
                    <value>3977</value>
                </evidence>
                <evidence>
                    <source>file</source>
                    <name>name</name>
                    <value>jruby-3977.so</value>
                </evidence>
                <evidence>
                    <source>file</source>
                    <name>name</name>
                    <value>jruby-3977.so</value>
                </evidence>
            </evidenceCollected>
            <identifiers>
                <identifier type="cpe">
                    <name>(cpe:/a:jruby:jruby:-)</name>
                </identifier>
            </identifiers>
            <vulnerabilities>
                <vulnerability>
                    <name>CVE-2012-5370</name>
                    <cvssScore>5.0</cvssScore>
                    <severity>Medium</severity>
                    <cwe>CWE-310 Cryptographic Issues</cwe>
                    <description>JRuby computes hash values without properly restricting the ability to trigger hash collisions predictably, which allows context-dependent attackers to cause a denial of service (CPU consumption) via crafted input to an application that maintains a hash table, as demonstrated by a universal multicollision attack against the MurmurHash2 algorithm, a different vulnerability than CVE-2011-4838.</description>
                    <references>
                        <reference>
                            <source>CONFIRM</source>
                            <url>https://bugzilla.redhat.com/show_bug.cgi?id=880671</url>
                            <name>https://bugzilla.redhat.com/show_bug.cgi?id=880671</name>
                        </reference>
                        <reference>
                            <source>MISC</source>
                            <url>http://2012.appsec-forum.ch/conferences/#c17</url>
                            <name>http://2012.appsec-forum.ch/conferences/#c17</name>
                        </reference>
                        <reference>
                            <source>MISC</source>
                            <url>http://asfws12.files.wordpress.com/2012/11/asfws2012-jean_philippe_aumasson-martin_bosslet-hash_flooding_dos_reloaded.pdf</url>
                            <name>http://asfws12.files.wordpress.com/2012/11/asfws2012-jean_philippe_aumasson-martin_bosslet-hash_flooding_dos_reloaded.pdf</name>
                        </reference>
                        <reference>
                            <source>MISC</source>
                            <url>http://www.ocert.org/advisories/ocert-2012-001.html</url>
                            <name>http://www.ocert.org/advisories/ocert-2012-001.html</name>
                        </reference>
                        <reference>
                            <source>MISC</source>
                            <url>https://www.131002.net/data/talks/appsec12_slides.pdf</url>
                            <name>https://www.131002.net/data/talks/appsec12_slides.pdf</name>
                        </reference>
                    </references>
                    <vulnerableSoftware>
                        <software>cpe:/a:jruby:jruby:-</software>
                    </vulnerableSoftware>
                </vulnerability>
            </vulnerabilities>
        </dependency>
        <dependency>
            <fileName>jruby.jar</fileName>
            <filePath>/home/bcraig/Documents/Thesis/Analysis/reports/jruby/Source/jruby.jar</filePath>
            <md5>52ABF37FEF9E9F43E94DEFE90A78551C</md5>
            <sha1>D3723F4D9058F9D9C41B01B13C63570B8F6DE6D4</sha1>
            <description>
    Java port of Oniguruma: http://www.geocities.jp/kosako3/oniguruma
    that uses byte arrays directly instead of java Strings and chars
  </description>
            <license>MIT License: http://www.opensource.org/licenses/mit-license.php</license>
            <evidenceCollected>
                <evidence>
                    <source>file</source>
                    <name>name</name>
                    <value>jruby</value>
                </evidence>
                <evidence>
                    <source>jar</source>
                    <name>package name</name>
                    <value>ant</value>
                </evidence>
                <evidence>
                    <source>jar</source>
                    <name>package name</name>
                    <value>array</value>
                </evidence>
                <evidence>
                    <source>jar</source>
                    <name>package name</name>
                    <value>base</value>
                </evidence>
                <evidence>
                    <source>jar</source>
                    <name>package name</name>
                    <value>binding</value>
                </evidence>
                <evidence>
                    <source>jar</source>
                    <name>package name</name>
                    <value>bytelist</value>
                </evidence>
                <evidence>
                    <source>jar</source>
                    <name>package name</name>
                    <value>common</value>
                </evidence>
                <evidence>
                    <source>jar</source>
                    <name>package name</name>
                    <value>constant</value>
                </evidence>
                <evidence>
                    <source>jar</source>
                    <name>package name</name>
                    <value>constantine</value>
                </evidence>
                <evidence>
                    <source>jar</source>
                    <name>package name</name>
                    <value>constants</value>
                </evidence>
                <evidence>
                    <source>jar</source>
                    <name>package name</name>
                    <value>dir</value>
                </evidence>
                <evidence>
                    <source>jar</source>
                    <name>package name</name>
                    <value>direct</value>
                </evidence>
                <evidence>
                    <source>jar</source>
                    <name>package name</name>
                    <value>encoding</value>
                </evidence>
                <evidence>
                    <source>jar</source>
                    <name>package name</name>
                    <value>errno</value>
                </evidence>
                <evidence>
                    <source>jar</source>
                    <name>package name</name>
                    <value>ext</value>
                </evidence>
                <evidence>
                    <source>jar</source>
                    <name>package name</name>
                    <value>ffi</value>
                </evidence>
                <evidence>
                    <source>jar</source>
                    <name>package name</name>
                    <value>func</value>
                </evidence>
                <evidence>
                    <source>jar</source>
                    <name>package name</name>
                    <value>function</value>
                </evidence>
                <evidence>
                    <source>jar</source>
                    <name>package name</name>
                    <value>handler</value>
                </evidence>
                <evidence>
                    <source>jar</source>
                    <name>package name</name>
                    <value>history</value>
                </evidence>
                <evidence>
                    <source>jar</source>
                    <name>package name</name>
                    <value>in</value>
                </evidence>
                <evidence>
                    <source>jar</source>
                    <name>package name</name>
                    <value>io</value>
                </evidence>
                <evidence>
                    <source>jar</source>
                    <name>package name</name>
                    <value>ir</value>
                </evidence>
                <evidence>
                    <source>jar</source>
                    <name>package name</name>
                    <value>jaffl</value>
                </evidence>
                <evidence>
                    <source>jar</source>
                    <name>package name</name>
                    <value>java</value>
                </evidence>
                <evidence>
                    <source>jar</source>
                    <name>package name</name>
                    <value>jcodings</value>
                </evidence>
                <evidence>
                    <source>jar</source>
                    <name>package name</name>
                    <value>jffi</value>
                </evidence>
                <evidence>
                    <source>jar</source>
                    <name>package name</name>
                    <value>jline</value>
                </evidence>
                <evidence>
                    <source>jar</source>
                    <name>package name</name>
                    <value>jnr</value>
                </evidence>
                <evidence>
                    <source>jar</source>
                    <name>package name</name>
                    <value>joni</value>
                </evidence>
                <evidence>
                    <source>jar</source>
                    <name>package name</name>
                    <value>jruby</value>
                </evidence>
                <evidence>
                    <source>jar</source>
                    <name>package name</name>
                    <value>library</value>
                </evidence>
                <evidence>
                    <source>jar</source>
                    <name>package name</name>
                    <value>netdb</value>
                </evidence>
                <evidence>
                    <source>jar</source>
                    <name>package name</name>
                    <value>platform</value>
                </evidence>
                <evidence>
                    <source>jar</source>
                    <name>package name</name>
                    <value>posix</value>
                </evidence>
                <evidence>
                    <source>jar</source>
                    <name>package name</name>
                    <value>ruby</value>
                </evidence>
                <evidence>
                    <source>jar</source>
                    <name>package name</name>
                    <value>service</value>
                </evidence>
                <evidence>
                    <source>jar</source>
                    <name>package name</name>
                    <value>string</value>
                </evidence>
                <evidence>
                    <source>jar</source>
                    <name>package name</name>
                    <value>tcp</value>
                </evidence>
                <evidence>
                    <source>Manifest</source>
                    <name>Bundle-Name</name>
                    <value>JRuby 1.5.2</value>
                </evidence>
                <evidence>
                    <source>Manifest</source>
                    <name>bundle-symbolicname</name>
                    <value>org.jruby.jruby</value>
                </evidence>
                <evidence>
                    <source>Manifest</source>
                    <name>Bundle-Version</name>
                    <value>1.5.2</value>
                </evidence>
                <evidence>
                    <source>Manifest</source>
                    <name>dstamp</name>
                    <value>20100820</value>
                </evidence>
                <evidence>
                    <source>Manifest</source>
                    <name>originally-created-by</name>
                    <value>1.5.0_19-137 (Apple Inc.)</value>
                </evidence>
                <evidence>
                    <source>Manifest</source>
                    <name>today</name>
                    <value>20</value>
                </evidence>
                <evidence>
                    <source>Manifest</source>
                    <name>today</name>
                    <value>2010</value>
                </evidence>
                <evidence>
                    <source>Manifest</source>
                    <name>today</name>
                    <value>August 20 2010</value>
                </evidence>
                <evidence>
                    <source>Manifest</source>
                    <name>tstamp</name>
                    <value>1437</value>
                </evidence>
                <evidence>
                    <source>pom</source>
                    <name>artifactid</name>
                    <value>bytelist</value>
                </evidence>
                <evidence>
                    <source>pom</source>
                    <name>artifactid</name>
                    <value>bytelist</value>
                </evidence>
                <evidence>
                    <source>pom</source>
                    <name>artifactid</name>
                    <value>constantine</value>
                </evidence>
                <evidence>
                    <source>pom</source>
                    <name>artifactid</name>
                    <value>constantine</value>
                </evidence>
                <evidence>
                    <source>pom</source>
                    <name>artifactid</name>
                    <value>jaffl</value>
                </evidence>
                <evidence>
                    <source>pom</source>
                    <name>artifactid</name>
                    <value>jaffl</value>
                </evidence>
                <evidence>
                    <source>pom</source>
                    <name>artifactid</name>
                    <value>jcodings</value>
                </evidence>
                <evidence>
                    <source>pom</source>
                    <name>artifactid</name>
                    <value>jcodings</value>
                </evidence>
                <evidence>
                    <source>pom</source>
                    <name>artifactid</name>
                    <value>jffi</value>
                </evidence>
                <evidence>
                    <source>pom</source>
                    <name>artifactid</name>
                    <value>jffi</value>
                </evidence>
                <evidence>
                    <source>pom</source>
                    <name>artifactid</name>
                    <value>jline</value>
                </evidence>
                <evidence>
                    <source>pom</source>
                    <name>artifactid</name>
                    <value>jline</value>
                </evidence>
                <evidence>
                    <source>pom</source>
                    <name>artifactid</name>
                    <value>jnr-netdb</value>
                </evidence>
                <evidence>
                    <source>pom</source>
                    <name>artifactid</name>
                    <value>jnr-netdb</value>
                </evidence>
                <evidence>
                    <source>pom</source>
                    <name>artifactid</name>
                    <value>jnr-posix</value>
                </evidence>
                <evidence>
                    <source>pom</source>
                    <name>artifactid</name>
                    <value>jnr-posix</value>
                </evidence>
                <evidence>
                    <source>pom</source>
                    <name>artifactid</name>
                    <value>joni</value>
                </evidence>
                <evidence>
                    <source>pom</source>
                    <name>artifactid</name>
                    <value>joni</value>
                </evidence>
                <evidence>
                    <source>pom</source>
                    <name>description</name>
                    <value>Byte array based container</value>
                </evidence>
                <evidence>
                    <source>pom</source>
                    <name>description</name>
                    <value>Byte based encoding support library for java</value>
                </evidence>
                <evidence>
                    <source>pom</source>
                    <name>description</name>
                    <value>Common cross-project/cross-platform POSIX APIs</value>
                </evidence>
                <evidence>
                    <source>pom</source>
                    <name>description</name>
                    <value>Java port of Oniguruma: http://www.geocities.jp/kosako3/oniguruma
    that uses byte arrays directly instead of java Strings and chars</value>
                </evidence>
                <evidence>
                    <source>pom</source>
                    <name>description</name>
                    <value>A set of platform constants (e.g. errno values)</value>
                </evidence>
                <evidence>
                    <source>pom</source>
                    <name>description</name>
                    <value>An abstracted interface to invoking native functions from java</value>
                </evidence>
                <evidence>
                    <source>pom</source>
                    <name>description</name>
                    <value>Java wrapper around libffi</value>
                </evidence>
                <evidence>
                    <source>pom</source>
                    <name>description</name>
                    <value>JLine is a java library for reading and editing user input in console applications. It features tab-completion, command history, password masking, customizable keybindings, and pass-through handlers to use to chain to other console applications.</value>
                </evidence>
                <evidence>
                    <source>pom</source>
                    <name>description</name>
                    <value>Lookup TCP and UDP services from java</value>
                </evidence>
                <evidence>
                    <source>pom</source>
                    <name>groupid</name>
                    <value>jline</value>
                </evidence>
                <evidence>
                    <source>pom</source>
                    <name>groupid</name>
                    <value>jline</value>
                </evidence>
                <evidence>
                    <source>pom</source>
                    <name>groupid</name>
                    <value>jruby.ext.posix</value>
                </evidence>
                <evidence>
                    <source>pom</source>
                    <name>groupid</name>
                    <value>jruby.ext.posix</value>
                </evidence>
                <evidence>
                    <source>pom</source>
                    <name>groupid</name>
                    <value>jruby.extras</value>
                </evidence>
                <evidence>
                    <source>pom</source>
                    <name>groupid</name>
                    <value>jruby.extras</value>
                </evidence>
                <evidence>
                    <source>pom</source>
                    <name>groupid</name>
                    <value>jruby.jcodings</value>
                </evidence>
                <evidence>
                    <source>pom</source>
                    <name>groupid</name>
                    <value>jruby.jcodings</value>
                </evidence>
                <evidence>
                    <source>pom</source>
                    <name>groupid</name>
                    <value>jruby.joni</value>
                </evidence>
                <evidence>
                    <source>pom</source>
                    <name>groupid</name>
                    <value>jruby.joni</value>
                </evidence>
                <evidence>
                    <source>pom</source>
                    <name>name</name>
                    <value>ByteList</value>
                </evidence>
                <evidence>
                    <source>pom</source>
                    <name>name</name>
                    <value>constantine</value>
                </evidence>
                <evidence>
                    <source>pom</source>
                    <name>name</name>
                    <value>jaffl</value>
                </evidence>
                <evidence>
                    <source>pom</source>
                    <name>name</name>
                    <value>JCodings</value>
                </evidence>
                <evidence>
                    <source>pom</source>
                    <name>name</name>
                    <value>jffi</value>
                </evidence>
                <evidence>
                    <source>pom</source>
                    <name>name</name>
                    <value>JLine</value>
                </evidence>
                <evidence>
                    <source>pom</source>
                    <name>name</name>
                    <value>jnr-netdb</value>
                </evidence>
                <evidence>
                    <source>pom</source>
                    <name>name</name>
                    <value>jnr-posix</value>
                </evidence>
                <evidence>
                    <source>pom</source>
                    <name>name</name>
                    <value>Joni</value>
                </evidence>
                <evidence>
                    <source>pom</source>
                    <name>version</name>
                    <value>0.5.1</value>
                </evidence>
                <evidence>
                    <source>pom</source>
                    <name>version</name>
                    <value>0.7</value>
                </evidence>
                <evidence>
                    <source>pom</source>
                    <name>version</name>
                    <value>0.9.93</value>
                </evidence>
                <evidence>
                    <source>pom</source>
                    <name>version</name>
                    <value>1.0</value>
                </evidence>
                <evidence>
                    <source>pom</source>
                    <name>version</name>
                    <value>1.0.1</value>
                </evidence>
                <evidence>
                    <source>pom</source>
                    <name>version</name>
                    <value>1.0.4</value>
                </evidence>
                <evidence>
                    <source>pom</source>
                    <name>version</name>
                    <value>1.0.6</value>
                </evidence>
                <evidence>
                    <source>pom</source>
                    <name>version</name>
                    <value>1.1.4</value>
                </evidence>
            </evidenceCollected>
            <identifiers>
                <identifier type="cpe">
                    <name>(cpe:/a:jruby:jruby:1.0.1)</name>
                    <url>http://web.nvd.nist.gov/view/vuln/search?cpe=cpe%3A%2Fa%3Ajruby%3Ajruby%3A1.0.1</url>
                </identifier>
                <identifier type="cpe">
                    <name>(cpe:/a:jruby:jruby:1.1.4)</name>
                    <url>http://web.nvd.nist.gov/view/vuln/search?cpe=cpe%3A%2Fa%3Ajruby%3Ajruby%3A1.1.4</url>
                </identifier>
            </identifiers>
            <vulnerabilities>
                <vulnerability>
                    <name>CVE-2011-4838</name>
                    <cvssScore>7.8</cvssScore>
                    <severity>High</severity>
                    <cwe>CWE-20 Improper Input Validation</cwe>
                    <description>JRuby before 1.6.5.1 computes hash values without restricting the ability to trigger hash collisions predictably, which allows context-dependent attackers to cause a denial of service (CPU consumption) via crafted input to an application that maintains a hash table.</description>
                    <references>
                        <reference>
                            <source>BUGTRAQ</source>
                            <url>http://archives.neohapsis.com/archives/bugtraq/2011-12/0181.html</url>
                            <name>20111228 n.runs-SA-2011.004 - web programming languages and platforms - DoS through hash table</name>
                        </reference>
                        <reference>
                            <source>CERT-VN</source>
                            <url>http://www.kb.cert.org/vuls/id/903934</url>
                            <name>VU#903934</name>
                        </reference>
                        <reference>
                            <source>CONFIRM</source>
                            <url>http://jruby.org/2011/12/27/jruby-1-6-5-1.html</url>
                            <name>http://jruby.org/2011/12/27/jruby-1-6-5-1.html</name>
                        </reference>
                        <reference>
                            <source>GENTOO</source>
                            <url>http://security.gentoo.org/glsa/glsa-201207-06.xml</url>
                            <name>GLSA-201207-06</name>
                        </reference>
                        <reference>
                            <source>MISC</source>
                            <url>http://www.nruns.com/_downloads/advisory28122011.pdf</url>
                            <name>http://www.nruns.com/_downloads/advisory28122011.pdf</name>
                        </reference>
                        <reference>
                            <source>MISC</source>
                            <url>http://www.ocert.org/advisories/ocert-2011-003.html</url>
                            <name>http://www.ocert.org/advisories/ocert-2011-003.html</name>
                        </reference>
                        <reference>
                            <source>REDHAT</source>
                            <url>http://rhn.redhat.com/errata/RHSA-2012-1232.html</url>
                            <name>RHSA-2012:1232</name>
                        </reference>
                        <reference>
                            <source>SECUNIA</source>
                            <url>http://secunia.com/advisories/47407</url>
                            <name>47407</name>
                        </reference>
                        <reference>
                            <source>SECUNIA</source>
                            <url>http://secunia.com/advisories/50084</url>
                            <name>50084</name>
                        </reference>
                        <reference>
                            <source>XF</source>
                            <url>http://xforce.iss.net/xforce/xfdb/72019</url>
                            <name>jruby-hash-dos(72019)</name>
                        </reference>
                    </references>
                    <vulnerableSoftware>
                        <software>cpe:/a:jruby:jruby:0.9.0</software>
                        <software>cpe:/a:jruby:jruby:0.9.1</software>
                        <software>cpe:/a:jruby:jruby:0.9.2</software>
                        <software>cpe:/a:jruby:jruby:0.9.8</software>
                        <software>cpe:/a:jruby:jruby:0.9.9</software>
                        <software>cpe:/a:jruby:jruby:1.0</software>
                        <software>cpe:/a:jruby:jruby:1.0.0:rc1</software>
                        <software>cpe:/a:jruby:jruby:1.0.0:rc2</software>
                        <software>cpe:/a:jruby:jruby:1.0.0:rc3</software>
                        <software>cpe:/a:jruby:jruby:1.0.1</software>
                        <software>cpe:/a:jruby:jruby:1.0.2</software>
                        <software>cpe:/a:jruby:jruby:1.0.3</software>
                        <software>cpe:/a:jruby:jruby:1.1</software>
                        <software>cpe:/a:jruby:jruby:1.1:b1</software>
                        <software>cpe:/a:jruby:jruby:1.1:rc1</software>
                        <software>cpe:/a:jruby:jruby:1.1:rc2</software>
                        <software>cpe:/a:jruby:jruby:1.1:rc3</software>
                        <software>cpe:/a:jruby:jruby:1.1.1</software>
                        <software>cpe:/a:jruby:jruby:1.1.2</software>
                        <software>cpe:/a:jruby:jruby:1.1.3</software>
                        <software>cpe:/a:jruby:jruby:1.1.4</software>
                        <software>cpe:/a:jruby:jruby:1.1.5</software>
                        <software>cpe:/a:jruby:jruby:1.1.6</software>
                        <software>cpe:/a:jruby:jruby:1.1.6:rc1</software>
                        <software>cpe:/a:jruby:jruby:1.2.0</software>
                        <software>cpe:/a:jruby:jruby:1.2.0:rc1</software>
                        <software>cpe:/a:jruby:jruby:1.2.0:rc2</software>
                        <software>cpe:/a:jruby:jruby:1.3.0</software>
                        <software>cpe:/a:jruby:jruby:1.3.0:rc1</software>
                        <software>cpe:/a:jruby:jruby:1.3.0:rc2</software>
                        <software>cpe:/a:jruby:jruby:1.3.1</software>
                        <software>cpe:/a:jruby:jruby:1.4.0</software>
                        <software>cpe:/a:jruby:jruby:1.4.0:rc1</software>
                        <software>cpe:/a:jruby:jruby:1.4.0:rc2</software>
                        <software>cpe:/a:jruby:jruby:1.4.0:rc3</software>
                        <software>cpe:/a:jruby:jruby:1.4.1</software>
                        <software>cpe:/a:jruby:jruby:1.5.0</software>
                        <software>cpe:/a:jruby:jruby:1.5.0:rc1</software>
                        <software>cpe:/a:jruby:jruby:1.5.0:rc2</software>
                        <software>cpe:/a:jruby:jruby:1.5.0:rc3</software>
                        <software>cpe:/a:jruby:jruby:1.5.1</software>
                        <software>cpe:/a:jruby:jruby:1.5.2</software>
                        <software>cpe:/a:jruby:jruby:1.5.3</software>
                        <software>cpe:/a:jruby:jruby:1.5.4</software>
                        <software>cpe:/a:jruby:jruby:1.5.5</software>
                        <software>cpe:/a:jruby:jruby:1.5.6</software>
                        <software>cpe:/a:jruby:jruby:1.6.0</software>
                        <software>cpe:/a:jruby:jruby:1.6.0:rc1</software>
                        <software>cpe:/a:jruby:jruby:1.6.0:rc2</software>
                        <software>cpe:/a:jruby:jruby:1.6.0:rc3</software>
                        <software>cpe:/a:jruby:jruby:1.6.1</software>
                        <software>cpe:/a:jruby:jruby:1.6.2</software>
                        <software>cpe:/a:jruby:jruby:1.6.3</software>
                        <software>cpe:/a:jruby:jruby:1.6.4</software>
                        <software allPreviousVersion="true">cpe:/a:jruby:jruby:1.6.5</software>
                    </vulnerableSoftware>
                </vulnerability>
                <vulnerability>
                    <name>CVE-2010-1330</name>
                    <cvssScore>4.3</cvssScore>
                    <severity>Medium</severity>
                    <cwe>CWE-79 Improper Neutralization of Input During Web Page Generation (&apos;Cross-site Scripting&apos;)</cwe>
                    <description>The regular expression engine in JRuby before 1.4.1, when $KCODE is set to &apos;u&apos;, does not properly handle characters immediately after a UTF-8 character, which allows remote attackers to conduct cross-site scripting (XSS) attacks via a crafted string.</description>
                    <references>
                        <reference>
                            <source>CONFIRM</source>
                            <url>http://www.jruby.org/2010/04/26/jruby-1-4-1-xss-vulnerability.html</url>
                            <name>http://www.jruby.org/2010/04/26/jruby-1-4-1-xss-vulnerability.html</name>
                        </reference>
                        <reference>
                            <source>MISC</source>
                            <url>https://bugs.gentoo.org/show_bug.cgi?id=317435</url>
                            <name>https://bugs.gentoo.org/show_bug.cgi?id=317435</name>
                        </reference>
                        <reference>
                            <source>MISC</source>
                            <url>https://bugzilla.redhat.com/show_bug.cgi?id=750306</url>
                            <name>https://bugzilla.redhat.com/show_bug.cgi?id=750306</name>
                        </reference>
                        <reference>
                            <source>OSVDB</source>
                            <url>http://www.osvdb.org/77297</url>
                            <name>77297</name>
                        </reference>
                        <reference>
                            <source>REDHAT</source>
                            <url>http://rhn.redhat.com/errata/RHSA-2011-1456.html</url>
                            <name>RHSA-2011:1456</name>
                        </reference>
                        <reference>
                            <source>SECUNIA</source>
                            <url>http://secunia.com/advisories/46891</url>
                            <name>46891</name>
                        </reference>
                        <reference>
                            <source>XF</source>
                            <url>http://xforce.iss.net/xforce/xfdb/80277</url>
                            <name>jruby-expression-engine-xss(80277)</name>
                        </reference>
                    </references>
                    <vulnerableSoftware>
                        <software>cpe:/a:jruby:jruby:0.9.0</software>
                        <software>cpe:/a:jruby:jruby:0.9.1</software>
                        <software>cpe:/a:jruby:jruby:0.9.2</software>
                        <software>cpe:/a:jruby:jruby:0.9.8</software>
                        <software>cpe:/a:jruby:jruby:0.9.9</software>
                        <software>cpe:/a:jruby:jruby:1.0</software>
                        <software>cpe:/a:jruby:jruby:1.0.0:rc1</software>
                        <software>cpe:/a:jruby:jruby:1.0.0:rc2</software>
                        <software>cpe:/a:jruby:jruby:1.0.0:rc3</software>
                        <software>cpe:/a:jruby:jruby:1.0.1</software>
                        <software>cpe:/a:jruby:jruby:1.0.2</software>
                        <software>cpe:/a:jruby:jruby:1.0.3</software>
                        <software>cpe:/a:jruby:jruby:1.1</software>
                        <software>cpe:/a:jruby:jruby:1.1:b1</software>
                        <software>cpe:/a:jruby:jruby:1.1:rc1</software>
                        <software>cpe:/a:jruby:jruby:1.1:rc2</software>
                        <software>cpe:/a:jruby:jruby:1.1:rc3</software>
                        <software>cpe:/a:jruby:jruby:1.1.1</software>
                        <software>cpe:/a:jruby:jruby:1.1.2</software>
                        <software>cpe:/a:jruby:jruby:1.1.3</software>
                        <software>cpe:/a:jruby:jruby:1.1.4</software>
                        <software>cpe:/a:jruby:jruby:1.1.5</software>
                        <software>cpe:/a:jruby:jruby:1.1.6</software>
                        <software>cpe:/a:jruby:jruby:1.1.6:rc1</software>
                        <software>cpe:/a:jruby:jruby:1.2.0</software>
                        <software>cpe:/a:jruby:jruby:1.2.0:rc1</software>
                        <software>cpe:/a:jruby:jruby:1.2.0:rc2</software>
                        <software>cpe:/a:jruby:jruby:1.3.0</software>
                        <software>cpe:/a:jruby:jruby:1.3.0:rc1</software>
                        <software>cpe:/a:jruby:jruby:1.3.0:rc2</software>
                        <software>cpe:/a:jruby:jruby:1.3.1</software>
                        <software>cpe:/a:jruby:jruby:1.4.0</software>
                        <software allPreviousVersion="true">cpe:/a:jruby:jruby:1.4.0:rc1</software>
                        <software allPreviousVersion="true">cpe:/a:jruby:jruby:1.4.0:rc2</software>
                        <software allPreviousVersion="true">cpe:/a:jruby:jruby:1.4.0:rc3</software>
                    </vulnerableSoftware>
                </vulnerability>
            </vulnerabilities>
        </dependency>
    </dependencies>
</analysis>