<?xml version="1.0"?>
<analysis xmlns="https://www.owasp.org/index.php/OWASP_Dependency_Check">
    <projectInfo>
        <name>nakedobjects</name>
        <reportDate>Feb 18, 2014 3:09:33 PM</reportDate>
        <credits>This report contains data retrieved from the National Vulnerability Database: http://nvd.nist.gov</credits>
    </projectInfo>
    <dependencies>
        <dependency>
            <fileName>nakedobjects-4.0.0-libs-only-with-dependencies.jar</fileName>
            <filePath>/home/bcraig/Documents/Thesis/Analysis/reports/nakedobjects/Source/nakedobjects-4.0.0-libs-only-with-dependencies.jar</filePath>
            <md5>9F57A129137C9DA349580C5ABDB6170F</md5>
            <sha1>EC8B5F8BD022DA599CB1A742AD5F118EAC8D68D1</sha1>
            <description>A library for instantiating Java objects</description>
            <evidenceCollected>
                <evidence>
                    <source>file</source>
                    <name>name</name>
                    <value>4.0.0</value>
                </evidence>
                <evidence>
                    <source>file</source>
                    <name>name</name>
                    <value>nakedobjects-4.0.0-libs-only-with-dependencies</value>
                </evidence>
                <evidence>
                    <source>file</source>
                    <name>name</name>
                    <value>nakedobjects-4.0.0-libs-only-with-dependencies</value>
                </evidence>
                <evidence>
                    <source>jar</source>
                    <name>package</name>
                    <value>nakedobjects</value>
                </evidence>
                <evidence>
                    <source>jar</source>
                    <name>package name</name>
                    <value>api</value>
                </evidence>
                <evidence>
                    <source>jar</source>
                    <name>package name</name>
                    <value>applib</value>
                </evidence>
                <evidence>
                    <source>jar</source>
                    <name>package name</name>
                    <value>bootstrap</value>
                </evidence>
                <evidence>
                    <source>jar</source>
                    <name>package name</name>
                    <value>bytecode</value>
                </evidence>
                <evidence>
                    <source>jar</source>
                    <name>package name</name>
                    <value>cglib</value>
                </evidence>
                <evidence>
                    <source>jar</source>
                    <name>package name</name>
                    <value>cli</value>
                </evidence>
                <evidence>
                    <source>jar</source>
                    <name>package name</name>
                    <value>client</value>
                </evidence>
                <evidence>
                    <source>jar</source>
                    <name>package name</name>
                    <value>collection</value>
                </evidence>
                <evidence>
                    <source>jar</source>
                    <name>package name</name>
                    <value>collections</value>
                </evidence>
                <evidence>
                    <source>jar</source>
                    <name>package name</name>
                    <value>common</value>
                </evidence>
                <evidence>
                    <source>jar</source>
                    <name>package name</name>
                    <value>commons</value>
                </evidence>
                <evidence>
                    <source>jar</source>
                    <name>package name</name>
                    <value>container</value>
                </evidence>
                <evidence>
                    <source>jar</source>
                    <name>package name</name>
                    <value>core</value>
                </evidence>
                <evidence>
                    <source>jar</source>
                    <name>package name</name>
                    <value>dnd</value>
                </evidence>
                <evidence>
                    <source>jar</source>
                    <name>package name</name>
                    <value>drag</value>
                </evidence>
                <evidence>
                    <source>jar</source>
                    <name>package name</name>
                    <value>embedded</value>
                </evidence>
                <evidence>
                    <source>jar</source>
                    <name>package name</name>
                    <value>frame</value>
                </evidence>
                <evidence>
                    <source>jar</source>
                    <name>package name</name>
                    <value>framework</value>
                </evidence>
                <evidence>
                    <source>jar</source>
                    <name>package name</name>
                    <value>hamcrest</value>
                </evidence>
                <evidence>
                    <source>jar</source>
                    <name>package name</name>
                    <value>headless</value>
                </evidence>
                <evidence>
                    <source>jar</source>
                    <name>package name</name>
                    <value>html</value>
                </evidence>
                <evidence>
                    <source>jar</source>
                    <name>package name</name>
                    <value>http</value>
                </evidence>
                <evidence>
                    <source>jar</source>
                    <name>package name</name>
                    <value>integration</value>
                </evidence>
                <evidence>
                    <source>jar</source>
                    <name>package name</name>
                    <value>io</value>
                </evidence>
                <evidence>
                    <source>jar</source>
                    <name>package name</name>
                    <value>is</value>
                </evidence>
                <evidence>
                    <source>jar</source>
                    <name>package name</name>
                    <value>javassist</value>
                </evidence>
                <evidence>
                    <source>jar</source>
                    <name>package name</name>
                    <value>jetty</value>
                </evidence>
                <evidence>
                    <source>jar</source>
                    <name>package name</name>
                    <value>jmock</value>
                </evidence>
                <evidence>
                    <source>jar</source>
                    <name>package name</name>
                    <value>junit</value>
                </evidence>
                <evidence>
                    <source>jar</source>
                    <name>package name</name>
                    <value>junit4</value>
                </evidence>
                <evidence>
                    <source>jar</source>
                    <name>package name</name>
                    <value>lib</value>
                </evidence>
                <evidence>
                    <source>jar</source>
                    <name>package name</name>
                    <value>metamodel</value>
                </evidence>
                <evidence>
                    <source>jar</source>
                    <name>package name</name>
                    <value>mortbay</value>
                </evidence>
                <evidence>
                    <source>jar</source>
                    <name>package name</name>
                    <value>nakedobject</value>
                </evidence>
                <evidence>
                    <source>jar</source>
                    <name>package name</name>
                    <value>nakedobjects</value>
                </evidence>
                <evidence>
                    <source>jar</source>
                    <name>package name</name>
                    <value>nt</value>
                </evidence>
                <evidence>
                    <source>jar</source>
                    <name>package name</name>
                    <value>object</value>
                </evidence>
                <evidence>
                    <source>jar</source>
                    <name>package name</name>
                    <value>objenesis</value>
                </evidence>
                <evidence>
                    <source>jar</source>
                    <name>package name</name>
                    <value>or</value>
                </evidence>
                <evidence>
                    <source>jar</source>
                    <name>package name</name>
                    <value>plugins</value>
                </evidence>
                <evidence>
                    <source>jar</source>
                    <name>package name</name>
                    <value>remoting</value>
                </evidence>
                <evidence>
                    <source>jar</source>
                    <name>package name</name>
                    <value>runtime</value>
                </evidence>
                <evidence>
                    <source>jar</source>
                    <name>package name</name>
                    <value>server</value>
                </evidence>
                <evidence>
                    <source>jar</source>
                    <name>package name</name>
                    <value>servlet</value>
                </evidence>
                <evidence>
                    <source>jar</source>
                    <name>package name</name>
                    <value>spec</value>
                </evidence>
                <evidence>
                    <source>jar</source>
                    <name>package name</name>
                    <value>specification</value>
                </evidence>
                <evidence>
                    <source>jar</source>
                    <name>package name</name>
                    <value>time</value>
                </evidence>
                <evidence>
                    <source>jar</source>
                    <name>package name</name>
                    <value>type</value>
                </evidence>
                <evidence>
                    <source>jar</source>
                    <name>package name</name>
                    <value>util</value>
                </evidence>
                <evidence>
                    <source>jar</source>
                    <name>package name</name>
                    <value>utility</value>
                </evidence>
                <evidence>
                    <source>jar</source>
                    <name>package name</name>
                    <value>view</value>
                </evidence>
                <evidence>
                    <source>jar</source>
                    <name>package name</name>
                    <value>viewer</value>
                </evidence>
                <evidence>
                    <source>jar</source>
                    <name>package name</name>
                    <value>web</value>
                </evidence>
                <evidence>
                    <source>jar</source>
                    <name>package name</name>
                    <value>webapp</value>
                </evidence>
                <evidence>
                    <source>jar</source>
                    <name>package name</name>
                    <value>webserver</value>
                </evidence>
                <evidence>
                    <source>jar</source>
                    <name>package name</name>
                    <value>x</value>
                </evidence>
                <evidence>
                    <source>jar</source>
                    <name>package name</name>
                    <value>xml</value>
                </evidence>
                <evidence>
                    <source>jar</source>
                    <name>package name</name>
                    <value>xstream</value>
                </evidence>
                <evidence>
                    <source>pom</source>
                    <name>artifactid</name>
                    <value>applib</value>
                </evidence>
                <evidence>
                    <source>pom</source>
                    <name>artifactid</name>
                    <value>applib</value>
                </evidence>
                <evidence>
                    <source>pom</source>
                    <name>artifactid</name>
                    <value>bytecode-cglib</value>
                </evidence>
                <evidence>
                    <source>pom</source>
                    <name>artifactid</name>
                    <value>bytecode-cglib</value>
                </evidence>
                <evidence>
                    <source>pom</source>
                    <name>artifactid</name>
                    <value>bytecode-javassist</value>
                </evidence>
                <evidence>
                    <source>pom</source>
                    <name>artifactid</name>
                    <value>bytecode-javassist</value>
                </evidence>
                <evidence>
                    <source>pom</source>
                    <name>artifactid</name>
                    <value>commons-collections</value>
                </evidence>
                <evidence>
                    <source>pom</source>
                    <name>artifactid</name>
                    <value>commons-collections</value>
                </evidence>
                <evidence>
                    <source>pom</source>
                    <name>artifactid</name>
                    <value>dnd-viewer</value>
                </evidence>
                <evidence>
                    <source>pom</source>
                    <name>artifactid</name>
                    <value>dnd-viewer</value>
                </evidence>
                <evidence>
                    <source>pom</source>
                    <name>artifactid</name>
                    <value>hamcrest-core</value>
                </evidence>
                <evidence>
                    <source>pom</source>
                    <name>artifactid</name>
                    <value>hamcrest-core</value>
                </evidence>
                <evidence>
                    <source>pom</source>
                    <name>artifactid</name>
                    <value>hamcrest-library</value>
                </evidence>
                <evidence>
                    <source>pom</source>
                    <name>artifactid</name>
                    <value>hamcrest-library</value>
                </evidence>
                <evidence>
                    <source>pom</source>
                    <name>artifactid</name>
                    <value>headless-applib</value>
                </evidence>
                <evidence>
                    <source>pom</source>
                    <name>artifactid</name>
                    <value>headless-applib</value>
                </evidence>
                <evidence>
                    <source>pom</source>
                    <name>artifactid</name>
                    <value>headless-embedded</value>
                </evidence>
                <evidence>
                    <source>pom</source>
                    <name>artifactid</name>
                    <value>headless-embedded</value>
                </evidence>
                <evidence>
                    <source>pom</source>
                    <name>artifactid</name>
                    <value>headless-junit</value>
                </evidence>
                <evidence>
                    <source>pom</source>
                    <name>artifactid</name>
                    <value>headless-junit</value>
                </evidence>
                <evidence>
                    <source>pom</source>
                    <name>artifactid</name>
                    <value>headless-viewer</value>
                </evidence>
                <evidence>
                    <source>pom</source>
                    <name>artifactid</name>
                    <value>headless-viewer</value>
                </evidence>
                <evidence>
                    <source>pom</source>
                    <name>artifactid</name>
                    <value>html-viewer</value>
                </evidence>
                <evidence>
                    <source>pom</source>
                    <name>artifactid</name>
                    <value>html-viewer</value>
                </evidence>
                <evidence>
                    <source>pom</source>
                    <name>artifactid</name>
                    <value>http-remoting-client</value>
                </evidence>
                <evidence>
                    <source>pom</source>
                    <name>artifactid</name>
                    <value>http-remoting-client</value>
                </evidence>
                <evidence>
                    <source>pom</source>
                    <name>artifactid</name>
                    <value>http-remoting-server</value>
                </evidence>
                <evidence>
                    <source>pom</source>
                    <name>artifactid</name>
                    <value>http-remoting-server</value>
                </evidence>
                <evidence>
                    <source>pom</source>
                    <name>artifactid</name>
                    <value>jetty</value>
                </evidence>
                <evidence>
                    <source>pom</source>
                    <name>artifactid</name>
                    <value>jetty</value>
                </evidence>
                <evidence>
                    <source>pom</source>
                    <name>artifactid</name>
                    <value>jetty-util</value>
                </evidence>
                <evidence>
                    <source>pom</source>
                    <name>artifactid</name>
                    <value>jetty-util</value>
                </evidence>
                <evidence>
                    <source>pom</source>
                    <name>artifactid</name>
                    <value>jmock</value>
                </evidence>
                <evidence>
                    <source>pom</source>
                    <name>artifactid</name>
                    <value>jmock</value>
                </evidence>
                <evidence>
                    <source>pom</source>
                    <name>artifactid</name>
                    <value>jmock-junit4</value>
                </evidence>
                <evidence>
                    <source>pom</source>
                    <name>artifactid</name>
                    <value>jmock-junit4</value>
                </evidence>
                <evidence>
                    <source>pom</source>
                    <name>artifactid</name>
                    <value>metamodel</value>
                </evidence>
                <evidence>
                    <source>pom</source>
                    <name>artifactid</name>
                    <value>metamodel</value>
                </evidence>
                <evidence>
                    <source>pom</source>
                    <name>artifactid</name>
                    <value>objenesis</value>
                </evidence>
                <evidence>
                    <source>pom</source>
                    <name>artifactid</name>
                    <value>objenesis</value>
                </evidence>
                <evidence>
                    <source>pom</source>
                    <name>artifactid</name>
                    <value>remoting</value>
                </evidence>
                <evidence>
                    <source>pom</source>
                    <name>artifactid</name>
                    <value>remoting</value>
                </evidence>
                <evidence>
                    <source>pom</source>
                    <name>artifactid</name>
                    <value>runtime</value>
                </evidence>
                <evidence>
                    <source>pom</source>
                    <name>artifactid</name>
                    <value>runtime</value>
                </evidence>
                <evidence>
                    <source>pom</source>
                    <name>artifactid</name>
                    <value>servlet-api</value>
                </evidence>
                <evidence>
                    <source>pom</source>
                    <name>artifactid</name>
                    <value>servlet-api</value>
                </evidence>
                <evidence>
                    <source>pom</source>
                    <name>artifactid</name>
                    <value>webapp</value>
                </evidence>
                <evidence>
                    <source>pom</source>
                    <name>artifactid</name>
                    <value>webapp</value>
                </evidence>
                <evidence>
                    <source>pom</source>
                    <name>artifactid</name>
                    <value>webserver</value>
                </evidence>
                <evidence>
                    <source>pom</source>
                    <name>artifactid</name>
                    <value>webserver</value>
                </evidence>
                <evidence>
                    <source>pom</source>
                    <name>artifactid</name>
                    <value>xml-persistor</value>
                </evidence>
                <evidence>
                    <source>pom</source>
                    <name>artifactid</name>
                    <value>xml-persistor</value>
                </evidence>
                <evidence>
                    <source>pom</source>
                    <name>artifactid</name>
                    <value>xstream</value>
                </evidence>
                <evidence>
                    <source>pom</source>
                    <name>artifactid</name>
                    <value>xstream</value>
                </evidence>
                <evidence>
                    <source>pom</source>
                    <name>artifactid</name>
                    <value>xstream-marshalling</value>
                </evidence>
                <evidence>
                    <source>pom</source>
                    <name>artifactid</name>
                    <value>xstream-marshalling</value>
                </evidence>
                <evidence>
                    <source>pom</source>
                    <name>description</name>
                    <value>A library for instantiating Java objects</value>
                </evidence>
                <evidence>
                    <source>pom</source>
                    <name>description</name>
                    <value>Jetty server core</value>
                </evidence>
                <evidence>
                    <source>pom</source>
                    <name>description</name>
                    <value>Servlet Specification API</value>
                </evidence>
                <evidence>
                    <source>pom</source>
                    <name>description</name>
                    <value>Types that extend and augment the Java Collections Framework.</value>
                </evidence>
                <evidence>
                    <source>pom</source>
                    <name>description</name>
                    <value>Utility classes for Jetty</value>
                </evidence>
                <evidence>
                    <source>pom</source>
                    <name>groupid</name>
                    <value>commons-collections</value>
                </evidence>
                <evidence>
                    <source>pom</source>
                    <name>groupid</name>
                    <value>commons-collections</value>
                </evidence>
                <evidence>
                    <source>pom</source>
                    <name>groupid</name>
                    <value>mortbay.jetty</value>
                </evidence>
                <evidence>
                    <source>pom</source>
                    <name>groupid</name>
                    <value>mortbay.jetty</value>
                </evidence>
                <evidence>
                    <source>pom</source>
                    <name>groupid</name>
                    <value>nakedobjects.core</value>
                </evidence>
                <evidence>
                    <source>pom</source>
                    <name>groupid</name>
                    <value>nakedobjects.core</value>
                </evidence>
                <evidence>
                    <source>pom</source>
                    <name>groupid</name>
                    <value>nakedobjects.plugins</value>
                </evidence>
                <evidence>
                    <source>pom</source>
                    <name>groupid</name>
                    <value>nakedobjects.plugins</value>
                </evidence>
                <evidence>
                    <source>pom</source>
                    <name>name</name>
                    <value>Application Library</value>
                </evidence>
                <evidence>
                    <source>pom</source>
                    <name>name</name>
                    <value>Commons Collections</value>
                </evidence>
                <evidence>
                    <source>pom</source>
                    <name>name</name>
                    <value>Core Cglib Bytecode</value>
                </evidence>
                <evidence>
                    <source>pom</source>
                    <name>name</name>
                    <value>Core Javassist Bytecode</value>
                </evidence>
                <evidence>
                    <source>pom</source>
                    <name>name</name>
                    <value>Core MetaModel</value>
                </evidence>
                <evidence>
                    <source>pom</source>
                    <name>name</name>
                    <value>Core Remoting (Client/Server Support)</value>
                </evidence>
                <evidence>
                    <source>pom</source>
                    <name>name</name>
                    <value>Core Runtime</value>
                </evidence>
                <evidence>
                    <source>pom</source>
                    <name>name</name>
                    <value>Core Web Container (Jetty)</value>
                </evidence>
                <evidence>
                    <source>pom</source>
                    <name>name</name>
                    <value>Core Webapp Bootstrapper</value>
                </evidence>
                <evidence>
                    <source>pom</source>
                    <name>name</name>
                    <value>Drag-n-Drop Viewer</value>
                </evidence>
                <evidence>
                    <source>pom</source>
                    <name>name</name>
                    <value>Hamcrest Core</value>
                </evidence>
                <evidence>
                    <source>pom</source>
                    <name>name</name>
                    <value>Hamcrest Library</value>
                </evidence>
                <evidence>
                    <source>pom</source>
                    <name>name</name>
                    <value>Headless JUnit Integration</value>
                </evidence>
                <evidence>
                    <source>pom</source>
                    <name>name</name>
                    <value>Headless Viewer</value>
                </evidence>
                <evidence>
                    <source>pom</source>
                    <name>name</name>
                    <value>Headless Viewer Applib</value>
                </evidence>
                <evidence>
                    <source>pom</source>
                    <name>name</name>
                    <value>Headless Viewer Embedded</value>
                </evidence>
                <evidence>
                    <source>pom</source>
                    <name>name</name>
                    <value>Html Viewer</value>
                </evidence>
                <evidence>
                    <source>pom</source>
                    <name>name</name>
                    <value>HTTP Remoting (Client-side)</value>
                </evidence>
                <evidence>
                    <source>pom</source>
                    <name>name</name>
                    <value>HTTP Remoting (Server-side)</value>
                </evidence>
                <evidence>
                    <source>pom</source>
                    <name>name</name>
                    <value>Jetty Server</value>
                </evidence>
                <evidence>
                    <source>pom</source>
                    <name>name</name>
                    <value>Jetty Utilities</value>
                </evidence>
                <evidence>
                    <source>pom</source>
                    <name>name</name>
                    <value>jMock 2 Core</value>
                </evidence>
                <evidence>
                    <source>pom</source>
                    <name>name</name>
                    <value>jMock JUnit 4 Extension</value>
                </evidence>
                <evidence>
                    <source>pom</source>
                    <name>name</name>
                    <value>Objenesis</value>
                </evidence>
                <evidence>
                    <source>pom</source>
                    <name>name</name>
                    <value>Servlet Specification API</value>
                </evidence>
                <evidence>
                    <source>pom</source>
                    <name>name</name>
                    <value>XML Persistor</value>
                </evidence>
                <evidence>
                    <source>pom</source>
                    <name>name</name>
                    <value>XStream Core</value>
                </evidence>
                <evidence>
                    <source>pom</source>
                    <name>name</name>
                    <value>XStream Marshalling</value>
                </evidence>
                <evidence>
                    <source>pom</source>
                    <name>version</name>
                    <value>1.0.0</value>
                </evidence>
                <evidence>
                    <source>pom</source>
                    <name>version</name>
                    <value>2.5-20081211</value>
                </evidence>
                <evidence>
                    <source>pom</source>
                    <name>version</name>
                    <value>3.2.1</value>
                </evidence>
            </evidenceCollected>
            <identifiers>
                <identifier type="cpe">
                    <name>(cpe:/a:jetty:jetty:4.0.0)</name>
                </identifier>
                <identifier type="cpe">
                    <name>(cpe:/a:jetty:jetty_http_server:4.0.0)</name>
                    <url>http://web.nvd.nist.gov/view/vuln/search?cpe=cpe%3A%2Fa%3Ajetty%3Ajetty_http_server%3A4.0.0</url>
                </identifier>
                <identifier type="cpe">
                    <name>(cpe:/a:m-core:m-core)</name>
                    <url>http://web.nvd.nist.gov/view/vuln/search?cpe=cpe%3A%2Fa%3Am-core%3Am-core</url>
                </identifier>
                <identifier type="cpe">
                    <name>(cpe:/a:mortbay_jetty:jetty:1.0)</name>
                    <url>http://web.nvd.nist.gov/view/vuln/search?cpe=cpe%3A%2Fa%3Amortbay_jetty%3Ajetty%3A1.0</url>
                </identifier>
                <identifier type="cpe">
                    <name>(cpe:/a:mortbay_jetty:jetty:4.0)</name>
                    <url>http://web.nvd.nist.gov/view/vuln/search?cpe=cpe%3A%2Fa%3Amortbay_jetty%3Ajetty%3A4.0</url>
                </identifier>
            </identifiers>
            <vulnerabilities>
                <vulnerability>
                    <name>CVE-2007-5615</name>
                    <cvssScore>5.0</cvssScore>
                    <severity>Medium</severity>
                    <cwe>CWE-94 Improper Control of Generation of Code (&apos;Code Injection&apos;)</cwe>
                    <description>CRLF injection vulnerability in Mortbay Jetty before 6.1.6rc0 allows remote attackers to inject arbitrary HTTP headers and conduct HTTP response splitting attacks via unspecified vectors.</description>
                    <references>
                        <reference>
                            <source>BID</source>
                            <url>http://www.securityfocus.com/bid/26696</url>
                            <name>26696</name>
                        </reference>
                        <reference>
                            <source>CERT-VN</source>
                            <url>http://www.kb.cert.org/vuls/id/212984</url>
                            <name>VU#212984</name>
                        </reference>
                        <reference>
                            <source>CONFIRM</source>
                            <url>http://svn.codehaus.org/jetty/jetty/trunk/VERSION.txt</url>
                            <name>http://svn.codehaus.org/jetty/jetty/trunk/VERSION.txt</name>
                        </reference>
                        <reference>
                            <source>FEDORA</source>
                            <url>https://www.redhat.com/archives/fedora-package-announce/2008-July/msg00227.html</url>
                            <name>FEDORA-2008-6141</name>
                        </reference>
                        <reference>
                            <source>FEDORA</source>
                            <url>https://www.redhat.com/archives/fedora-package-announce/2008-July/msg00250.html</url>
                            <name>FEDORA-2008-6164</name>
                        </reference>
                        <reference>
                            <source>OSVDB</source>
                            <url>http://osvdb.org/42495</url>
                            <name>42495</name>
                        </reference>
                        <reference>
                            <source>SECUNIA</source>
                            <url>http://secunia.com/advisories/27925</url>
                            <name>27925</name>
                        </reference>
                        <reference>
                            <source>SECUNIA</source>
                            <url>http://secunia.com/advisories/30941</url>
                            <name>30941</name>
                        </reference>
                        <reference>
                            <source>SECUNIA</source>
                            <url>http://secunia.com/advisories/35143</url>
                            <name>35143</name>
                        </reference>
                        <reference>
                            <source>SUSE</source>
                            <url>http://lists.opensuse.org/opensuse-security-announce/2009-02/msg00002.html</url>
                            <name>SUSE-SR:2009:004</name>
                        </reference>
                    </references>
                    <vulnerableSoftware>
                        <software allPreviousVersion="true">cpe:/a:mortbay_jetty:jetty:6.1.6rc0</software>
                    </vulnerableSoftware>
                </vulnerability>
                <vulnerability>
                    <name>CVE-2007-5614</name>
                    <cvssScore>7.5</cvssScore>
                    <severity>High</severity>
                    <description>Mortbay Jetty before 6.1.6rc1 does not properly handle &quot;certain quote sequences&quot; in HTML cookie parameters, which allows remote attackers to hijack browser sessions via unspecified vectors.</description>
                    <references>
                        <reference>
                            <source>BID</source>
                            <url>http://www.securityfocus.com/bid/26695</url>
                            <name>26695</name>
                        </reference>
                        <reference>
                            <source>CERT-VN</source>
                            <url>http://www.kb.cert.org/vuls/id/438616</url>
                            <name>VU#438616</name>
                        </reference>
                        <reference>
                            <source>CONFIRM</source>
                            <url>http://svn.codehaus.org/jetty/jetty/trunk/VERSION.txt</url>
                            <name>http://svn.codehaus.org/jetty/jetty/trunk/VERSION.txt</name>
                        </reference>
                        <reference>
                            <source>FEDORA</source>
                            <url>https://www.redhat.com/archives/fedora-package-announce/2008-July/msg00227.html</url>
                            <name>FEDORA-2008-6141</name>
                        </reference>
                        <reference>
                            <source>FEDORA</source>
                            <url>https://www.redhat.com/archives/fedora-package-announce/2008-July/msg00250.html</url>
                            <name>FEDORA-2008-6164</name>
                        </reference>
                        <reference>
                            <source>OSVDB</source>
                            <url>http://osvdb.org/42496</url>
                            <name>42496</name>
                        </reference>
                        <reference>
                            <source>SECUNIA</source>
                            <url>http://secunia.com/advisories/27925</url>
                            <name>27925</name>
                        </reference>
                        <reference>
                            <source>SECUNIA</source>
                            <url>http://secunia.com/advisories/30941</url>
                            <name>30941</name>
                        </reference>
                        <reference>
                            <source>SECUNIA</source>
                            <url>http://secunia.com/advisories/35143</url>
                            <name>35143</name>
                        </reference>
                    </references>
                    <vulnerableSoftware>
                        <software>cpe:/a:mortbay_jetty:jetty:1.0</software>
                        <software>cpe:/a:mortbay_jetty:jetty:2.4</software>
                        <software>cpe:/a:mortbay_jetty:jetty:3.0</software>
                        <software>cpe:/a:mortbay_jetty:jetty:3.1</software>
                        <software>cpe:/a:mortbay_jetty:jetty:4.0</software>
                        <software>cpe:/a:mortbay_jetty:jetty:4.1</software>
                        <software>cpe:/a:mortbay_jetty:jetty:4.2</software>
                        <software>cpe:/a:mortbay_jetty:jetty:5</software>
                        <software>cpe:/a:mortbay_jetty:jetty:5.1</software>
                        <software>cpe:/a:mortbay_jetty:jetty:6</software>
                        <software>cpe:/a:mortbay_jetty:jetty:6.1</software>
                    </vulnerableSoftware>
                </vulnerability>
                <vulnerability>
                    <name>CVE-2007-5613</name>
                    <cvssScore>4.3</cvssScore>
                    <severity>Medium</severity>
                    <cwe>CWE-79 Improper Neutralization of Input During Web Page Generation (&apos;Cross-site Scripting&apos;)</cwe>
                    <description>Cross-site scripting (XSS) vulnerability in Dump Servlet in Mortbay Jetty before 6.1.6rc1 allows remote attackers to inject arbitrary web script or HTML via unspecified parameters and cookies.</description>
                    <references>
                        <reference>
                            <source>BID</source>
                            <url>http://www.securityfocus.com/bid/26697</url>
                            <name>26697</name>
                        </reference>
                        <reference>
                            <source>CERT-VN</source>
                            <url>http://www.kb.cert.org/vuls/id/237888</url>
                            <name>VU#237888</name>
                        </reference>
                        <reference>
                            <source>CONFIRM</source>
                            <url>http://jira.codehaus.org/browse/JETTY-452</url>
                            <name>http://jira.codehaus.org/browse/JETTY-452</name>
                        </reference>
                        <reference>
                            <source>CONFIRM</source>
                            <url>http://svn.codehaus.org/jetty/jetty/trunk/VERSION.txt</url>
                            <name>http://svn.codehaus.org/jetty/jetty/trunk/VERSION.txt</name>
                        </reference>
                        <reference>
                            <source>FEDORA</source>
                            <url>https://www.redhat.com/archives/fedora-package-announce/2008-July/msg00227.html</url>
                            <name>FEDORA-2008-6141</name>
                        </reference>
                        <reference>
                            <source>FEDORA</source>
                            <url>https://www.redhat.com/archives/fedora-package-announce/2008-July/msg00250.html</url>
                            <name>FEDORA-2008-6164</name>
                        </reference>
                        <reference>
                            <source>OSVDB</source>
                            <url>http://osvdb.org/42497</url>
                            <name>42497</name>
                        </reference>
                        <reference>
                            <source>SECUNIA</source>
                            <url>http://secunia.com/advisories/27925</url>
                            <name>27925</name>
                        </reference>
                        <reference>
                            <source>SECUNIA</source>
                            <url>http://secunia.com/advisories/30941</url>
                            <name>30941</name>
                        </reference>
                        <reference>
                            <source>SECUNIA</source>
                            <url>http://secunia.com/advisories/35143</url>
                            <name>35143</name>
                        </reference>
                        <reference>
                            <source>SUSE</source>
                            <url>http://lists.opensuse.org/opensuse-security-announce/2009-02/msg00002.html</url>
                            <name>SUSE-SR:2009:004</name>
                        </reference>
                    </references>
                    <vulnerableSoftware>
                        <software>cpe:/a:mortbay_jetty:jetty:1.0</software>
                        <software>cpe:/a:mortbay_jetty:jetty:2.4</software>
                        <software>cpe:/a:mortbay_jetty:jetty:3.0</software>
                        <software>cpe:/a:mortbay_jetty:jetty:3.1</software>
                        <software>cpe:/a:mortbay_jetty:jetty:4.0</software>
                        <software>cpe:/a:mortbay_jetty:jetty:4.1</software>
                        <software>cpe:/a:mortbay_jetty:jetty:4.2</software>
                        <software>cpe:/a:mortbay_jetty:jetty:5</software>
                        <software>cpe:/a:mortbay_jetty:jetty:5.1</software>
                        <software>cpe:/a:mortbay_jetty:jetty:6</software>
                        <software>cpe:/a:mortbay_jetty:jetty:6.1</software>
                    </vulnerableSoftware>
                </vulnerability>
                <vulnerability>
                    <name>CVE-2007-0156</name>
                    <cvssScore>7.5</cvssScore>
                    <severity>High</severity>
                    <description>M-Core stores the database under the web document root, which allows remote attackers to obtain sensitive information via a direct request to db/uyelik.mdb.</description>
                    <references>
                        <reference>
                            <source>BUGTRAQ</source>
                            <url>http://www.securityfocus.com/archive/1/archive/1/456235/100/0/threaded</url>
                            <name>20070107 M-Core Remote Password Disclosure Vulnerability</name>
                        </reference>
                        <reference>
                            <source>OSVDB</source>
                            <url>http://osvdb.org/33402</url>
                            <name>33402</name>
                        </reference>
                        <reference>
                            <source>SREASON</source>
                            <url>http://securityreason.com/securityalert/2124</url>
                            <name>2124</name>
                        </reference>
                        <reference>
                            <source>XF</source>
                            <url>http://xforce.iss.net/xforce/xfdb/31340</url>
                            <name>mcore-uyelik-info-disclosure(31340)</name>
                        </reference>
                    </references>
                    <vulnerableSoftware>
                        <software>cpe:/a:m-core:m-core</software>
                    </vulnerableSoftware>
                </vulnerability>
                <vulnerability>
                    <name>CVE-2004-2381</name>
                    <cvssScore>5.0</cvssScore>
                    <severity>Medium</severity>
                    <description>HttpRequest.java in Jetty HTTP Server before 4.2.19 allows remote attackers to cause denial of service (memory usage and application crash) via HTTP requests with a large Content-Length.</description>
                    <references>
                        <reference>
                            <source>BID</source>
                            <url>http://www.securityfocus.com/bid/9917</url>
                            <name>9917</name>
                        </reference>
                        <reference>
                            <source>CONFIRM</source>
                            <url>http://cvs.sourceforge.net/viewcvs.py/jetty/Jetty/src/org/mortbay/http/HttpRequest.java?r1=1.75&amp;r2=1.76</url>
                            <name>http://cvs.sourceforge.net/viewcvs.py/jetty/Jetty/src/org/mortbay/http/HttpRequest.java?r1=1.75&amp;r2=1.76</name>
                        </reference>
                        <reference>
                            <source>CONFIRM</source>
                            <url>http://sourceforge.net/project/shownotes.php?release_id=224743</url>
                            <name>http://sourceforge.net/project/shownotes.php?release_id=224743</name>
                        </reference>
                        <reference>
                            <source>OSVDB</source>
                            <url>http://www.osvdb.org/4387</url>
                            <name>4387</name>
                        </reference>
                        <reference>
                            <source>SECUNIA</source>
                            <url>http://secunia.com/advisories/11166/</url>
                            <name>11166</name>
                        </reference>
                        <reference>
                            <source>XF</source>
                            <url>http://xforce.iss.net/xforce/xfdb/15537</url>
                            <name>jetty-dos(15537)</name>
                        </reference>
                    </references>
                    <vulnerableSoftware>
                        <software>cpe:/a:jetty:jetty_http_server:4.0.0</software>
                        <software>cpe:/a:jetty:jetty_http_server:4.0.1</software>
                        <software>cpe:/a:jetty:jetty_http_server:4.0.1_rc0</software>
                        <software>cpe:/a:jetty:jetty_http_server:4.0.1_rc1</software>
                        <software>cpe:/a:jetty:jetty_http_server:4.0.1_rc2</software>
                        <software>cpe:/a:jetty:jetty_http_server:4.0.2</software>
                        <software>cpe:/a:jetty:jetty_http_server:4.0.3</software>
                        <software>cpe:/a:jetty:jetty_http_server:4.0.4</software>
                        <software>cpe:/a:jetty:jetty_http_server:4.0.5</software>
                        <software>cpe:/a:jetty:jetty_http_server:4.0.6</software>
                        <software>cpe:/a:jetty:jetty_http_server:4.0.b0</software>
                        <software>cpe:/a:jetty:jetty_http_server:4.0.b1</software>
                        <software>cpe:/a:jetty:jetty_http_server:4.0.b2</software>
                        <software>cpe:/a:jetty:jetty_http_server:4.0.d0</software>
                        <software>cpe:/a:jetty:jetty_http_server:4.0.d1</software>
                        <software>cpe:/a:jetty:jetty_http_server:4.0.d2</software>
                        <software>cpe:/a:jetty:jetty_http_server:4.0.d3</software>
                        <software>cpe:/a:jetty:jetty_http_server:4.0.d4</software>
                        <software>cpe:/a:jetty:jetty_http_server:4.0_rc1</software>
                        <software>cpe:/a:jetty:jetty_http_server:4.0_rc2</software>
                        <software>cpe:/a:jetty:jetty_http_server:4.0_rc3</software>
                        <software>cpe:/a:jetty:jetty_http_server:4.1.0</software>
                        <software>cpe:/a:jetty:jetty_http_server:4.1.0_rc0</software>
                        <software>cpe:/a:jetty:jetty_http_server:4.1.0_rc1</software>
                        <software>cpe:/a:jetty:jetty_http_server:4.1.0_rc2</software>
                        <software>cpe:/a:jetty:jetty_http_server:4.1.0_rc3</software>
                        <software>cpe:/a:jetty:jetty_http_server:4.1.0_rc4</software>
                        <software>cpe:/a:jetty:jetty_http_server:4.1.0_rc5</software>
                        <software>cpe:/a:jetty:jetty_http_server:4.1.0_rc6</software>
                        <software>cpe:/a:jetty:jetty_http_server:4.1.1</software>
                        <software>cpe:/a:jetty:jetty_http_server:4.1.2</software>
                        <software>cpe:/a:jetty:jetty_http_server:4.1.3</software>
                        <software>cpe:/a:jetty:jetty_http_server:4.1.4</software>
                        <software>cpe:/a:jetty:jetty_http_server:4.1.b0</software>
                        <software>cpe:/a:jetty:jetty_http_server:4.1.b1</software>
                        <software>cpe:/a:jetty:jetty_http_server:4.1.d0</software>
                        <software>cpe:/a:jetty:jetty_http_server:4.1.d1</software>
                        <software>cpe:/a:jetty:jetty_http_server:4.1.d2</software>
                        <software>cpe:/a:jetty:jetty_http_server:4.2.0</software>
                        <software>cpe:/a:jetty:jetty_http_server:4.2.0_beta0</software>
                        <software>cpe:/a:jetty:jetty_http_server:4.2.0_rc0</software>
                        <software>cpe:/a:jetty:jetty_http_server:4.2.0_rc1</software>
                        <software>cpe:/a:jetty:jetty_http_server:4.2.1</software>
                        <software>cpe:/a:jetty:jetty_http_server:4.2.10_pre0</software>
                        <software>cpe:/a:jetty:jetty_http_server:4.2.10_pre1</software>
                        <software>cpe:/a:jetty:jetty_http_server:4.2.14_rc0</software>
                        <software>cpe:/a:jetty:jetty_http_server:4.2.14_rc1</software>
                        <software>cpe:/a:jetty:jetty_http_server:4.2.15_rc0</software>
                        <software>cpe:/a:jetty:jetty_http_server:4.2.2</software>
                        <software>cpe:/a:jetty:jetty_http_server:4.2.3</software>
                        <software>cpe:/a:jetty:jetty_http_server:4.2.4</software>
                        <software>cpe:/a:jetty:jetty_http_server:4.2.4_rc0</software>
                        <software>cpe:/a:jetty:jetty_http_server:4.2.5</software>
                        <software>cpe:/a:jetty:jetty_http_server:4.2.6</software>
                        <software>cpe:/a:jetty:jetty_http_server:4.2.7</software>
                        <software>cpe:/a:jetty:jetty_http_server:4.2.9</software>
                        <software>cpe:/a:jetty:jetty_http_server:4.2.10</software>
                        <software>cpe:/a:jetty:jetty_http_server:4.2.11</software>
                        <software>cpe:/a:jetty:jetty_http_server:4.2.12</software>
                        <software>cpe:/a:jetty:jetty_http_server:4.2.14</software>
                        <software>cpe:/a:jetty:jetty_http_server:4.2.15</software>
                        <software>cpe:/a:jetty:jetty_http_server:4.2.16</software>
                        <software>cpe:/a:jetty:jetty_http_server:4.2.17</software>
                        <software>cpe:/a:jetty:jetty_http_server:4.2.18</software>
                        <software>cpe:/a:jetty:jetty_http_server:4.2.8_01</software>
                        <software>cpe:/a:jetty:jetty_http_server:4.2.9_rc1</software>
                        <software>cpe:/a:jetty:jetty_http_server:4.2.9_rc2</software>
                    </vulnerableSoftware>
                </vulnerability>
                <vulnerability>
                    <name>CVE-2002-1178</name>
                    <cvssScore>5.0</cvssScore>
                    <severity>Medium</severity>
                    <description>Directory traversal vulnerability in the CGIServlet for Jetty HTTP server before 4.1.0 allows remote attackers to execute arbitrary commands via ..\ (dot-dot backslash) sequences in an HTTP request to the cgi-bin directory.</description>
                    <references>
                        <reference>
                            <source>BID</source>
                            <url>http://www.securityfocus.com/bid/5852</url>
                            <name>5852</name>
                        </reference>
                        <reference>
                            <source>BUGTRAQ</source>
                            <url>http://marc.theaimsgroup.com/?l=bugtraq&amp;m=103358725813039&amp;w=2</url>
                            <name>20021002 wp-02-0011: Jetty CGIServlet Arbitrary Command Execution</name>
                        </reference>
                        <reference>
                            <source>CONFIRM</source>
                            <url>http://groups.yahoo.com/group/jetty-announce/message/45</url>
                            <name>http://groups.yahoo.com/group/jetty-announce/message/45</name>
                        </reference>
                        <reference>
                            <source>MISC</source>
                            <url>http://www.westpoint.ltd.uk/advisories/wp-02-0011.txt</url>
                            <name>http://www.westpoint.ltd.uk/advisories/wp-02-0011.txt</name>
                        </reference>
                        <reference>
                            <source>XF</source>
                            <url>http://www.iss.net/security_center/static/10246.php</url>
                            <name>jetty-cgiservlet-directory-traversal(10246)</name>
                        </reference>
                    </references>
                    <vulnerableSoftware>
                        <software allPreviousVersion="true">cpe:/a:jetty:jetty_http_server:4.1.0</software>
                    </vulnerableSoftware>
                </vulnerability>
            </vulnerabilities>
        </dependency>
    </dependencies>
</analysis>