<?xml version="1.0"?>
<analysis xmlns="https://www.owasp.org/index.php/OWASP_Dependency_Check">
    <projectInfo>
        <name>oscache</name>
        <reportDate>Feb 18, 2014 3:14:28 PM</reportDate>
        <credits>This report contains data retrieved from the National Vulnerability Database: http://nvd.nist.gov</credits>
    </projectInfo>
    <dependencies>
        <dependency>
            <fileName>oscache-2.4.1.jar</fileName>
            <filePath>/home/bcraig/Documents/Thesis/Analysis/reports/oscache/Source/oscache-2.4.1.jar</filePath>
            <md5>4595B5BC20ADC5EA13E491FD161378C8</md5>
            <sha1>41360A9850E50916CB7449A49F4E048E10898859</sha1>
            <evidenceCollected>
                <evidence>
                    <source>file</source>
                    <name>name</name>
                    <value>oscache-2.4.1</value>
                </evidence>
                <evidence>
                    <source>jar</source>
                    <name>package</name>
                    <value>base</value>
                </evidence>
                <evidence>
                    <source>jar</source>
                    <name>package</name>
                    <value>opensymphony</value>
                </evidence>
                <evidence>
                    <source>jar</source>
                    <name>package</name>
                    <value>oscache</value>
                </evidence>
                <evidence>
                    <source>jar</source>
                    <name>package name</name>
                    <value>cache</value>
                </evidence>
                <evidence>
                    <source>jar</source>
                    <name>package name</name>
                    <value>opensymphony</value>
                </evidence>
                <evidence>
                    <source>jar</source>
                    <name>package name</name>
                    <value>oscache</value>
                </evidence>
                <evidence>
                    <source>Manifest</source>
                    <name>Implementation-Title</name>
                    <value>OSCache</value>
                </evidence>
                <evidence>
                    <source>Manifest</source>
                    <name>Implementation-Vendor</name>
                    <value>OpenSymphony</value>
                </evidence>
            </evidenceCollected>
        </dependency>
    </dependencies>
</analysis>