<?xml version="1.0"?>
<analysis xmlns="https://www.owasp.org/index.php/OWASP_Dependency_Check">
    <projectInfo>
        <name>picocontainer</name>
        <reportDate>Feb 18, 2014 3:15:25 PM</reportDate>
        <credits>This report contains data retrieved from the National Vulnerability Database: http://nvd.nist.gov</credits>
    </projectInfo>
    <dependencies>
        <dependency>
            <fileName>picocontainer-2.10.2.jar</fileName>
            <filePath>/home/bcraig/Documents/Thesis/Analysis/reports/picocontainer/Source/picocontainer-2.10.2.jar</filePath>
            <md5>C8E7712340F042966B0EC7CFB702A3A7</md5>
            <sha1>14B8A63F2D07915CE96108862BF5193900FB194A</sha1>
            <evidenceCollected>
                <evidence>
                    <source>file</source>
                    <name>name</name>
                    <value>picocontainer-2.10.2</value>
                </evidence>
                <evidence>
                    <source>jar</source>
                    <name>package</name>
                    <value>picocontainer</value>
                </evidence>
                <evidence>
                    <source>jar</source>
                    <name>package name</name>
                    <value>paranamer</value>
                </evidence>
                <evidence>
                    <source>jar</source>
                    <name>package name</name>
                    <value>picocontainer</value>
                </evidence>
                <evidence>
                    <source>pom</source>
                    <name>artifactid</name>
                    <value>paranamer</value>
                </evidence>
                <evidence>
                    <source>pom</source>
                    <name>artifactid</name>
                    <value>paranamer</value>
                </evidence>
                <evidence>
                    <source>pom</source>
                    <name>artifactid</name>
                    <value>picocontainer</value>
                </evidence>
                <evidence>
                    <source>pom</source>
                    <name>artifactid</name>
                    <value>picocontainer</value>
                </evidence>
                <evidence>
                    <source>pom</source>
                    <name>name</name>
                    <value>ParaNamer Core</value>
                </evidence>
                <evidence>
                    <source>pom</source>
                    <name>name</name>
                    <value>PicoContainer Core</value>
                </evidence>
            </evidenceCollected>
        </dependency>
    </dependencies>
</analysis>