<?xml version="1.0"?>
<analysis xmlns="https://www.owasp.org/index.php/OWASP_Dependency_Check">
    <projectInfo>
        <name>pooka</name>
        <reportDate>Feb 18, 2014 3:18:28 PM</reportDate>
        <credits>This report contains data retrieved from the National Vulnerability Database: http://nvd.nist.gov</credits>
    </projectInfo>
    <dependencies>
        <dependency>
            <fileName>pooka_src_080505.jar</fileName>
            <filePath>/home/bcraig/Documents/Thesis/Analysis/reports/pooka/Source/pooka_src_080505.jar</filePath>
            <md5>8A472663FC515006278BC0509D2A14EF</md5>
            <sha1>9E74E62B270DE2D93F9197BEAE8B65CF63FAC9AA</sha1>
            <evidenceCollected>
                <evidence>
                    <source>file</source>
                    <name>name</name>
                    <value>pooka_src_080505</value>
                </evidence>
            </evidenceCollected>
        </dependency>
        <dependency>
            <fileName>pooka.jar</fileName>
            <filePath>/home/bcraig/Documents/Thesis/Analysis/reports/pooka/Source/pooka.jar</filePath>
            <md5>29B4020E0E95F42CFF6F2AD6A76D8DD7</md5>
            <sha1>A00E84612C2DF8CC059BE49BA5A92216C9553C98</sha1>
            <evidenceCollected>
                <evidence>
                    <source>file</source>
                    <name>name</name>
                    <value>pooka</value>
                </evidence>
            </evidenceCollected>
        </dependency>
    </dependencies>
</analysis>