<?xml version="1.0"?>
<analysis xmlns="https://www.owasp.org/index.php/OWASP_Dependency_Check">
    <projectInfo>
        <name>quartz</name>
        <reportDate>Feb 18, 2014 3:20:34 PM</reportDate>
        <credits>This report contains data retrieved from the National Vulnerability Database: http://nvd.nist.gov</credits>
    </projectInfo>
    <dependencies>
        <dependency>
            <fileName>quartz-jboss-1.8.3.jar</fileName>
            <filePath>/home/bcraig/Documents/Thesis/Analysis/reports/quartz/Source/quartz-jboss-1.8.3.jar</filePath>
            <md5>E5F628F8E1F333FE48D9FA2450202C74</md5>
            <sha1>A34CA6D0F8CE5361F68985230CF8F6AC8266A971</sha1>
            <evidenceCollected>
                <evidence>
                    <source>file</source>
                    <name>name</name>
                    <value>1.8.3</value>
                </evidence>
                <evidence>
                    <source>file</source>
                    <name>name</name>
                    <value>quartz-jboss-1.8.3</value>
                </evidence>
                <evidence>
                    <source>file</source>
                    <name>name</name>
                    <value>quartz-jboss-1.8.3</value>
                </evidence>
                <evidence>
                    <source>jar</source>
                    <name>package</name>
                    <value>ee</value>
                </evidence>
                <evidence>
                    <source>jar</source>
                    <name>package</name>
                    <value>jboss</value>
                </evidence>
                <evidence>
                    <source>jar</source>
                    <name>package</name>
                    <value>jmx</value>
                </evidence>
                <evidence>
                    <source>jar</source>
                    <name>package</name>
                    <value>quartz</value>
                </evidence>
                <evidence>
                    <source>jar</source>
                    <name>package name</name>
                    <value>jboss</value>
                </evidence>
                <evidence>
                    <source>jar</source>
                    <name>package name</name>
                    <value>quartz</value>
                </evidence>
                <evidence>
                    <source>pom</source>
                    <name>artifactid</name>
                    <value>quartz-jboss</value>
                </evidence>
                <evidence>
                    <source>pom</source>
                    <name>artifactid</name>
                    <value>quartz-jboss</value>
                </evidence>
                <evidence>
                    <source>pom</source>
                    <name>name</name>
                    <value>quartz-jboss</value>
                </evidence>
            </evidenceCollected>
            <identifiers>
                <identifier type="cpe">
                    <name>(cpe:/a:jboss:jboss)</name>
                    <url>http://web.nvd.nist.gov/view/vuln/search?cpe=cpe%3A%2Fa%3Ajboss%3Ajboss</url>
                </identifier>
            </identifiers>
            <vulnerabilities>
                <vulnerability>
                    <name>CVE-2007-1157</name>
                    <cvssScore>7.6</cvssScore>
                    <severity>High</severity>
                    <cwe>CWE-352</cwe>
                    <description>Cross-site request forgery (CSRF) vulnerability in jmx-console/HtmlAdaptor in JBoss allows remote attackers to perform privileged actions as administrators via certain MBean operations, a different vulnerability than CVE-2006-3733.</description>
                    <references>
                        <reference>
                            <source>BUGTRAQ</source>
                            <url>http://www.securityfocus.com/archive/1/archive/1/460934/100/0/threaded</url>
                            <name>20070222 JBoss jmx-console CSRF</name>
                        </reference>
                        <reference>
                            <source>BUGTRAQ</source>
                            <url>http://www.securityfocus.com/archive/1/461004/100/0/threaded</url>
                            <name>20070223 Re: JBoss jmx-console CSRF</name>
                        </reference>
                        <reference>
                            <source>OSVDB</source>
                            <url>http://osvdb.org/33142</url>
                            <name>33142</name>
                        </reference>
                        <reference>
                            <source>XF</source>
                            <url>http://xforce.iss.net/xforce/xfdb/32673</url>
                            <name>jboss-jmxconsole-csrf(32673)</name>
                        </reference>
                    </references>
                    <vulnerableSoftware>
                        <software>cpe:/a:jboss:jboss</software>
                    </vulnerableSoftware>
                </vulnerability>
            </vulnerabilities>
        </dependency>
        <dependency>
            <fileName>quartz-1.8.3.jar</fileName>
            <filePath>/home/bcraig/Documents/Thesis/Analysis/reports/quartz/Source/quartz-1.8.3.jar</filePath>
            <md5>D9A412378D566A841B146825EDD53FA0</md5>
            <sha1>AB6190A74E011961FB54F72F3DC81FF8117D7758</sha1>
            <evidenceCollected>
                <evidence>
                    <source>file</source>
                    <name>name</name>
                    <value>quartz-1.8.3</value>
                </evidence>
                <evidence>
                    <source>jar</source>
                    <name>package</name>
                    <value>quartz</value>
                </evidence>
                <evidence>
                    <source>jar</source>
                    <name>package name</name>
                    <value>job</value>
                </evidence>
                <evidence>
                    <source>jar</source>
                    <name>package name</name>
                    <value>quartz</value>
                </evidence>
                <evidence>
                    <source>jar</source>
                    <name>package name</name>
                    <value>scheduler</value>
                </evidence>
                <evidence>
                    <source>pom</source>
                    <name>artifactid</name>
                    <value>quartz</value>
                </evidence>
                <evidence>
                    <source>pom</source>
                    <name>artifactid</name>
                    <value>quartz</value>
                </evidence>
                <evidence>
                    <source>pom</source>
                    <name>name</name>
                    <value>Quartz Enterprise Job Scheduler</value>
                </evidence>
            </evidenceCollected>
        </dependency>
        <dependency>
            <fileName>quartz-weblogic-1.8.3.jar</fileName>
            <filePath>/home/bcraig/Documents/Thesis/Analysis/reports/quartz/Source/quartz-weblogic-1.8.3.jar</filePath>
            <md5>14FB8B3F84576DDBB6AAA948ABBAAA30</md5>
            <sha1>3E214673BAE62C6F2ADE75254AFDE994D881BD25</sha1>
            <evidenceCollected>
                <evidence>
                    <source>file</source>
                    <name>name</name>
                    <value>quartz-weblogic-1.8.3</value>
                </evidence>
                <evidence>
                    <source>jar</source>
                    <name>package</name>
                    <value>impl</value>
                </evidence>
                <evidence>
                    <source>jar</source>
                    <name>package</name>
                    <value>jdbcjobstore</value>
                </evidence>
                <evidence>
                    <source>jar</source>
                    <name>package</name>
                    <value>quartz</value>
                </evidence>
                <evidence>
                    <source>jar</source>
                    <name>package name</name>
                    <value>quartz</value>
                </evidence>
                <evidence>
                    <source>jar</source>
                    <name>package name</name>
                    <value>weblogic</value>
                </evidence>
                <evidence>
                    <source>pom</source>
                    <name>artifactid</name>
                    <value>quartz-weblogic</value>
                </evidence>
                <evidence>
                    <source>pom</source>
                    <name>artifactid</name>
                    <value>quartz-weblogic</value>
                </evidence>
                <evidence>
                    <source>pom</source>
                    <name>name</name>
                    <value>quartz-weblogic</value>
                </evidence>
            </evidenceCollected>
        </dependency>
        <dependency>
            <fileName>quartz-all-1.8.3.jar</fileName>
            <filePath>/home/bcraig/Documents/Thesis/Analysis/reports/quartz/Source/quartz-all-1.8.3.jar</filePath>
            <md5>8EC0ADA4216773F166593A8BB4A9EA8A</md5>
            <sha1>BDF0F494BE23C2A766185E1CCF6B227BDBE37931</sha1>
            <evidenceCollected>
                <evidence>
                    <source>file</source>
                    <name>name</name>
                    <value>quartz-all-1.8.3</value>
                </evidence>
                <evidence>
                    <source>jar</source>
                    <name>package</name>
                    <value>quartz</value>
                </evidence>
                <evidence>
                    <source>jar</source>
                    <name>package name</name>
                    <value>job</value>
                </evidence>
                <evidence>
                    <source>jar</source>
                    <name>package name</name>
                    <value>quartz</value>
                </evidence>
                <evidence>
                    <source>jar</source>
                    <name>package name</name>
                    <value>scheduler</value>
                </evidence>
                <evidence>
                    <source>pom</source>
                    <name>artifactid</name>
                    <value>quartz-all</value>
                </evidence>
                <evidence>
                    <source>pom</source>
                    <name>artifactid</name>
                    <value>quartz-all</value>
                </evidence>
                <evidence>
                    <source>pom</source>
                    <name>name</name>
                    <value>Quartz Enterprise Job Scheduler - Complete bundle</value>
                </evidence>
            </evidenceCollected>
        </dependency>
        <dependency>
            <fileName>quartz-oracle-1.8.3.jar</fileName>
            <filePath>/home/bcraig/Documents/Thesis/Analysis/reports/quartz/Source/quartz-oracle-1.8.3.jar</filePath>
            <md5>B728E1B74D0A33B93FA4610202E1440F</md5>
            <sha1>8B5D8ACC0BC8BEB824A0E0386B91954E3582C19C</sha1>
            <evidenceCollected>
                <evidence>
                    <source>file</source>
                    <name>name</name>
                    <value>quartz-oracle-1.8.3</value>
                </evidence>
                <evidence>
                    <source>jar</source>
                    <name>package</name>
                    <value>impl</value>
                </evidence>
                <evidence>
                    <source>jar</source>
                    <name>package</name>
                    <value>jdbcjobstore</value>
                </evidence>
                <evidence>
                    <source>jar</source>
                    <name>package</name>
                    <value>oracle</value>
                </evidence>
                <evidence>
                    <source>jar</source>
                    <name>package</name>
                    <value>quartz</value>
                </evidence>
                <evidence>
                    <source>jar</source>
                    <name>package name</name>
                    <value>oracle</value>
                </evidence>
                <evidence>
                    <source>jar</source>
                    <name>package name</name>
                    <value>quartz</value>
                </evidence>
                <evidence>
                    <source>jar (hint)</source>
                    <name>package name</name>
                    <value>sun</value>
                </evidence>
                <evidence>
                    <source>pom</source>
                    <name>artifactid</name>
                    <value>quartz-oracle</value>
                </evidence>
                <evidence>
                    <source>pom</source>
                    <name>artifactid</name>
                    <value>quartz-oracle</value>
                </evidence>
                <evidence>
                    <source>pom</source>
                    <name>name</name>
                    <value>quartz-oracle</value>
                </evidence>
            </evidenceCollected>
        </dependency>
        <dependency>
            <fileName>quartz-examples-1.8.3.jar</fileName>
            <filePath>/home/bcraig/Documents/Thesis/Analysis/reports/quartz/Source/quartz-examples-1.8.3.jar</filePath>
            <md5>E3B0A54116387BF36EFAAE26E33C8350</md5>
            <sha1>F0606EC8683510504B25DFB90F8C63BE4C432B2A</sha1>
            <evidenceCollected>
                <evidence>
                    <source>file</source>
                    <name>name</name>
                    <value>quartz-examples-1.8.3</value>
                </evidence>
                <evidence>
                    <source>jar</source>
                    <name>package</name>
                    <value>examples</value>
                </evidence>
                <evidence>
                    <source>jar</source>
                    <name>package</name>
                    <value>quartz</value>
                </evidence>
                <evidence>
                    <source>jar</source>
                    <name>package name</name>
                    <value>examples</value>
                </evidence>
                <evidence>
                    <source>jar</source>
                    <name>package name</name>
                    <value>quartz</value>
                </evidence>
                <evidence>
                    <source>pom</source>
                    <name>artifactid</name>
                    <value>quartz-examples</value>
                </evidence>
                <evidence>
                    <source>pom</source>
                    <name>artifactid</name>
                    <value>quartz-examples</value>
                </evidence>
                <evidence>
                    <source>pom</source>
                    <name>name</name>
                    <value>Quartz Example Applications</value>
                </evidence>
            </evidenceCollected>
        </dependency>
    </dependencies>
</analysis>