<?xml version="1.0"?>
<analysis xmlns="https://www.owasp.org/index.php/OWASP_Dependency_Check">
    <projectInfo>
        <name>roller</name>
        <reportDate>Feb 18, 2014 3:23:39 PM</reportDate>
        <credits>This report contains data retrieved from the National Vulnerability Database: http://nvd.nist.gov</credits>
    </projectInfo>
    <dependencies>
        <dependency>
            <fileName>roller-web.jar</fileName>
            <filePath>/home/bcraig/Documents/Thesis/Analysis/reports/roller/Source/roller-web.jar</filePath>
            <md5>F3195035AD7C94784881A00F9DB7FCC9</md5>
            <sha1>436EDE84B8EE7194944C11AC30B765BC8500BE66</sha1>
            <relatedDependencies>
                <relatedDependency>
                    <filePath>/home/bcraig/Documents/Thesis/Analysis/reports/roller/Source/roller-business.jar</filePath>
                    <sha1>AB1E6FAACC6B13B2561FCF944A91B892AC4B4748</sha1>
                    <md5>F865083D6B28A93B1D40706F0596F7B9</md5>
                </relatedDependency>
            </relatedDependencies>
            <evidenceCollected>
                <evidence>
                    <source>file</source>
                    <name>name</name>
                    <value>roller-web</value>
                </evidence>
                <evidence>
                    <source>jar</source>
                    <name>package</name>
                    <value>apache</value>
                </evidence>
                <evidence>
                    <source>jar</source>
                    <name>package</name>
                    <value>roller</value>
                </evidence>
                <evidence>
                    <source>jar</source>
                    <name>package</name>
                    <value>ui</value>
                </evidence>
                <evidence>
                    <source>jar</source>
                    <name>package</name>
                    <value>weblogger</value>
                </evidence>
            </evidenceCollected>
            <identifiers>
                <identifier type="cpe">
                    <name>(cpe:/a:apache:roller:-)</name>
                </identifier>
                <identifier type="cpe">
                    <name>(cpe:/a:roller_weblogger:roller_weblogger:-)</name>
                </identifier>
            </identifiers>
        </dependency>
        <dependency>
            <fileName>roller-core.jar</fileName>
            <filePath>/home/bcraig/Documents/Thesis/Analysis/reports/roller/Source/roller-core.jar</filePath>
            <md5>0DA16C61B3C721710D594641A13F6322</md5>
            <sha1>7C32E585D4612CF7116C0662701202C84CAA6674</sha1>
            <relatedDependencies>
                <relatedDependency>
                    <filePath>/home/bcraig/Documents/Thesis/Analysis/reports/roller/Source/roller-planet-business.jar</filePath>
                    <sha1>146AC6B6936B0FBA02A9800058CDEF8C0BF2208B</sha1>
                    <md5>657C93C4824B4CE53351F2E9997A6AE7</md5>
                </relatedDependency>
            </relatedDependencies>
            <evidenceCollected>
                <evidence>
                    <source>file</source>
                    <name>name</name>
                    <value>roller-core</value>
                </evidence>
                <evidence>
                    <source>jar</source>
                    <name>package</name>
                    <value>apache</value>
                </evidence>
                <evidence>
                    <source>jar</source>
                    <name>package</name>
                    <value>roller</value>
                </evidence>
                <evidence>
                    <source>jar</source>
                    <name>package</name>
                    <value>util</value>
                </evidence>
            </evidenceCollected>
            <identifiers>
                <identifier type="cpe">
                    <name>(cpe:/a:apache:roller:-)</name>
                </identifier>
            </identifiers>
        </dependency>
    </dependencies>
</analysis>