<?xml version="1.0"?>
<analysis xmlns="https://www.owasp.org/index.php/OWASP_Dependency_Check">
    <projectInfo>
        <name>sandmark</name>
        <reportDate>Feb 18, 2014 3:26:46 PM</reportDate>
        <credits>This report contains data retrieved from the National Vulnerability Database: http://nvd.nist.gov</credits>
    </projectInfo>
    <dependencies>
        <dependency>
            <fileName>sandmark.jar</fileName>
            <filePath>/home/bcraig/Documents/Thesis/Analysis/reports/sandmark/Source/sandmark.jar</filePath>
            <md5>F2B3F73CB47A593B31002979510B711A</md5>
            <sha1>4DFE338BA452FE84E22C76D81CB6D9EA6CE9F21D</sha1>
            <evidenceCollected>
                <evidence>
                    <source>file</source>
                    <name>name</name>
                    <value>sandmark</value>
                </evidence>
                <evidence>
                    <source>jar</source>
                    <name>package</name>
                    <value>sandmark</value>
                </evidence>
            </evidenceCollected>
        </dependency>
    </dependencies>
</analysis>