<?xml version="1.0"?>
<analysis xmlns="https://www.owasp.org/index.php/OWASP_Dependency_Check">
    <projectInfo>
        <name>sunflow</name>
        <reportDate>Feb 18, 2014 3:30:56 PM</reportDate>
        <credits>This report contains data retrieved from the National Vulnerability Database: http://nvd.nist.gov</credits>
    </projectInfo>
    <dependencies>
        <dependency>
            <fileName>sunflow.jar</fileName>
            <filePath>/home/bcraig/Documents/Thesis/Analysis/reports/sunflow/Source/sunflow.jar</filePath>
            <md5>F65FDEDE2CC1A54F27BCE171383690FC</md5>
            <sha1>C7CFB2FE627116E98B765B86ACC2C531D303ADA2</sha1>
            <evidenceCollected>
                <evidence>
                    <source>file</source>
                    <name>name</name>
                    <value>sunflow</value>
                </evidence>
                <evidence>
                    <source>jar</source>
                    <name>package</name>
                    <value>core</value>
                </evidence>
                <evidence>
                    <source>jar</source>
                    <name>package</name>
                    <value>sunflow</value>
                </evidence>
            </evidenceCollected>
        </dependency>
    </dependencies>
</analysis>