<?xml version="1.0"?>
<analysis xmlns="https://www.owasp.org/index.php/OWASP_Dependency_Check">
    <projectInfo>
        <name>wct</name>
        <reportDate>Feb 18, 2014 3:36:17 PM</reportDate>
        <credits>This report contains data retrieved from the National Vulnerability Database: http://nvd.nist.gov</credits>
    </projectInfo>
    <dependencies>
        <dependency>
            <fileName>wct-submit-to-rosetta.jar</fileName>
            <filePath>/home/bcraig/Documents/Thesis/Analysis/reports/wct/Source/wct-submit-to-rosetta.jar</filePath>
            <md5>C4750ED1D6DCC40D02915029F2EEC6F3</md5>
            <sha1>724DC01A46F37A3E68F953A71D4B26A7F1724794</sha1>
            <evidenceCollected>
                <evidence>
                    <source>file</source>
                    <name>name</name>
                    <value>wct-submit-to-rosetta</value>
                </evidence>
                <evidence>
                    <source>jar</source>
                    <name>package</name>
                    <value>govt</value>
                </evidence>
                <evidence>
                    <source>jar</source>
                    <name>package</name>
                    <value>natlib</value>
                </evidence>
                <evidence>
                    <source>jar</source>
                    <name>package</name>
                    <value>ndha</value>
                </evidence>
                <evidence>
                    <source>jar</source>
                    <name>package</name>
                    <value>nz</value>
                </evidence>
            </evidenceCollected>
        </dependency>
        <dependency>
            <fileName>wct-1.5.2-classes.jar</fileName>
            <filePath>/home/bcraig/Documents/Thesis/Analysis/reports/wct/Source/wct-1.5.2-classes.jar</filePath>
            <md5>85556D2E053EA45088A6FD816B3821B7</md5>
            <sha1>94674616F85EC15C6D0BA755819FF19FAA640E7E</sha1>
            <evidenceCollected>
                <evidence>
                    <source>file</source>
                    <name>name</name>
                    <value>wct-1.5.2-classes</value>
                </evidence>
                <evidence>
                    <source>jar</source>
                    <name>package</name>
                    <value>webcurator</value>
                </evidence>
            </evidenceCollected>
        </dependency>
    </dependencies>
</analysis>