<?xml version="1.0"?>
<analysis xmlns="https://www.owasp.org/index.php/OWASP_Dependency_Check">
    <projectInfo>
        <name>webmail</name>
        <reportDate>Feb 18, 2014 3:37:22 PM</reportDate>
        <credits>This report contains data retrieved from the National Vulnerability Database: http://nvd.nist.gov</credits>
    </projectInfo>
    <dependencies>
        <dependency>
            <fileName>webmail-common.jar</fileName>
            <filePath>/home/bcraig/Documents/Thesis/Analysis/reports/webmail/Source/webmail-common.jar</filePath>
            <md5>DAF286317520CA191F932CEB0D71BC0B</md5>
            <sha1>7DE676D62EB2AF487E49DF91BF9A371F138E6B5E</sha1>
            <evidenceCollected>
                <evidence>
                    <source>file</source>
                    <name>name</name>
                    <value>webmail-common</value>
                </evidence>
                <evidence>
                    <source>jar</source>
                    <name>package</name>
                    <value>net</value>
                </evidence>
                <evidence>
                    <source>jar</source>
                    <name>package</name>
                    <value>wastl</value>
                </evidence>
                <evidence>
                    <source>jar</source>
                    <name>package</name>
                    <value>webmail</value>
                </evidence>
            </evidenceCollected>
        </dependency>
    </dependencies>
</analysis>