<?xml version="1.0"?>
<analysis xmlns="https://www.owasp.org/index.php/OWASP_Dependency_Check">
    <projectInfo>
        <name>xalan</name>
        <reportDate>Feb 18, 2014 3:39:20 PM</reportDate>
        <credits>This report contains data retrieved from the National Vulnerability Database: http://nvd.nist.gov</credits>
    </projectInfo>
    <dependencies>
        <dependency>
            <fileName>xalan2jtaglet.jar</fileName>
            <filePath>/home/bcraig/Documents/Thesis/Analysis/reports/xalan/Source/xalan2jtaglet.jar</filePath>
            <md5>F52DD368B44CBB2BC38C93C553CF1F4B</md5>
            <sha1>8CC16D8AED26955D46AEF6DD961923D67D2F1A6D</sha1>
            <evidenceCollected>
                <evidence>
                    <source>file</source>
                    <name>name</name>
                    <value>xalan2jtaglet</value>
                </evidence>
                <evidence>
                    <source>jar</source>
                    <name>package</name>
                    <value>xalan2jtaglet</value>
                </evidence>
            </evidenceCollected>
        </dependency>
        <dependency>
            <fileName>xalansamples.jar</fileName>
            <filePath>/home/bcraig/Documents/Thesis/Analysis/reports/xalan/Source/xalansamples.jar</filePath>
            <md5>A52B4E4F02238D38360C0ECA18243A9D</md5>
            <sha1>402920DA236071084A7BD598FAAA158BE55B711B</sha1>
            <evidenceCollected>
                <evidence>
                    <source>file</source>
                    <name>name</name>
                    <value>xalansamples</value>
                </evidence>
            </evidenceCollected>
        </dependency>
        <dependency>
            <fileName>xalan.jar</fileName>
            <filePath>/home/bcraig/Documents/Thesis/Analysis/reports/xalan/Source/xalan.jar</filePath>
            <md5>F956FE53CE40FCEB3F35665470F30618</md5>
            <sha1>0EADCFDAA573CD5F163103DDFD46FF6457F35F54</sha1>
            <evidenceCollected>
                <evidence>
                    <source>file</source>
                    <name>name</name>
                    <value>xalan</value>
                </evidence>
                <evidence>
                    <source>jar</source>
                    <name>package</name>
                    <value>apache</value>
                </evidence>
            </evidenceCollected>
        </dependency>
        <dependency>
            <fileName>stylebook-1.0-b3_xalan-2.jar</fileName>
            <filePath>/home/bcraig/Documents/Thesis/Analysis/reports/xalan/Source/stylebook-1.0-b3_xalan-2.jar</filePath>
            <md5>FB163BE801C56992D4EB8C564F246553</md5>
            <sha1>66031167738EA535A66232A329FE8A88EDA6BF05</sha1>
            <evidenceCollected>
                <evidence>
                    <source>file</source>
                    <name>name</name>
                    <value>stylebook-1.0-b3_xalan-2</value>
                </evidence>
                <evidence>
                    <source>jar</source>
                    <name>package</name>
                    <value>apache</value>
                </evidence>
                <evidence>
                    <source>jar</source>
                    <name>package</name>
                    <value>stylebook</value>
                </evidence>
            </evidenceCollected>
        </dependency>
        <dependency>
            <fileName>xalan2jdoc.jar</fileName>
            <filePath>/home/bcraig/Documents/Thesis/Analysis/reports/xalan/Source/xalan2jdoc.jar</filePath>
            <md5>0BC4488F46E434744EC448AF8AA4B3EE</md5>
            <sha1>B5C08A4295808D43935DD3A3D6757C803FC536A6</sha1>
            <evidenceCollected>
                <evidence>
                    <source>file</source>
                    <name>name</name>
                    <value>xalan2jdoc</value>
                </evidence>
                <evidence>
                    <source>jar</source>
                    <name>package</name>
                    <value>xalanjdoc</value>
                </evidence>
            </evidenceCollected>
        </dependency>
    </dependencies>
</analysis>