<?xml version="1.0"?>
<analysis xmlns="https://www.owasp.org/index.php/OWASP_Dependency_Check">
    <projectInfo>
        <name>xmojo</name>
        <reportDate>Feb 18, 2014 3:41:24 PM</reportDate>
        <credits>This report contains data retrieved from the National Vulnerability Database: http://nvd.nist.gov</credits>
    </projectInfo>
    <dependencies>
        <dependency>
            <fileName>xmojoutils.jar</fileName>
            <filePath>/home/bcraig/Documents/Thesis/Analysis/reports/xmojo/Source/xmojoutils.jar</filePath>
            <md5>F5D5B3583CF6B6642C9AD774F633F2F1</md5>
            <sha1>072667CB8039EC628E5151D24C8752E534BC3178</sha1>
            <evidenceCollected>
                <evidence>
                    <source>file</source>
                    <name>name</name>
                    <value>xmojoutils</value>
                </evidence>
                <evidence>
                    <source>jar</source>
                    <name>package</name>
                    <value>adventnet</value>
                </evidence>
            </evidenceCollected>
        </dependency>
        <dependency>
            <fileName>xmojosrc.jar</fileName>
            <filePath>/home/bcraig/Documents/Thesis/Analysis/reports/xmojo/Source/xmojosrc.jar</filePath>
            <md5>B38A245C5C855D93DC815F08382CB938</md5>
            <sha1>FE622EFD19D5727AA571F675113191948E4ECB1F</sha1>
            <evidenceCollected>
                <evidence>
                    <source>file</source>
                    <name>name</name>
                    <value>xmojosrc</value>
                </evidence>
            </evidenceCollected>
        </dependency>
        <dependency>
            <fileName>xmojoadaptors.jar</fileName>
            <filePath>/home/bcraig/Documents/Thesis/Analysis/reports/xmojo/Source/xmojoadaptors.jar</filePath>
            <md5>20864629EFEA7CBCAAB4F1C866B1082D</md5>
            <sha1>3487262E6E50D77FA48C04D7A288F9EE58E93255</sha1>
            <evidenceCollected>
                <evidence>
                    <source>file</source>
                    <name>name</name>
                    <value>xmojoadaptors</value>
                </evidence>
                <evidence>
                    <source>jar</source>
                    <name>package</name>
                    <value>adaptors</value>
                </evidence>
                <evidence>
                    <source>jar</source>
                    <name>package</name>
                    <value>adventnet</value>
                </evidence>
            </evidenceCollected>
        </dependency>
        <dependency>
            <fileName>xmojo.jar</fileName>
            <filePath>/home/bcraig/Documents/Thesis/Analysis/reports/xmojo/Source/xmojo.jar</filePath>
            <md5>87C03E87FD22BF8CE5B0F080C81B861F</md5>
            <sha1>6226B39E0824A964FEBCE418DCCD190AE603EF7D</sha1>
            <evidenceCollected>
                <evidence>
                    <source>file</source>
                    <name>name</name>
                    <value>xmojo</value>
                </evidence>
                <evidence>
                    <source>jar</source>
                    <name>package</name>
                    <value>javax</value>
                </evidence>
                <evidence>
                    <source>jar</source>
                    <name>package</name>
                    <value>management</value>
                </evidence>
            </evidenceCollected>
        </dependency>
        <dependency>
            <fileName>xmojotools.jar</fileName>
            <filePath>/home/bcraig/Documents/Thesis/Analysis/reports/xmojo/Source/xmojotools.jar</filePath>
            <md5>0555347997817C49C64D078EC056B1C4</md5>
            <sha1>7D6E736F61628D80602E60D820C29DF2216675AC</sha1>
            <evidenceCollected>
                <evidence>
                    <source>file</source>
                    <name>name</name>
                    <value>xmojotools</value>
                </evidence>
                <evidence>
                    <source>jar</source>
                    <name>package</name>
                    <value>adventnet</value>
                </evidence>
                <evidence>
                    <source>jar</source>
                    <name>package</name>
                    <value>agent</value>
                </evidence>
            </evidenceCollected>
        </dependency>
    </dependencies>
</analysis>