JAR File,Vulnerable JAR File Distribution
logging-monitor.jar,1.0
tomcat-i18n-ja.jar,1.0
heritrix-1.14.4.jar,1.0
displaytag-export-poi-1.2.jar,1.0
jakarta-slide-webdavlib.jar,1.0
jboss-seam-ui-2.1.0.SP1.jar,1.0
jboss-seam.jar,1.0
com-jaspersoft-ireport.jar,1.0
juddi-saaj.jar,1.0
richfaces-api-3.3.0.GA.jar,1.0
jasper.jar,1.0
hdfsproxy-2.0.jar,1.0
jopr-jboss-as-5-plugin-2.3.0.EmbJopr.1.2.0-1.jar,1.0
jboss-kernel.jar,1.0
jasper-runtime-tomcat-4.1.30.jar,2.0
org-netbeans-modules-profiler-j2ee-jboss_ja.jar,1.0
derby-10.1.2.1.jar,1.0
jboss-ejb3-proxy-clustered.jar,1.0
console-mgr-classes.jar,1.0
jboss-javaee.jar,1.0
commons-daemon.jar,1.0
tomcat-i18n-fr.jar,1.0
com-jaspersoft-ireport-jasperserver.jar,1.0
org-netbeans-modules-subversion.jar,1.0
webbeans-core.jar,1.0
jboss-classloading-spi.jar,1.0
struts2-core-2.2.1.jar,1.0
jsf-impl.jar,1.0
mail.jar,3.0
jsr299-api.jar,1.0
log4j-snmp-appender.jar,1.0
log4j-boot.jar,1.0
joramtests.jar,1.0
catalina.jar,1.0
jrockit-pluggable-instrumentor.jar,1.0
jnp-client.jar,1.0
jboss-ejb3-core.jar,1.0
buildmagic-tasks.jar,1.0
webbeans-jboss-int-deployer.jar,1.0
commons-fileupload.jar,1.0
shutdown.jar,1.0
xdoclet-jboss-module.jar,1.0
xnio-api.jar,1.0
commons-httpclient.jar,1.0
tomcat-api.jar,1.0
jboss-seam-int-jbossas.jar,1.0
spring-core.jar,1.0
jbossas-remoting.jar,1.0
velocity.jar,1.0
org.jboss.seam-jboss-seam-2.1.0.SP1.jar,1.0
jboss-ejb3-proxy-spi-client.jar,1.0
hadoop-core-1.0.0.jar,1.0
org-netbeans-api-debugger.jar,1.0
run.jar,1.0
jruby-3977.so.jar,1.0
jsp-2.1.jar,2.0
org.rssowl.lib.httpclient_2.0.5.201006012245.jar,1.0
org-netbeans-modules-db-mysql.jar,1.0
struts2-testng-plugin-2.2.1.jar,1.0
jboss-ejb3-as-int.jar,1.0
jbossws-native-core.jar,1.0
maven-it-plugin-0.1.jar,1.0
jarbundler-2.0.0.jar,1.0
nakedobjects-4.0.0-libs-only-with-dependencies.jar,1.0
svnClientAdapter.jar,1.0
jarbundler.jar,1.0
i18nlog-1.0.9.jar,1.0
jbosssx.jar,1.0
jdom-1.0.jar,1.0
jsp-api-2.1.jar,2.0
org.eclipse.core.net.linux.x86_1.0.0.I20080521.jar,1.0
pluggable-instrumentor.jar,1.0
bootstrap.jar,1.0
jbossha.jar,1.0
poi-3.6-20091214.jar,1.0
poi-2.0-RC1-20031102.jar,2.0
ejb-management.jar,1.0
jbossall-client.jar,1.0
struts2-tiles-plugin-2.2.1.jar,1.0
bsh-deployer.jar,1.0
org-netbeans-modules-projectimport-eclipse-j2se.jar,1.0
batik-gui-util.jar,1.0
servlet-api-2.5-20081211.jar,1.0
jboss-ejb3-proxy-spi.jar,1.0
jboss-ejb3-proxy-impl.jar,1.0
applet.jar,1.0
maven-core-3.0.jar,1.0
jbossxacml.jar,1.0
org.springframework.core-3.0.5.RELEASE.jar,1.0
gt-mysql-2.7-M3.jar,1.0
joesnmp.jar,1.0
AppleJavaExtensions.jar,2.0
gt-epsg-postgresql-2.7-M3.jar,1.0
struts-core-1.3.10.jar,1.0
properties-plugin.jar,1.0
hsqldb-plugin.jar,1.0
poi-3.1-FINAL-20080629.jar,1.0
mail-1.4.jar,1.0
quartz-jboss-1.8.3.jar,1.0
jbosscx-client.jar,1.0
jbossjmx-ant.jar,1.0
org-netbeans-modules-websvc-saas-services-facebook_ja.jar,1.0
jetty-4.2.23.jar,2.0
gt-oracle-spatial-2.7-M3.jar,1.0
twiddle.jar,1.0
org-netbeans-libs-bugtracking.jar,1.0
test_jruby_1332.jar,1.0
jmx-client.jar,1.0
snmp-adaptor.jar,1.0
scheduler-plugin.jar,1.0
snmpTrapAppender.jar,1.0
mysql-connector-java-3.1.6-bin.jar,1.0
derby-plugin.jar,1.0
icu4j-49.1.jar,1.0
org-netbeans-modules-projectimport-eclipse-core.jar,1.0
myfaces-api-1.1.3.jar,1.0
javamail-crypto-bouncycastle-openpgp.jar,1.0
slf4j-jboss-logging.jar,1.0
gt-arcsde-2.7-M3.jar,1.0
org-netbeans-modules-subversion_ja.jar,1.0
org-netbeans-modules-db-mysql_ja.jar,1.0
gt-db2-2.7-M3.jar,1.0
svnant.jar,1.0
jbosscache-core.jar,1.0
jnpserver.jar,1.0
mysql-connector-java-5.1.7-bin.jar,1.0
geronimo-spec-servlet-2.4-rc4.jar,1.0
org-netbeans-modules-websvc-saas-services-facebook.jar,1.0
gnu-regexp-1.1.4.jar,2.0
jruby.jar,1.0
jakarta-poi-2.5.jar,1.0
jakarta-slide-webdavlib-2.1.jar,1.0
mail-plugin.jar,1.0
jsf-facelets-1.1.15.B1.jar,1.0
org.rssowl.core_2.0.5.201006012245.jar,1.0
autonumber-plugin.jar,1.0
jetty-6.1.26.jar,1.0
